row_id,parent_asin,year_month,risk_probability,current_review_count,review_evidence_confidence,s45_raw_score,s45_raw_mil_score,mil_score_change,model_consistency_confidence,operational_confidence,confidence_level
24838,B0BNN6GLK7,2023-01,0.9110028351354668,8.0,0.4444444444444444,0.9067601987180256,0.9110028351354668,0.004242636417441159,0.9831726429001367,0.606062903981152,보통
24937,B0CBS9VSJJ,2023-01,0.8629928924024971,10.0,0.5,0.8527882898831185,0.8629928924024971,0.010204602519378603,0.9600034410711983,0.6380010323213594,보통
24744,B09JY8YPTK,2023-01,0.8439358915196827,18.0,0.6428571428571429,0.8271193257040613,0.8439358915196827,0.01681656581562141,0.9349462263593236,0.7304838679077971,보통
24651,B07RZ4MGXR,2023-01,0.8050022510662129,10.0,0.5,0.8173115057914622,0.8050022510662129,-0.012309254725249241,0.9519554715172771,0.6355866414551832,보통
24828,B0BKYCRTZK,2023-01,0.796506177235621,8.0,0.4444444444444444,0.791768534790507,0.796506177235621,0.004737642445113988,0.9812278633527941,0.6054794701169492,보통
24770,B09W5PBYKD,2023-01,0.7955410979052756,10.0,0.5,0.7876135393930123,0.7955410979052756,0.007927558512263344,0.9687872629738711,0.6406361788921613,보통
24751,B09MJWFL31,2023-01,0.7895905788540377,8.0,0.4444444444444444,0.7761313033561508,0.7895905788540377,0.013459275497886947,0.9475864538761898,0.595387047273968,보통
24806,B0BBV3C32X,2023-01,0.7638855237404146,10.0,0.5,0.7698290990710535,0.7638855237404146,-0.005943575330638828,0.9765060810192254,0.6429518243057676,보통
24852,B0BTM1TJGP,2023-01,0.7398904517164283,8.0,0.4444444444444444,0.7375773313518835,0.7398904517164283,0.002313120364544785,0.9907901910381478,0.6083481684225553,보통
24874,B0BYPL3SLD,2023-01,0.7076770811710099,26.0,0.7222222222222222,0.6740688311735158,0.7076770811710099,0.03360824999749412,0.8742114490902995,0.7678189902826453,높음
24941,B0CFMQLYHG,2023-01,0.7042855536574907,8.0,0.4444444444444444,0.6745470528488807,0.7042855536574907,0.029738500808609958,0.8878486379884072,0.5774657025076332,보통
24858,B0BVYFL4G2,2023-01,0.6612650062506937,30.0,0.75,0.6759277210706742,0.6612650062506937,-0.014662714819980494,0.9430359639416137,0.8079107891824839,높음
24604,B06VW9HKXF,2023-01,0.6603468792918704,14.0,0.5833333333333334,0.6748948304736216,0.6603468792918704,-0.014547951181751229,0.9434689682731265,0.6913740238152712,보통
24815,B0BH4YNB3T,2023-01,0.5327077757714882,39.0,0.7959183673469388,0.5382838944358628,0.5327077757714882,-0.005576118664374574,0.9779424310298811,0.8505255864518213,높음
24655,B07THLMZ37,2023-01,0.5031793904459946,15.0,0.6,0.49772446732220554,0.5031793904459946,0.005454923123789035,0.9784166350097703,0.7135249905029311,보통
24939,B0CC9G6H6S,2023-01,0.46693865749043145,16.0,0.6153846153846154,0.4442077955297405,0.46693865749043145,0.022730861960690962,0.9130876070499464,0.7046955128842147,보통
24622,B07GXBTH82,2023-01,0.4537427341905037,18.0,0.6428571428571429,0.4304319067520959,0.4537427341905037,0.02331082743840779,0.9109718249990477,0.7232915474997144,보통
24940,B0CDGZZPSY,2023-01,0.45237125575191256,9.0,0.47368421052631576,0.45494481261590314,0.45237125575191256,-0.002573556863990578,0.9897585767553114,0.6285065203950144,보통
24915,B0C6CLBBQ1,2023-01,0.4346801091705575,10.0,0.5,0.4206200728063455,0.4346801091705575,0.014060036364211992,0.9453120962250035,0.633593628867501,보통
24628,B07HR81PD2,2023-01,0.4322133641219295,13.0,0.5652173913043478,0.43860863891191015,0.4322133641219295,-0.006395274789980643,0.974743324895386,0.6880751713816592,보통
24686,B085J2JV64,2023-01,0.429652926626272,26.0,0.7222222222222222,0.41350572156018184,0.429652926626272,0.016147205066090187,0.9374528457545535,0.7867914092819215,높음
24668,B07YFDB6Y6,2023-01,0.424658813642688,11.0,0.5238095238095238,0.424612992627928,0.424658813642688,4.582101475997247e-05,0.9998167327364571,0.6666116864876037,보통
24696,B08C6GQKQW,2023-01,0.41239279620168656,9.0,0.47368421052631576,0.40213567341496753,0.41239279620168656,0.01025712278671903,0.9598017837046463,0.6195194824798149,보통
24633,B07N82GT4R,2023-01,0.4038282052145628,9.0,0.47368421052631576,0.4111782922848394,0.4038282052145628,-0.0073500870702765675,0.9710276373931359,0.6228872385863617,보통
24854,B0BTSQRXNZ,2023-01,0.38684017405229437,48.0,0.8275862068965517,0.3886915959655972,0.38684017405229437,-0.001851421913302842,0.9926216668835594,0.8770968448926539,높음
24748,B09LM1H5N9,2023-01,0.38274748482201965,24.0,0.7058823529411765,0.3516074525511287,0.38274748482201965,0.03114003227089096,0.8828851726939914,0.7589831988670209,높음
24699,B08DBMRW2H,2023-01,0.37614648308842313,20.0,0.6666666666666666,0.39482799665037477,0.37614648308842313,-0.018681513561951635,0.9279976725307832,0.7450659684259016,보통
24577,B0028BAAWW,2023-01,0.375314221575681,16.0,0.6153846153846154,0.3877560698799176,0.375314221575681,-0.012441848304236613,0.9514507126526578,0.7162044445650282,보통
24786,B0B2QP5MFN,2023-01,0.3562575813345049,19.0,0.6551724137931034,0.3618083347852419,0.3562575813345049,-0.005550753450736967,0.9780416589384237,0.7520331873366994,높음
24647,B07QJWX98P,2023-01,0.3390846177257631,18.0,0.6428571428571429,0.34684017644708304,0.3390846177257631,-0.007755558721319944,0.9694540171375249,0.7408362051412575,보통
24718,B08SBJRJGV,2023-01,0.3315670094320229,20.0,0.6666666666666666,0.32512274257294943,0.3315670094320229,0.006444266859073455,0.9745523248416887,0.7590323641191732,높음
24637,B07PGRX339,2023-01,0.3275147595532113,11.0,0.5238095238095238,0.3309700925387706,0.3275147595532113,-0.0034553329855592785,0.986273744136036,0.6625487899074773,보통
24649,B07RHYHS9Y,2023-01,0.3273354304736804,24.0,0.7058823529411765,0.327399677016358,0.3273354304736804,-6.424654267761509e-05,0.999743046847407,0.7940405611130457,높음
24932,B0C94VM8NS,2023-01,0.323715222483055,44.0,0.8148148148148148,0.32022264797003264,0.323715222483055,0.003492574513022373,0.9861268337157311,0.8662084204850896,높음
24923,B0C7CC35KH,2023-01,0.3149939068293658,19.0,0.6551724137931034,0.3243729840585866,0.3149939068293658,-0.009379077229220822,0.9631787091912156,0.7475743024125371,보통
24857,B0BVR77MZJ,2023-01,0.29762581385559833,12.0,0.5454545454545454,0.32432125785545485,0.29762581385559833,-0.026695443999856516,0.8987217742535067,0.6514347140942338,보통
24919,B0C6SGRVBX,2023-01,0.2930760145928362,27.0,0.7297297297297297,0.2695500751370887,0.2930760145928362,0.023525939455747547,0.910188318182791,0.783867306265648,높음
24588,B00ZYDKI1Y,2023-01,0.28725894384735406,26.0,0.7222222222222222,0.2950599882964645,0.28725894384735406,-0.00780104444911045,0.9692776478964622,0.7963388499244941,높음
24599,B01FF4ASTS,2023-01,0.2725664981693395,17.0,0.6296296296296297,0.2651354316222765,0.2725664981693395,0.007431066547062992,0.9707131550890256,0.7319546872674484,보통
24731,B099QHBFP2,2023-01,0.2707982508656554,43.0,0.8113207547169812,0.27313387224939195,0.2707982508656554,-0.0023356213837365525,0.990701019894677,0.8651348342702898,높음
24878,B0C195VN2X,2023-01,0.26943842026204684,47.0,0.8245614035087719,0.28262786955466396,0.26943842026204684,-0.013189449292617117,0.9486097406240726,0.8617759046433622,높음
24713,B08NV72Z13,2023-01,0.2630635114533746,15.0,0.6,0.2728648268662742,0.2630635114533746,-0.009801315412899636,0.9615533188664017,0.7084659956599204,보통
24794,B0B69H9K31,2023-01,0.25978304395831087,19.0,0.6551724137931034,0.26070887831392214,0.25978304395831087,-0.0009258343556112769,0.9963035114743866,0.7575117430974884,높음
24753,B09MQLYPRR,2023-01,0.24692771035224584,29.0,0.7435897435897436,0.25101893657445157,0.24692771035224584,-0.004091226222205729,0.9837682726980248,0.815643302322228,높음
24591,B014ITW6FK,2023-01,0.24082947138335323,23.0,0.696969696969697,0.2531090690897879,0.24082947138335323,-0.012279597706434692,0.9520684068611135,0.7734993099371219,높음
24652,B07SBW92N5,2023-01,0.23402445754459553,17.0,0.6296296296296297,0.24928275883758932,0.23402445754459553,-0.015258301292993798,0.940792000097197,0.7229783407698998,보통
24592,B01ALBMIEI,2023-01,0.2235339078565524,23.0,0.696969696969697,0.20566238401381667,0.2235339078565524,0.017871523842735715,0.9310092228427546,0.7671815547316142,높음
24934,B0C9TTZW3K,2023-01,0.22155059005063618,89.0,0.898989898989899,0.19929203345455146,0.22155059005063618,0.022258556596084722,0.9148142622540798,0.9037372079691532,높음
24776,B09XFQCQXT,2023-01,0.21698668779600383,57.0,0.8507462686567164,0.22548521392388496,0.21698668779600383,-0.008498526127881129,0.9665772030654705,0.8854955489793426,높음
24683,B0838R8WCF,2023-01,0.21101261885915426,19.0,0.6551724137931034,0.22138260193598802,0.21101261885915426,-0.01036998307683376,0.9593685874622645,0.7464312658938517,보통
24837,B0BN2SQ78H,2023-01,0.20197034596748348,23.0,0.696969696969697,0.21285354684848679,0.20197034596748348,-0.010883200881003308,0.9574011474443149,0.7750991321120824,높음
24672,B081JBKY7K,2023-01,0.20087829045307717,75.0,0.8823529411764706,0.1837930539454463,0.20087829045307717,0.017085236507630885,0.9339419954722803,0.8978296574652134,높음
24855,B0BTV3G59T,2023-01,0.18544685852717235,63.0,0.863013698630137,0.19128215251955663,0.18544685852717235,-0.005835293992384277,0.9769291221686015,0.8971883256916764,높음
24480,B0BNN6GLK7,2022-12,0.9003433215595463,7.0,0.4117647058823529,0.8935072304251218,0.9003433215595463,0.006836091134424516,0.9730261081377248,0.5801431265589645,보통
24415,B09W3YPC6N,2022-12,0.85479899050601,7.0,0.4117647058823529,0.8561766078416558,0.85479899050601,-0.0013776173356457866,0.9945046854441639,0.5865866997508962,보통
24442,B0B7H9HJX7,2022-12,0.8543340734994567,6.0,0.375,0.8500862194720097,0.8543340734994567,0.0042478540274469845,0.9831521238685819,0.5574456371605745,보통
24439,B0B5Q2WHF2,2022-12,0.8132084058066242,5.0,0.3333333333333333,0.8127473446286193,0.8132084058066242,0.00046106117800492896,0.9981574548622884,0.5327805697920198,보통
24392,B09JY8YPTK,2022-12,0.8050624881647962,17.0,0.6296296296296297,0.7821475226222979,0.8050624881647962,0.022914965542498278,0.912415443779807,0.7144653738746828,보통
24575,B0CFMQLYHG,2022-12,0.7963974221530918,10.0,0.5,0.7751166038715205,0.7963974221530918,0.021280818281571356,0.9183990634993183,0.6255197190497954,보통
24309,B07THLMZ37,2022-12,0.7220403000034613,8.0,0.4444444444444444,0.7183903225464836,0.7220403000034613,0.0036499774569777044,0.9855061520635126,0.6067629567301649,보통
24495,B0BTM1TJGP,2022-12,0.7032385341853896,9.0,0.47368421052631576,0.6928900864811577,0.7032385341853896,0.010348447704231933,0.959451232461769,0.6194143171069517,보통
24258,B06VW9HKXF,2022-12,0.6223176227377004,8.0,0.4444444444444444,0.6455720183029146,0.6223176227377004,-0.023254395565214137,0.911177479595168,0.5844643549896615,보통
24471,B0BKYCRTZK,2022-12,0.6208892860449037,15.0,0.6,0.6158779295359156,0.6208892860449037,0.005011356508988096,0.980154147777898,0.7140462443333694,보통
24555,B0C6SGRVBX,2022-12,0.6186596651623821,12.0,0.5454545454545454,0.5957967974341486,0.6186596651623821,0.022862867728233538,0.912605602994167,0.6555998627164319,보통
24393,B09LM1H5N9,2022-12,0.5897447854627978,17.0,0.6296296296296297,0.557860576165905,0.5897447854627978,0.03188420929689284,0.8802609888978065,0.7048190374100827,보통
24417,B09W5PBYKD,2022-12,0.5642546040588796,16.0,0.6153846153846154,0.5595918530275868,0.5642546040588796,0.004662751031292767,0.981521849552549,0.7252257856349955,보통
24338,B085J2JV64,2022-12,0.5533579287707744,18.0,0.6428571428571429,0.5410359603741121,0.5533579287707744,0.01232196839666233,0.9519070613519703,0.7355721184055911,보통
24572,B0CBS9VSJJ,2022-12,0.5472988262411573,18.0,0.6428571428571429,0.5183350789913643,0.5472988262411573,0.028963747249793004,0.8906043613638093,0.7171813084091427,보통
24574,B0CC9G6H6S,2022-12,0.5181313168712555,18.0,0.6428571428571429,0.4903672347061142,0.5181313168712555,0.027764082165141257,0.894888339647773,0.7184665018943319,보통
24459,B0BH4YNB3T,2022-12,0.5139454526138545,38.0,0.7916666666666666,0.525515591977962,0.5139454526138545,-0.011570139364107557,0.9547740556303671,0.8405988833557767,높음
24245,B014ITW6FK,2022-12,0.5053458213436118,13.0,0.5652173913043478,0.5169241354869744,0.5053458213436118,-0.011578314143362523,0.9547428358722266,0.6820750246747114,보통
24397,B09MJWFL31,2022-12,0.49029952188267784,18.0,0.6428571428571429,0.46547718124208687,0.49029952188267784,0.024822340640590967,0.9054806579082872,0.7216441973724862,보통
24422,B09XFQCQXT,2022-12,0.4609639981451817,46.0,0.8214285714285714,0.4724861383223709,0.4609639981451817,-0.011522140177189222,0.9549573867427366,0.8614872160228209,높음
24287,B07N82GT4R,2022-12,0.4471543148205719,13.0,0.5652173913043478,0.4397197659910503,0.4471543148205719,0.007434548829521603,0.970699633993625,0.6868620641111309,보통
24363,B08NV72Z13,2022-12,0.42304137059687585,13.0,0.5652173913043478,0.4296064498409592,0.42304137059687585,-0.006565079244083338,0.9740814866542962,0.6878766199093322,보통
24282,B07HR81PD2,2022-12,0.4034676214310182,15.0,0.6,0.4067161728646787,0.4034676214310182,-0.003248551433660485,0.9870898544642666,0.7161269563392799,보통
24551,B0C6CLBBQ1,2022-12,0.3967277798689296,18.0,0.6428571428571429,0.37205384596117436,0.3967277798689296,0.02467393390775524,0.9060183351866987,0.7218055005560096,보통
24399,B09MQLYPRR,2022-12,0.3844824155879036,27.0,0.7297297297297297,0.3876891998865135,0.3844824155879036,-0.0032067842986099326,0.9872547799018427,0.8069872447813636,높음
24349,B08DBMRW2H,2022-12,0.36079062005140927,15.0,0.6,0.3789155452716875,0.36079062005140927,-0.018124925220278254,0.930066024860551,0.6990198074581653,보통
24408,B09QZ4HZ33,2022-12,0.34592105062204864,14.0,0.5833333333333334,0.3313000724526351,0.34592105062204864,0.014620978169413545,0.9431934137340984,0.6912913574535628,보통
24303,B07RZ4MGXR,2022-12,0.33435645149920734,22.0,0.6875,0.34727870669166705,0.33435645149920734,-0.012922255192459708,0.9496241343117157,0.7661372402935147,높음
24247,B01ALBMIEI,2022-12,0.31841317028874755,26.0,0.7222222222222222,0.3031124088473526,0.31841317028874755,0.015300761441394972,0.9406322289936355,0.7877452242536462,높음
24566,B0C94VM8NS,2022-12,0.31670333609059953,36.0,0.782608695652174,0.31959290507217347,0.31670333609059953,-0.0028895689815739423,0.9885082643345969,0.8443785662569008,높음
24368,B08SBJRJGV,2022-12,0.29782233441248035,27.0,0.7297297297297297,0.28102179975428127,0.29782233441248035,0.016800534658199084,0.9350061813621439,0.791312665219454,높음
24346,B08C6GQKQW,2022-12,0.29691826101574964,14.0,0.5833333333333334,0.279925586838289,0.29691826101574964,0.016992674177460643,0.9342878508840741,0.6886196885985556,보통
24559,B0C7CC35KH,2022-12,0.2876056400463672,28.0,0.7368421052631579,0.29607572778785846,0.2876056400463672,-0.008470087741491272,0.9666871609033044,0.8057956219552018,높음
24299,B07QJWX98P,2022-12,0.27791380078781713,22.0,0.6875,0.28220139723025195,0.27791380078781713,-0.004287596442434816,0.982995844931904,0.7761487534795711,높음
24304,B07SBW92N5,2022-12,0.27703456153688355,15.0,0.6,0.29004111470648725,0.27703456153688355,-0.013006553169603696,0.9493039827167343,0.7047911948150203,보통
24335,B0838R8WCF,2022-12,0.2762595738512479,14.0,0.5833333333333334,0.2936621619160682,0.2762595738512479,-0.017402588064820312,0.9327571958410433,0.6881604920856463,보통
24301,B07RHYHS9Y,2022-12,0.2698713386471645,22.0,0.6875,0.2724839870952141,0.2698713386471645,-0.0026126484480495926,0.9896038239322873,0.7781311471796861,높음
24252,B01FF4ASTS,2022-12,0.26601351704496057,19.0,0.6551724137931034,0.2651772030386149,0.26601351704496057,0.0008363140063456509,0.9966603331094557,0.7576187895880091,높음
24240,B00ZYDKI1Y,2022-12,0.263725815658826,26.0,0.7222222222222222,0.26895383005295165,0.263725815658826,-0.005228014394125624,0.9793050832450255,0.7993470805290632,높음
24321,B07YFDB6Y6,2022-12,0.2542154893458996,18.0,0.6428571428571429,0.24590031643109805,0.2542154893458996,0.00831517291480155,0.9672863632307586,0.7401859089692275,보통
24479,B0BN2SQ78H,2022-12,0.24788194508808795,20.0,0.6666666666666666,0.2689499829985243,0.24788194508808795,-0.02106803791043635,0.9191810654157526,0.7424209862913924,보통
24497,B0BTSQRXNZ,2022-12,0.23203752914483808,56.0,0.8484848484848485,0.23601806301705452,0.23203752914483808,-0.003980533872216446,0.9842039516313564,0.8892005794288008,높음
24500,B0BVR77MZJ,2022-12,0.22803233913128038,12.0,0.5454545454545454,0.244337579411455,0.22803233913128038,-0.016305240280174632,0.9368604307744458,0.6628763110505156,보통
24291,B07PGRX339,2022-12,0.21729166743074782,18.0,0.6428571428571429,0.21587372047449963,0.21729166743074782,0.001417946956248195,0.9943442663971853,0.7483032799191556,보통
24378,B099QHBFP2,2022-12,0.21360105730524126,46.0,0.8214285714285714,0.21731340359281717,0.21360105730524126,-0.003712346287575913,0.9852603232638909,0.8705780969791672,높음
24325,B081JBKY7K,2022-12,0.21242689383017266,58.0,0.8529411764705882,0.18847704922286593,0.21242689383017266,0.02394984460730673,0.9086462918302141,0.869652711078476,높음
24569,B0C9TTZW3K,2022-12,0.20612842143567245,64.0,0.8648648648648649,0.18172588363686776,0.20612842143567245,0.02440253779880469,0.9070024286515576,0.8775061340008727,높음
24513,B0BYPL3SLD,2022-12,0.18611306032544356,35.0,0.7777777777777778,0.1588380179606328,0.18611306032544356,0.027275042364810764,0.8966405969959386,0.813436623543226,높음
24498,B0BTV3G59T,2022-12,0.1844417263554363,30.0,0.75,0.18795187764291635,0.1844417263554363,-0.0035101512874800567,0.9860575044371582,0.8208172513311474,높음
24518,B0C195VN2X,2022-12,0.18050906517755738,47.0,0.8245614035087719,0.19112314596723357,0.18050906517755738,-0.010614080789676184,0.9584323259033664,0.8647226802271503,높음
24039,B09B38TTFP,2022-11,0.8954527250513669,6.0,0.375,0.8873171644388815,0.8954527250513669,0.008135560612485326,0.9679815590550963,0.5528944677165288,보통
24107,B0B7H9HJX7,2022-11,0.8584159082702899,10.0,0.5,0.8486692078738564,0.8584159082702899,0.00974670039643355,0.9617634028144144,0.6385290208443243,보통
24226,B0CFMQLYHG,2022-11,0.822961910086649,17.0,0.6296296296296297,0.7991772274083665,0.822961910086649,0.023784682678282487,0.9092467852631185,0.7135147763196763,보통
24046,B09D77LK8K,2022-11,0.8117566410850343,6.0,0.375,0.7919875243980011,0.8117566410850343,0.019769116687033184,0.9239692688183571,0.5396907806455071,보통
24103,B0B5Q2WHF2,2022-11,0.8065675260422002,12.0,0.5454545454545454,0.8025110839441935,0.8065675260422002,0.004056442098006707,0.9839051602919565,0.6769897299057688,보통
23995,B085J2JV64,2022-11,0.7901554686841482,9.0,0.47368421052631576,0.7936461050022641,0.7901554686841482,-0.0034906363181158584,0.9861344789693921,0.6274192910592387,보통
24091,B09YLYYHZN,2022-11,0.7867615255782845,8.0,0.4444444444444444,0.7617131703472152,0.7867615255782845,0.025048355231069297,0.9046624204708834,0.582509837252376,보통
24079,B09W3YPC6N,2022-11,0.7643051029120149,12.0,0.5454545454545454,0.7686770692999793,0.7643051029120149,-0.004371966387964332,0.9826641596800146,0.6766174297221861,보통
24172,B0BY451SMG,2022-11,0.7519165908542219,6.0,0.375,0.7488262112858804,0.7519165908542219,0.0030903795683414614,0.9877145714427994,0.5588143714328397,보통
23905,B01ALBMIEI,2022-11,0.7474261784198705,11.0,0.5238095238095238,0.7339155109551913,0.7474261784198705,0.013510667464679216,0.9473916805701605,0.6508841708377148,보통
24059,B09MJWFL31,2022-11,0.7314123742656193,16.0,0.6153846153846154,0.7152322214203148,0.7314123742656193,0.016180152845304496,0.9373293059379144,0.7119680225506051,보통
24055,B09LM1H5N9,2022-11,0.7256051545999445,20.0,0.6666666666666666,0.7007252857294272,0.7256051545999445,0.024879868870517297,0.9052723190820064,0.7382483623912686,보통
24077,B09TWWTX37,2022-11,0.7008796239921804,7.0,0.4117647058823529,0.6909986649038544,0.7008796239921804,0.00988095908832598,0.9612470410934355,0.5766094064456777,보통
24209,B0C6SGRVBX,2022-11,0.6301367486003595,26.0,0.7222222222222222,0.6021205534398365,0.6301367486003595,0.028016195160523005,0.8939863426151997,0.7737514583401155,높음
24133,B0BKYCRTZK,2022-11,0.6284029443053643,17.0,0.6296296296296297,0.6307271772616024,0.6284029443053643,-0.0023242329562381814,0.990746151029565,0.7379645860496102,보통
24155,B0BTM1TJGP,2022-11,0.6087981338064474,13.0,0.5652173913043478,0.6082637931407237,0.6087981338064474,0.0005343406657237759,0.9978649198701913,0.6950116498741008,보통
23945,B07N82GT4R,2022-11,0.5682644458472308,8.0,0.4444444444444444,0.578283111847239,0.5682644458472308,-0.010018666000008225,0.9607177054476027,0.5993264227453918,보통
24020,B08NV72Z13,2022-11,0.4933193865940374,9.0,0.47368421052631576,0.49791679272728046,0.4933193865940374,-0.004597406133243054,0.9817784328646793,0.6261124772278248,보통
23939,B07HR81PD2,2022-11,0.4882093113690812,16.0,0.6153846153846154,0.4948756607275292,0.4882093113690812,-0.006666349358448009,0.9736869851878919,0.7228753263255984,보통
24141,B0BN2SQ78H,2022-11,0.4694754869290545,17.0,0.6296296296296297,0.4899893177419457,0.4694754869290545,-0.02051383081289121,0.9212209923458432,0.7171070384444936,보통
23910,B01FF4ASTS,2022-11,0.46552132583647843,13.0,0.5652173913043478,0.46336914719479,0.46552132583647843,0.002152178641688429,0.9914282343130194,0.6930806442069493,보통
23904,B014ITW6FK,2022-11,0.43637008562695073,15.0,0.6,0.4410888992430378,0.43637008562695073,-0.004718813616087059,0.9813017676225231,0.7143905302867569,보통
24225,B0CC9G6H6S,2022-11,0.42880331565596974,19.0,0.6551724137931034,0.41223846630218963,0.42880331565596974,0.01656484935378011,0.9358880658572117,0.7393871094123359,보통
23983,B081JBKY7K,2022-11,0.41342014806479727,27.0,0.7297297297297297,0.38072552938984244,0.41342014806479727,0.03269461867495482,0.877412121847484,0.774034447365056,높음
23961,B07RZ4MGXR,2022-11,0.4132742690992475,23.0,0.696969696969697,0.4331522804111476,0.4132742690992475,-0.01987801131190009,0.9235668953096774,0.7649488564716911,높음
23958,B07RHYHS9Y,2022-11,0.40261375618308287,13.0,0.5652173913043478,0.4077929006236792,0.40261375618308287,-0.005179144440596306,0.9794965363326598,0.6895011348128413,보통
24081,B09W5PBYKD,2022-11,0.3946385346788095,25.0,0.7142857142857143,0.3875571453916513,0.3946385346788095,0.00708138928715818,0.972071850342081,0.7916215551026242,높음
24036,B099QHBFP2,2022-11,0.3885592592842089,32.0,0.7619047619047619,0.38455265648027176,0.3885592592842089,0.004006602803937165,0.9841013283995481,0.8285637318531976,높음
23948,B07PGRX339,2022-11,0.37365914851401916,8.0,0.4444444444444444,0.3881626827542077,0.37365914851401916,-0.01450353424018852,0.9436366071888215,0.5942020932677574,보통
24004,B08C6GQKQW,2022-11,0.3648094121337616,13.0,0.5652173913043478,0.34937995423375706,0.3648094121337616,0.01542945790000455,0.9401481294612151,0.6776966127514079,보통
24086,B09XFQCQXT,2022-11,0.3582456334081056,46.0,0.8214285714285714,0.36768148186073085,0.3582456334081056,-0.00943584845262524,0.9629600106890069,0.863888003206702,높음
24178,B0C195VN2X,2022-11,0.3444087617621852,40.0,0.8,0.3581512797680215,0.3444087617621852,-0.013742518005836313,0.9465134747627758,0.8439540424288327,높음
24123,B0BH4YNB3T,2022-11,0.33439009140002873,40.0,0.8,0.33729851714697145,0.33439009140002873,-0.002908425746942722,0.9884337068728348,0.8565301120618504,높음
24023,B08SBJRJGV,2022-11,0.33417206150201884,18.0,0.6428571428571429,0.33350583367379466,0.33417206150201884,0.0006662278282241751,0.9973386364110998,0.7492015909233299,보통
24007,B08DBMRW2H,2022-11,0.32402400820707095,21.0,0.6774193548387096,0.3382554412181981,0.32402400820707095,-0.01423143301112717,0.9446642250419515,0.7575928158996821,높음
23962,B07SBW92N5,2022-11,0.3161823536443066,13.0,0.5652173913043478,0.3278304769925449,0.3161823536443066,-0.011648123348238337,0.9544762737380075,0.6819950560344457,보통
24219,B0C94VM8NS,2022-11,0.31614103719444586,28.0,0.7368421052631579,0.32000609836162897,0.31614103719444586,-0.0038650611671831037,0.9846586514044956,0.8111870691055592,높음
23993,B0838R8WCF,2022-11,0.30804905250775344,15.0,0.6,0.31585840224387296,0.30804905250775344,-0.00780934973611952,0.9692454479150964,0.7107736343745289,보통
24160,B0BVR77MZJ,2022-11,0.2980289606866187,13.0,0.5652173913043478,0.31426622756161926,0.2980289606866187,-0.016237266875000544,0.937115191781433,0.6767867314474734,보통
24157,B0BTV3G59T,2022-11,0.2889897119613293,10.0,0.5,0.3011484697992306,0.2889897119613293,-0.012158757837901324,0.9525287093824234,0.635758612814727,보통
23979,B07YFDB6Y6,2022-11,0.2778778961719022,16.0,0.6153846153846154,0.2666586036231305,0.2778778961719022,0.011219292548771687,0.9561149140292302,0.7176037049779999,보통
24156,B0BTSQRXNZ,2022-11,0.275930416263175,30.0,0.75,0.2860808855510219,0.275930416263175,-0.010150469287846908,0.9602113359326142,0.8130634007797841,높음
24213,B0C7CC35KH,2022-11,0.24999282898704658,24.0,0.7058823529411765,0.2582156387725809,0.24999282898704658,-0.00822280978553433,0.9676437956354658,0.7844107857494633,높음
24061,B09MQLYPRR,2022-11,0.24575222417752832,36.0,0.782608695652174,0.24954461243794115,0.24575222417752832,-0.003792388260412838,0.9849449250366499,0.8433095644675166,높음
23956,B07QJWX98P,2022-11,0.23838693506691877,26.0,0.7222222222222222,0.22298923861928724,0.23838693506691877,0.015397696447631531,0.9402675789289815,0.78763582923425,높음
24071,B09QZ4HZ33,2022-11,0.23798459910516284,26.0,0.7222222222222222,0.22690654270557595,0.23798459910516284,0.011078056399586894,0.9566552185904736,0.7925521211326976,높음
24142,B0BNN6GLK7,2022-11,0.20792162837459582,64.0,0.8648648648648649,0.19047776569537642,0.20792162837459582,0.017443862679219407,0.9326032117783134,0.8851863689388995,높음
24222,B0C9TTZW3K,2022-11,0.2068012401181308,57.0,0.8507462686567164,0.1851489088473081,0.2068012401181308,0.021652331270822694,0.9170352883450361,0.8706329745632123,높음
23898,B00ZYDKI1Y,2022-11,0.17636267635447506,28.0,0.7368421052631579,0.1879009465106523,0.17636267635447506,-0.011538270156177255,0.954895774960021,0.8022582061722168,높음
23693,B09B38TTFP,2022-10,0.8710475330010119,12.0,0.5454545454545454,0.8591422271698594,0.8710475330010119,0.011905305831152457,0.9534948803071053,0.6678666459103133,보통
23641,B085J2JV64,2022-10,0.8709036294398963,7.0,0.4117647058823529,0.87434910809212,0.8709036294398963,-0.0034454786522236658,0.9863126211831852,0.5841290804726026,보통
23749,B09YLYYHZN,2022-10,0.8565204178337064,10.0,0.5,0.8415340213771156,0.8565204178337064,0.014986396456590723,0.9418157803173661,0.6325447340952097,보통
23715,B09MJWFL31,2022-10,0.853960154590187,15.0,0.6,0.8386457914578175,0.853960154590187,0.015314363132369557,0.9405810536301932,0.7021743160890579,보통
23565,B079VRJTM6,2022-10,0.8470292971328297,7.0,0.4117647058823529,0.8371183005528957,0.8470292971328297,0.009910996579933995,0.9611315542317254,0.5765747603871647,보통
23826,B0BY451SMG,2022-10,0.7970738372155584,10.0,0.5,0.7900058397385957,0.7970738372155584,0.007067997476962629,0.9721239229436262,0.6416371768830877,보통
23883,B0CDGZZPSY,2022-10,0.7384143964124807,7.0,0.4117647058823529,0.7509195938929552,0.7384143964124807,-0.012505197480474406,0.9512096487208411,0.5735981887338993,보통
23771,B0B9SH64N5,2022-10,0.6990963529825768,7.0,0.4117647058823529,0.6926030602568073,0.6990963529825768,0.006493292725769484,0.9743612304899696,0.5805436632646379,보통
23580,B07HR81PD2,2022-10,0.6929396197736777,9.0,0.47368421052631576,0.7001528289045513,0.6929396197736777,-0.0072132091308736435,0.9715594320101927,0.6230467769714788,보통
23807,B0BTM1TJGP,2022-10,0.6922572946803252,11.0,0.5238095238095238,0.6792312735950352,0.6922572946803252,0.01302602108528994,0.9492300617153628,0.6514356851812755,보통
23766,B0B7H9HJX7,2022-10,0.6711232605875472,19.0,0.6551724137931034,0.6660651661241043,0.6711232605875472,0.005058094463442964,0.9799709233058354,0.752611966646923,높음
23700,B09D77LK8K,2022-10,0.659941176998943,14.0,0.5833333333333334,0.6264968487698811,0.659941176998943,0.03344432822906185,0.8747848462011676,0.6707687871936836,보통
23785,B0BKYCRTZK,2022-10,0.5839392458340824,19.0,0.6551724137931034,0.5933542901833992,0.5839392458340824,-0.009415044349316837,0.9630401481015117,0.7475327340856259,보통
23793,B0BN2SQ78H,2022-10,0.5821114732008793,15.0,0.6,0.593557298952225,0.5821114732008793,-0.011445825751345673,0.9552489393385077,0.7065746818015524,보통
23728,B09QZ4HZ33,2022-10,0.5693724415061201,12.0,0.5454545454545454,0.5492767264244952,0.5693724415061201,0.020095715081624888,0.9227629894083614,0.6586470786406902,보통
23884,B0CFMQLYHG,2022-10,0.5009854807748954,48.0,0.8275862068965517,0.46952120856171103,0.5009854807748954,0.03146427221318432,0.8817408483759154,0.8438325993403608,높음
23673,B08NV72Z13,2022-10,0.4995602362618434,12.0,0.5454545454545454,0.5103807101497281,0.4995602362618434,-0.010820473887884652,0.9576413971640897,0.6691106009674086,보통
23858,B0C6CLBBQ1,2022-10,0.4935880887271993,7.0,0.4117647058823529,0.47484356989524246,0.4935880887271993,0.018744518831956825,0.9277638270233317,0.5665644422246465,보통
23545,B01FF4ASTS,2022-10,0.49028831026282926,16.0,0.6153846153846154,0.4835367008424999,0.49028831026282926,0.006751609420329374,0.9733549753550269,0.7227757233757388,보통
23744,B09XFQCQXT,2022-10,0.48882177374875774,34.0,0.7727272727272727,0.5113764448069608,0.48882177374875774,-0.022554671058203024,0.9137313447829124,0.8150284943439646,높음
23864,B0C6SGRVBX,2022-10,0.46784813155772653,33.0,0.7674418604651163,0.4372720893039263,0.46784813155772653,0.03057604225380023,0.8848791747373497,0.8026730547467863,높음
23735,B09TWWTX37,2022-10,0.4566429762047542,9.0,0.47368421052631576,0.4553692906995064,0.4566429762047542,0.0012736855052478124,0.9949182141649923,0.6300544116179188,보통
23738,B09W5PBYKD,2022-10,0.4529926922007339,13.0,0.5652173913043478,0.4499047909653025,0.4529926922007339,0.0030879012354314006,0.9877243630334456,0.6919694828230771,보통
23712,B09LM1H5N9,2022-10,0.4452525261666117,30.0,0.75,0.41263112806576235,0.4452525261666117,0.03262139810084935,0.8776691379605365,0.7883007413881609,높음
23762,B0B5Q2WHF2,2022-10,0.444559679392152,21.0,0.6774193548387096,0.44181374314800603,0.444559679392152,0.0027459362441459856,0.9890763561040284,0.7709164552183052,높음
23592,B07PGRX339,2022-10,0.420272538987861,11.0,0.5238095238095238,0.41652621845930843,0.420272538987861,0.0037463205285525603,0.985126438474776,0.6622045982090994,보통
23873,B0C94VM8NS,2022-10,0.3772364857433879,24.0,0.7058823529411765,0.38329293908127143,0.3772364857433879,-0.006056453337883516,0.9760652762990798,0.7869372299485475,높음
23539,B01ALBMIEI,2022-10,0.3723812690538622,28.0,0.7368421052631579,0.34992597037438905,0.3723812690538622,0.022455298679473157,0.9140946156053054,0.7900178583658021,높음
23676,B08SBJRJGV,2022-10,0.3671316135637985,17.0,0.6296296296296297,0.3536219119425334,0.3671316135637985,0.01350970162126508,0.947395340705292,0.7249593429523282,보통
23604,B07RHYHS9Y,2022-10,0.3642921594430327,19.0,0.6551724137931034,0.36400173689375176,0.3642921594430327,0.00029042254928096645,0.9988389843037209,0.7582723849462887,높음
23538,B014ITW6FK,2022-10,0.362426357243936,13.0,0.5652173913043478,0.3772524754439165,0.362426357243936,-0.014826118199980476,0.9424197842793508,0.6783781091968486,보통
23657,B08DBMRW2H,2022-10,0.34641217907412314,18.0,0.6428571428571429,0.35563441842999927,0.34641217907412314,-0.009222239355876127,0.9637831503715317,0.7391349451114595,보통
23882,B0CC9G6H6S,2022-10,0.34453892456964536,18.0,0.6428571428571429,0.32491057932899603,0.34453892456964536,0.019628345240649325,0.9244896892868338,0.7273469067860501,보통
23867,B0C7CC35KH,2022-10,0.3338039923028143,23.0,0.696969696969697,0.34267107343326236,0.3338039923028143,-0.00886708113044804,0.9651533054383127,0.7774247795102817,높음
23638,B0838R8WCF,2022-10,0.3247314375367795,16.0,0.6153846153846154,0.3380262779798988,0.3247314375367795,-0.013294840443119293,0.948209924616364,0.71523220815414,보통
23590,B07N82GT4R,2022-10,0.31818407709466034,13.0,0.5652173913043478,0.3157246113834449,0.31818407709466034,0.0024594657112154694,0.9902103706268017,0.6927152851010839,보통
23690,B099QHBFP2,2022-10,0.30192311704457914,43.0,0.8113207547169812,0.3066194924420357,0.30192311704457914,-0.0046963753974565425,0.9813898462295357,0.8623414821707475,높음
23878,B0C9TTZW3K,2022-10,0.2856834308045197,49.0,0.8305084745762712,0.2551880697526408,0.2856834308045197,0.03049536105187889,0.885164793284458,0.8469053701887271,높음
23608,B07SBW92N5,2022-10,0.27849548052397827,19.0,0.6551724137931034,0.29353239159289224,0.27849548052397827,-0.015036911068913972,0.9416254977060275,0.7411083389669806,보통
23625,B07YFDB6Y6,2022-10,0.2763327622416727,18.0,0.6428571428571429,0.27149955493859584,0.2763327622416727,0.004833207303076847,0.9808528514277213,0.7442558554283164,보통
23812,B0BVR77MZJ,2022-10,0.2596848615021112,13.0,0.5652173913043478,0.27714137146647455,0.2596848615021112,-0.017456509964363376,0.9325560333766987,0.6754189839260529,보통
23629,B081JBKY7K,2022-10,0.2545683048806482,45.0,0.8181818181818182,0.2250519665482036,0.2545683048806482,0.029516338332444575,0.8886379752662129,0.8393186653071366,높음
23607,B07RZ4MGXR,2022-10,0.252077513162073,39.0,0.7959183673469388,0.26247450298795905,0.252077513162073,-0.01039698982588605,0.959264955353137,0.8449223437487982,높음
23831,B0C195VN2X,2022-10,0.2508001010267987,36.0,0.782608695652174,0.2656358394927521,0.2508001010267987,-0.014835738465953374,0.9423835196611743,0.8305411428548739,높음
23601,B07QJWX98P,2022-10,0.24895269676021384,20.0,0.6666666666666666,0.243296900366444,0.24895269676021384,0.005655796393769841,0.9776307997631275,0.7599559065956049,높음
23532,B00ZYDKI1Y,2022-10,0.21847142527879101,26.0,0.7222222222222222,0.21938229473496593,0.21847142527879101,-0.000910869456174912,0.9963631515868147,0.8044645010315999,높음
23809,B0BTV3G59T,2022-10,0.21084061722221453,13.0,0.5652173913043478,0.21869388441428533,0.21084061722221453,-0.0078532671920708,0.969075195692564,0.6863747326208126,보통
23808,B0BTSQRXNZ,2022-10,0.20860637568148702,25.0,0.7142857142857143,0.20896767306627803,0.20860637568148702,-0.00036129738479101503,0.9985558542443558,0.7995667562733066,높음
23717,B09MQLYPRR,2022-10,0.19988443166906145,41.0,0.803921568627451,0.19852029988437067,0.19988443166906145,0.0013641317846907752,0.9945583326655179,0.861112597838871,높음
23349,B09MJWFL31,2022-09,0.8475597420140171,16.0,0.6153846153846154,0.8276022341792901,0.8475597420140171,0.01995750783472694,0.9232732605709326,0.7077512089405106,보통
23446,B0BVVWZJGM,2022-09,0.8154183892825717,14.0,0.5833333333333334,0.7967056760151181,0.8154183892825717,0.018712713267453607,0.9278818667407888,0.68669789335557,보통
23267,B085J2JV64,2022-09,0.7961664996634443,14.0,0.5833333333333334,0.7946968275077153,0.7961664996634443,0.0014696721557290182,0.9941385570565046,0.7065749004502847,보통
23366,B09S5XBR86,2022-09,0.7938393899337676,9.0,0.47368421052631576,0.789762085134433,0.7938393899337676,0.004077304799334547,0.9838230560398608,0.6267258641803792,보통
23314,B091GNM136,2022-09,0.7780650419512274,11.0,0.5238095238095238,0.7932165376613912,0.7780650419512274,-0.015151495710163831,0.9411940133171636,0.6490248706618157,보통
23471,B0C33X58J7,2022-09,0.773233446616699,11.0,0.5238095238095238,0.7537943320845413,0.773233446616699,0.019439114532157742,0.925189721544199,0.6442235831299263,보통
23190,B079VRJTM6,2022-09,0.7654494305369942,13.0,0.5652173913043478,0.7529665291743075,0.7654494305369942,0.012482901362686705,0.9512944856333272,0.6810405196030416,보통
23460,B0BY451SMG,2022-09,0.751509511921723,16.0,0.6153846153846154,0.7426993929802975,0.751509511921723,0.008810118941425471,0.9653732394732899,0.7203812026112177,보통
23407,B0B9SH64N5,2022-09,0.7475669444289945,11.0,0.5238095238095238,0.7437534948773045,0.7475669444289945,0.0038134495516900513,0.984861951683918,0.662125252171842,보통
23386,B09YLYYHZN,2022-09,0.7370820746451009,13.0,0.5652173913043478,0.7142203602610918,0.7370820746451009,0.02286171438400908,0.9126098131974842,0.6694351178722886,보통
23355,B09NR62M32,2022-09,0.6822638669504681,11.0,0.5238095238095238,0.6503277931630402,0.6822638669504681,0.03193607378742791,0.8800783906882792,0.6306901838731505,보통
23374,B09W5PBYKD,2022-09,0.6717547017741003,10.0,0.5,0.6643165552056591,0.6717547017741003,0.007438146568441217,0.9706856647987304,0.6412056994396191,보통
23518,B0CDGZZPSY,2022-09,0.6612207535041927,9.0,0.47368421052631576,0.6696600249806112,0.6612207535041927,-0.00843927147641843,0.9668063269988332,0.621620845468071,보통
23420,B0BKYCRTZK,2022-09,0.6391562270285707,18.0,0.6428571428571429,0.6445917214757833,0.6391562270285707,-0.0054354944472125855,0.9784926753258919,0.7435478025977675,보통
23162,B014ITW6FK,2022-09,0.5967354321661921,12.0,0.5454545454545454,0.60989916712144,0.5967354321661921,-0.013163734955247919,0.9487073171258251,0.6664303769559293,보통
23333,B09D77LK8K,2022-09,0.5729318170908287,14.0,0.5833333333333334,0.5363562281393909,0.5729318170908287,0.036575588951437865,0.8638964595822503,0.6675022712080083,보통
23326,B09B38TTFP,2022-09,0.5602462418367216,26.0,0.7222222222222222,0.5364838404974185,0.5602462418367216,0.023762401339303074,0.9093278258178026,0.7783539033008964,높음
23427,B0BN2SQ78H,2022-09,0.559040047307173,16.0,0.6153846153846154,0.5773464403882177,0.559040047307173,-0.018306393081044647,0.929391161454608,0.7095865792056132,보통
23300,B08NV72Z13,2022-09,0.5586633872257759,10.0,0.5,0.569672624751806,0.5586633872257759,-0.011009237526030113,0.956918598577941,0.6370755795733822,보통
23232,B07SBW92N5,2022-09,0.5024759004972236,12.0,0.5454545454545454,0.5269803785773399,0.5024759004972236,-0.024504478080116354,0.9066326637136561,0.6538079809322785,보통
23163,B01ALBMIEI,2022-09,0.4888674408260366,25.0,0.7142857142857143,0.4627006704645539,0.4888674408260366,0.02616677036148274,0.900624307223683,0.7701872921671049,높음
23441,B0BTSQRXNZ,2022-09,0.48818492367048555,10.0,0.5,0.49525496526453383,0.48818492367048555,-0.007070041594048282,0.9721159744356406,0.6416347923306922,보통
23498,B0C6SGRVBX,2022-09,0.48793367461809733,40.0,0.8,0.4565918477641846,0.48793367461809733,0.031341826853912735,0.8821728144516181,0.8246518443354853,높음
23280,B08C6GQKQW,2022-09,0.4769128783937298,22.0,0.6875,0.4581985222174856,0.4769128783937298,0.01871435617624423,0.9278757690597226,0.7596127307179168,높음
23509,B0C94VM8NS,2022-09,0.47425205761815714,18.0,0.6428571428571429,0.47025068879133997,0.47425205761815714,0.004001368826817175,0.9841219316705678,0.7452365795011704,보통
23381,B09XFQCQXT,2022-09,0.4088069609914615,41.0,0.803921568627451,0.41138191861213325,0.4088069609914615,-0.002574957620671725,0.9897530311270912,0.859671007377343,높음
23213,B07N82GT4R,2022-09,0.4019685035640449,10.0,0.5,0.4018255540812238,0.4019685035640449,0.00014294948282111974,0.9994283655139986,0.6498285096541996,보통
23255,B081JBKY7K,2022-09,0.39769576802854856,43.0,0.8113207547169812,0.36357696312938037,0.39769576802854856,0.03411880489916819,0.8724279391079641,0.829652910034276,높음
23231,B07RZ4MGXR,2022-09,0.388706243187026,13.0,0.5652173913043478,0.41074288770077705,0.388706243187026,-0.022036644513751036,0.915626656112305,0.6703401707467349,보통
23364,B09QZ4HZ33,2022-09,0.38510032560341506,21.0,0.6774193548387096,0.3702342075651773,0.38510032560341506,0.014866118038237786,0.9422690097858165,0.7568742513228417,높음
23517,B0CC9G6H6S,2022-09,0.37632553704236954,16.0,0.6153846153846154,0.35488358267766207,0.37632553704236954,0.021441954364707472,0.917807305315604,0.706111422363912,보통
23145,B0028BAAWW,2022-09,0.3763118451057386,16.0,0.6153846153846154,0.37902375743321537,0.3763118451057386,-0.002711912327476751,0.9892109742703735,0.7275325230503429,보통
23347,B09LM1H5N9,2022-09,0.37336411817885456,32.0,0.7619047619047619,0.33944774213285683,0.37336411817885456,0.03391637604599773,0.8731346435328347,0.7952737263931836,높음
23228,B07RHYHS9Y,2022-09,0.37239593695939127,17.0,0.6296296296296297,0.3652925642891128,0.37239593695939127,0.007103372670278496,0.9719863763885233,0.7323366536572977,보통
23464,B0C195VN2X,2022-09,0.3573282522114844,32.0,0.7619047619047619,0.35989428837508364,0.3573282522114844,-0.002566036163599239,0.9897883519140315,0.8302698389075427,높음
23362,B09QGFDJ69,2022-09,0.34532384841745023,13.0,0.5652173913043478,0.3517612981277236,0.34532384841745023,-0.00643744971027338,0.9745788998768666,0.6880258438761033,보통
23204,B07HR81PD2,2022-09,0.3446439807558157,15.0,0.6,0.3524310473369697,0.3446439807558157,-0.007787066581154023,0.9693318431514181,0.7107995529454254,보통
23501,B0C7CC35KH,2022-09,0.34435355276543067,23.0,0.696969696969697,0.36294686596262266,0.34435355276543067,-0.018593313197191985,0.9283251292238396,0.7663763266459398,높음
23216,B07PGRX339,2022-09,0.33315003506349755,14.0,0.5833333333333334,0.3323630760350712,0.33315003506349755,0.0007869590284263484,0.9968571131278982,0.7073904672717027,보통
23224,B07QJWX98P,2022-09,0.3287297389168062,15.0,0.6,0.3207654732685463,0.3287297389168062,0.00796426564825986,0.9686450277929641,0.7105935083378891,보통
23350,B09MQLYPRR,2022-09,0.3247145039582447,32.0,0.7619047619047619,0.3161321902627688,0.3247145039582447,0.008582313695475907,0.9662533087341889,0.8232093259535899,높음
23284,B08DBMRW2H,2022-09,0.32420987880280766,15.0,0.6,0.3387606184082002,0.32420987880280766,-0.014550739605392549,0.9434584451671085,0.7030375335501325,보통
23513,B0C9TTZW3K,2022-09,0.3163609545895295,37.0,0.7872340425531915,0.28289548325756597,0.3163609545895295,0.03346547133196354,0.8747108666654453,0.8134770897868675,높음
23304,B08SBJRJGV,2022-09,0.26728472593171343,18.0,0.6428571428571429,0.2559130320585043,0.26728472593171343,0.011371693873209132,0.9555322389313381,0.7366596716794014,보통
23169,B01FF4ASTS,2022-09,0.25697553667726064,21.0,0.6774193548387096,0.2554239764379849,0.25697553667726064,0.0015515602392757177,0.9938129779766404,0.7723374417800888,높음
23371,B09TWWTX37,2022-09,0.25299482667620576,19.0,0.6551724137931034,0.249499575114126,0.25299482667620576,0.0034952515620797764,0.9861162741326255,0.75445557189496,높음
23445,B0BVR77MZJ,2022-09,0.2466415393681309,20.0,0.6666666666666666,0.26533085375654497,0.2466415393681309,-0.018689314388414063,0.9279687163873456,0.7450572815828702,보통
23442,B0BTV3G59T,2022-09,0.24292948669824396,17.0,0.6296296296296297,0.25798752126587776,0.24292948669824396,-0.015058034567633799,0.9415459393671944,0.723204522550899,보통
23264,B0838R8WCF,2022-09,0.23282240411415192,26.0,0.7222222222222222,0.24655399972855016,0.23282240411415192,-0.01373159561439824,0.9465548284288222,0.7895220040842021,높음
23519,B0CFMQLYHG,2022-09,0.22918809347352057,58.0,0.8529411764705882,0.20479278516258495,0.22918809347352057,0.024395308310935615,0.9070286576830213,0.8691674208343181,높음
23157,B00ZYDKI1Y,2022-09,0.2266227318213128,21.0,0.6774193548387096,0.2391963259879096,0.2266227318213128,-0.012573594166596813,0.9509494459653558,0.7594783821767035,높음
23323,B099QHBFP2,2022-09,0.21265967966010813,43.0,0.8113207547169812,0.22093037291465878,0.21265967966010813,-0.008270693254550654,0.9674584768166196,0.8581620713468726,높음
23249,B07YFDB6Y6,2022-09,0.21173678229528917,19.0,0.6551724137931034,0.2084161391289941,0.21173678229528917,0.003320643166295073,0.9868052514297931,0.7546622650841104,높음
23087,B0BY451SMG,2022-08,0.8588609170147716,9.0,0.47368421052631576,0.8504866084752779,0.8588609170147716,0.008374308539493724,0.9670575859562159,0.6216962231552858,보통
23098,B0C33X58J7,2022-08,0.7951293564922234,10.0,0.5,0.7804256050346158,0.7951293564922234,0.014703751457607606,0.9428811805450551,0.6328643541635165,보통
22836,B07J9J8HPK,2022-08,0.7713518248698993,8.0,0.4444444444444444,0.7640618056220493,0.7713518248698993,0.007290019247849999,0.9712609754870126,0.6024894037572148,보통
22993,B09QGFDJ69,2022-08,0.7118088637125851,6.0,0.375,0.7212176437551596,0.7118088637125851,-0.009408780042574505,0.9630642795194152,0.5514192838558245,보통
22980,B09MJWFL31,2022-08,0.6790058098533954,27.0,0.7297297297297297,0.6505926842584571,0.6790058098533954,0.02841312559493836,0.8925680672770887,0.7785812309939374,높음
22933,B08QHQTK9M,2022-08,0.6758733967743316,9.0,0.47368421052631576,0.659971759373913,0.6758733967743316,0.01590163740041861,0.9383741305840443,0.6130911865436344,보통
22966,B09D77LK8K,2022-08,0.6318747949261811,17.0,0.6296296296296297,0.595883572110893,0.6318747949261811,0.035991222815288104,0.865918148819686,0.7005161853866465,보통
23004,B09TWWTX37,2022-08,0.6036991059539711,11.0,0.5238095238095238,0.5918973715885323,0.6036991059539711,0.011801734365438854,0.9538899815931081,0.6528336611445991,보통
22999,B09S5XBR86,2022-08,0.588240490445542,15.0,0.6,0.5753150120989298,0.588240490445542,0.012925478346612285,0.9496118912507509,0.7048835673752252,보통
23123,B0C6SGRVBX,2022-08,0.5876156217894084,27.0,0.7297297297297297,0.570927804509905,0.5876156217894084,0.016687817279503414,0.935427842195318,0.7914391634694062,높음
22809,B075F6L3VW,2022-08,0.5792690376189504,13.0,0.5652173913043478,0.5909131698844711,0.5792690376189504,-0.011644132265520635,0.9544915114346793,0.6819996273434472,보통
23137,B0C9TTZW3K,2022-08,0.578571591191994,28.0,0.7368421052631579,0.5440309196164207,0.578571591191994,0.03454067157557328,0.8709569874476926,0.7770765699185183,높음
22931,B08NV72Z13,2022-08,0.5596217132671498,13.0,0.5652173913043478,0.5722875582966857,0.5596217132671498,-0.012665845029535827,0.9505986070717114,0.6808317560345568,보통
23034,B0B9SH64N5,2022-08,0.5377266180799792,17.0,0.6296296296296297,0.5286310467790846,0.5377266180799792,0.009095571300894667,0.9642715962503872,0.7300222196158568,보통
23054,B0BN2SQ78H,2022-08,0.5312837239024373,19.0,0.6551724137931034,0.5558633664803033,0.5312837239024373,-0.024579642577866045,0.9063601183319366,0.7305287251547534,보통
23142,B0CDGZZPSY,2022-08,0.5143288561284727,14.0,0.5833333333333334,0.5285418467708304,0.5143288561284727,-0.014212990642357703,0.9447339149964217,0.6917535078322599,보통
22821,B079VRJTM6,2022-08,0.5037323879779692,28.0,0.7368421052631579,0.4759181841254167,0.5037323879779692,0.027814203852552455,0.8947089443770503,0.7842021569973255,높음
23069,B0BTSQRXNZ,2022-08,0.48681046263496824,9.0,0.47368421052631576,0.5010123039846645,0.48681046263496824,-0.01420184134969621,0.9447760483955521,0.6150117618870866,보통
23012,B09XFQCQXT,2022-08,0.4831039097150332,41.0,0.803921568627451,0.48275279303809643,0.4831039097150332,0.00035111667693676907,0.9985965190940569,0.8623240537674328,높음
22785,B00ZYDKI1Y,2022-08,0.48283668833854115,17.0,0.6296296296296297,0.4971359792347742,0.48283668833854115,-0.014299290896233052,0.9444078481721238,0.7240630951923779,보통
23007,B09W5PBYKD,2022-08,0.47412330015787507,20.0,0.6666666666666666,0.471431053100133,0.47412330015787507,0.00269224705774207,0.9892887897333917,0.7634533035866842,높음
23126,B0C7CC35KH,2022-08,0.40988873070165593,20.0,0.6666666666666666,0.4327952526272191,0.40988873070165593,-0.02290652192556314,0.9124462606461876,0.7404005448605229,보통
22978,B09LM1H5N9,2022-08,0.390078964538836,37.0,0.7872340425531915,0.3550077322011939,0.390078964538836,0.03507123233764209,0.8691105650073399,0.8117969992894359,높음
23133,B0C94VM8NS,2022-08,0.3634737938819371,34.0,0.7727272727272727,0.37006115483301105,0.3634737938819371,-0.006587360951073928,0.9739946737299515,0.8331074930280764,높음
22794,B01CYBRSK2,2022-08,0.36075343379095665,9.0,0.47368421052631576,0.3703737720860214,0.36075343379095665,-0.009620338295064756,0.9622496474682517,0.6202538416088965,보통
22960,B09B38TTFP,2022-08,0.35016112877125727,24.0,0.7058823529411765,0.32193015294498334,0.35016112877125727,0.02823097582627393,0.8932186285153544,0.7620832356134298,높음
22937,B08SBJRJGV,2022-08,0.34933289683836966,16.0,0.6153846153846154,0.34241823841097946,0.34933289683836966,0.006914658427390197,0.9727203640740028,0.7225853399914316,보통
22855,B07QJWX98P,2022-08,0.3472747201831439,24.0,0.7058823529411765,0.3504181409741522,0.3472747201831439,-0.0031434207910082668,0.9875050353176293,0.7903691576541123,높음
22834,B07HR81PD2,2022-08,0.34190345780448544,15.0,0.6,0.34828799407968924,0.34190345780448544,-0.0063845362752038,0.9747851949770165,0.7124355584931049,보통
22862,B07RZ4MGXR,2022-08,0.3192492455963331,14.0,0.5833333333333334,0.3359720583685315,0.3192492455963331,-0.016722812772198392,0.9352969083268494,0.6889224058313881,보통
22884,B081JBKY7K,2022-08,0.311167997330908,71.0,0.8765432098765432,0.2836156249006668,0.311167997330908,0.027552372430241223,0.8956464869093845,0.8822741929863955,높음
22880,B07YFDB6Y6,2022-08,0.30835250034687983,16.0,0.6153846153846154,0.28177805840282305,0.30835250034687983,0.02657444194405678,0.89915686826866,0.7005162912498288,보통
23070,B0BTV3G59T,2022-08,0.29501881990501455,17.0,0.6296296296296297,0.3135255396713376,0.29501881990501455,-0.018506719766323065,0.9286467323496657,0.7193347604456404,보통
22844,B07N82GT4R,2022-08,0.29161518668605974,17.0,0.6296296296296297,0.2935488541229396,0.29161518668605974,-0.0019336674368798379,0.9922951658381761,0.7384292904921935,보통
22774,B0028BAAWW,2022-08,0.28761420068236687,19.0,0.6551724137931034,0.3016424827393111,0.28761420068236687,-0.01402828205694423,0.9454321747739342,0.7422503420873526,보통
23141,B0CC9G6H6S,2022-08,0.28583387448793524,19.0,0.6551724137931034,0.2743103821661597,0.28583387448793524,0.01152349232177552,0.9549522217948615,0.7451063561936309,보통
22912,B08DBMRW2H,2022-08,0.2794440782562569,24.0,0.7058823529411765,0.28898286208396506,0.2794440782562569,-0.009538783827708175,0.9625636017040619,0.7828867275700421,높음
22957,B099QHBFP2,2022-08,0.2740695823152645,22.0,0.6875,0.28704096726789147,0.2740695823152645,-0.012971384952626952,0.9494375334237589,0.7660812600271276,높음
23047,B0BKYCRTZK,2022-08,0.27390722667831247,30.0,0.75,0.26927955438095064,0.27390722667831247,0.004627672297361829,0.9816595813904714,0.8194978744171413,높음
22847,B07PGRX339,2022-08,0.27265007306954614,17.0,0.6296296296296297,0.27751440257696397,0.27265007306954614,-0.0048643295074178305,0.9807307538162903,0.7349599668856277,보통
22997,B09QZ4HZ33,2022-08,0.26926041129010325,28.0,0.7368421052631579,0.2556563236896752,0.26926041129010325,0.013604087600428028,0.9470377248698338,0.7999007911451606,높음
22863,B07SBW92N5,2022-08,0.25856789777736167,24.0,0.7058823529411765,0.27023620283383837,0.25856789777736167,-0.011668305056476702,0.9543992250012915,0.780437414559211,높음
22797,B01FF4ASTS,2022-08,0.2579811611618899,18.0,0.6428571428571429,0.25875867744734965,0.2579811611618899,-0.000777516285459745,0.9968947661009632,0.749068429830289,보통
22859,B07RHYHS9Y,2022-08,0.2505952604981362,22.0,0.6875,0.24992792667887276,0.2505952604981362,0.000667333819263427,0.9973342242304796,0.7804502672691438,높음
22908,B08C6GQKQW,2022-08,0.24681892530285168,33.0,0.7674418604651163,0.23975803756233527,0.24681892530285168,0.007060887740516414,0.9721515695162848,0.8288547731804667,높음
22894,B0838R8WCF,2022-08,0.2406255983513719,23.0,0.696969696969697,0.25383235666963966,0.2406255983513719,-0.013206758318267758,0.9485440648563341,0.7724420073356881,높음
22790,B01ALBMIEI,2022-08,0.24019870862142342,38.0,0.7916666666666666,0.2181271971777736,0.24019870862142342,0.022071511443649827,0.9154989646552016,0.8288163560632271,높음
22981,B09MQLYPRR,2022-08,0.22397981068975403,37.0,0.7872340425531915,0.21284822646719956,0.22397981068975403,0.011131584222554475,0.9564504098324631,0.8379989527369729,높음
23091,B0C195VN2X,2022-08,0.2165870252424758,37.0,0.7872340425531915,0.21833654656119678,0.2165870252424758,-0.0017495213187209702,0.9930263443038972,0.8489717330784032,높음
23073,B0BVR77MZJ,2022-08,0.20977820297633362,20.0,0.6666666666666666,0.22033217242402486,0.20977820297633362,-0.010553969447691242,0.9586628042242255,0.7542655079339342,높음
23143,B0CFMQLYHG,2022-08,0.20609581441030553,93.0,0.9029126213592233,0.18867310079487365,0.20609581441030553,0.01742271361543188,0.9326821098547646,0.9118434679078857,높음
22602,B091FY8V8J,2022-07,0.7940594346332733,8.0,0.4444444444444444,0.8054403230904688,0.7940594346332733,-0.011380888457195426,0.9554970966918888,0.5977602401186777,보통
22605,B092ZLBMNN,2022-07,0.7841427612349152,5.0,0.3333333333333333,0.7863975202988172,0.7841427612349152,-0.0022547590639019344,0.9910215132544807,0.5306397873096775,보통
22661,B09XFQCQXT,2022-07,0.7051313034382795,25.0,0.7142857142857143,0.7101183216090051,0.7051313034382795,-0.0049870181707256656,0.9802495737156319,0.7940748721146895,높음
22679,B0B9SH64N5,2022-07,0.663162461769268,14.0,0.5833333333333334,0.6483972834552039,0.663162461769268,0.014765178314064098,0.9426495360968696,0.6911281941623941,보통
22474,B06VW9HKXF,2022-07,0.5774899352322493,9.0,0.47368421052631576,0.5961139668536624,0.5774899352322493,-0.018624031621413017,0.9282110694909155,0.6100422682156956,보통
22657,B09W5PBYKD,2022-07,0.555916192407964,18.0,0.6428571428571429,0.5525065302968908,0.555916192407964,0.003409662111073186,0.9864539365321329,0.7459361809596399,보통
22638,B09NR62M32,2022-07,0.5457896705926115,12.0,0.5454545454545454,0.510134530156478,0.5457896705926115,0.03565514043613349,0.8670830109499619,0.6419430851031703,보통
22512,B07PGRX339,2022-07,0.5217143865047991,14.0,0.5833333333333334,0.5179168266824681,0.5217143865047991,0.003797559822330987,0.9849245504327245,0.7038106984631507,보통
22757,B0C6SGRVBX,2022-07,0.5039814431864458,37.0,0.7872340425531915,0.48047929620895174,0.5039814431864458,0.02350214697749403,0.9102749448479196,0.8241463132416098,높음
22451,B0028BAAWW,2022-07,0.4892593898931381,13.0,0.5652173913043478,0.498019234543694,0.4892593898931381,-0.008759844650555904,0.9655673928146347,0.6853223917574338,보통
22584,B08NV72Z13,2022-07,0.4885644664773945,14.0,0.5833333333333334,0.4950962454544631,0.4885644664773945,-0.006531778977068636,0.9742112439904108,0.7005967065304566,보통
22653,B09TWWTX37,2022-07,0.47816054064277597,18.0,0.6428571428571429,0.4699242115563893,0.47816054064277597,0.008236329086386662,0.9675914695799375,0.7402774408739812,보통
22586,B08QHQTK9M,2022-07,0.43232932638242694,19.0,0.6551724137931034,0.42587854776260686,0.43232932638242694,0.0064507786198200745,0.9745269409659799,0.7509787719449663,높음
22568,B08DBMRW2H,2022-07,0.4204330678426214,12.0,0.5454545454545454,0.43570596044272747,0.4204330678426214,-0.015272892600106058,0.940737092159561,0.66403930946605,보통
22501,B07HR81PD2,2022-07,0.41923973380374147,12.0,0.5454545454545454,0.4310073118378521,0.41923973380374147,-0.01176757803411066,0.9540203160254452,0.6680242766258153,보통
22633,B09MJWFL31,2022-07,0.4143110253979273,31.0,0.7560975609756098,0.38383510787355113,0.4143110253979273,0.030475917524376173,0.8852336388656358,0.7948383843426174,높음
22503,B07J9J8HPK,2022-07,0.41318566061841483,13.0,0.5652173913043478,0.3867935105040713,0.41318566061841483,0.026392150114343538,0.8998127431637333,0.6655959968621634,보통
22470,B01FF4ASTS,2022-07,0.40211881619562195,9.0,0.47368421052631576,0.3965275861357111,0.40211881619562195,0.005591230059910857,0.9778833205168358,0.6249439435234718,보통
22525,B07RZ4MGXR,2022-07,0.39135388113962744,11.0,0.5238095238095238,0.40252345422745517,0.39135388113962744,-0.011169573087827733,0.956305083011306,0.6535581915700585,보통
22709,B0BTSQRXNZ,2022-07,0.38388676786712256,13.0,0.5652173913043478,0.3933432428109922,0.38388676786712256,-0.009456474943869642,0.9628805640215473,0.6845163431195076,보통
22696,B0BN2SQ78H,2022-07,0.3627998302511576,19.0,0.6551724137931034,0.39091375713826076,0.3627998302511576,-0.02811392688710318,0.8936369276023031,0.7267117679358632,보통
22644,B09QGFDJ69,2022-07,0.3585254827370631,13.0,0.5652173913043478,0.36654248826306984,0.3585254827370631,-0.00801700552600676,0.968440704464313,0.6861843852523373,보통
22772,B0CFMQLYHG,2022-07,0.35789635087487903,51.0,0.8360655737704918,0.327642162752052,0.35789635087487903,0.03025418812282704,0.886019116440999,0.8510516365716438,높음
22519,B07QJWX98P,2022-07,0.3533740799413842,22.0,0.6875,0.3476646791513292,0.3533740799413842,0.005709400790054997,0.9774212009995166,0.7744763602998549,높음
22490,B079VRJTM6,2022-07,0.3471712951385127,25.0,0.7142857142857143,0.32669656255231966,0.3471712951385127,0.020474732586193034,0.9213650760411749,0.7764095228123524,높음
22526,B07SBW92N5,2022-07,0.3423726754198753,17.0,0.6296296296296297,0.35797344146958704,0.3423726754198753,-0.015600766049711723,0.9395041299850966,0.7225919797362697,보통
22464,B01ALBMIEI,2022-07,0.34084165431239616,35.0,0.7777777777777778,0.3173285803970282,0.34084165431239616,0.023513073915367944,0.9102351596463046,0.8175149923383358,높음
22522,B07RHYHS9Y,2022-07,0.3126812432281234,21.0,0.6774193548387096,0.3165258742735844,0.3126812432281234,-0.003844631045461011,0.9847391214768891,0.7696152848301634,높음
22766,B0C94VM8NS,2022-07,0.3054539492025278,26.0,0.7222222222222222,0.3117808698236328,0.3054539492025278,-0.006326920621105014,0.9750098724123546,0.7980585172792619,높음
22713,B0BVR77MZJ,2022-07,0.2955883975116883,16.0,0.6153846153846154,0.32244113058899027,0.2955883975116883,-0.02685273307730196,0.8981565156151622,0.7002161854537794,보통
22619,B09D77LK8K,2022-07,0.28903360821308116,20.0,0.6666666666666666,0.2569562939451944,0.28903360821308116,0.032077314267886736,0.8795813203354425,0.7305410627672994,보통
22710,B0BTV3G59T,2022-07,0.28877880205847895,19.0,0.6551724137931034,0.29847650822340555,0.28877880205847895,-0.0096977061649266,0.9619519047200727,0.7472062610711943,보통
22565,B08C6GQKQW,2022-07,0.28342032438757814,31.0,0.7560975609756098,0.2704856211291344,0.28342032438757814,0.012934703258443758,0.9495768515533474,0.814141348148931,높음
22647,B09QZ4HZ33,2022-07,0.2755759118564143,25.0,0.7142857142857143,0.2573733555936653,0.2755759118564143,0.01820255626274897,0.9297772617165331,0.7789331785149599,높음
22542,B07YFDB6Y6,2022-07,0.2716111245282523,17.0,0.6296296296296297,0.2737311468063547,0.2716111245282523,-0.0021200222781023736,0.9915557654218051,0.7382074703672823,보통
22759,B0C7CC35KH,2022-07,0.26063119871080836,21.0,0.6774193548387096,0.2714777121920571,0.26063119871080836,-0.01084651348124871,0.9575416559883362,0.7614560451835976,높음
22631,B09LM1H5N9,2022-07,0.25942793517945545,47.0,0.8245614035087719,0.23965410562225334,0.25942793517945545,0.01977382955720211,0.9239518507937193,0.8543785376942561,높음
22553,B0838R8WCF,2022-07,0.2559918593147064,24.0,0.7058823529411765,0.27189673142256315,0.2559918593147064,-0.015904872107856738,0.9383619891994723,0.7756262438186652,높음
22770,B0C9TTZW3K,2022-07,0.2539291801695135,53.0,0.8412698412698413,0.22939298034360098,0.2539291801695135,0.024536199825912514,0.9065176311283241,0.8608441782273861,높음
22728,B0C195VN2X,2022-07,0.24026687517790546,29.0,0.7435897435897436,0.23815883407997002,0.24026687517790546,0.0021080410979354425,0.9916032865935999,0.8179938064909005,높음
22590,B08SBJRJGV,2022-07,0.22829421189942797,20.0,0.6666666666666666,0.2180385483860091,0.22829421189942797,0.010255663513418861,0.9598073861734631,0.7546088825187055,높음
22610,B099QHBFP2,2022-07,0.22442134393849672,28.0,0.7368421052631579,0.23704402829367133,0.22442134393849672,-0.012622684355174607,0.9507627351467728,0.8010182942282422,높음
22461,B00ZYDKI1Y,2022-07,0.2228511470125809,27.0,0.7297297297297297,0.22924667227049664,0.2228511470125809,-0.00639552525791573,0.9747423483280838,0.8032335153092359,높음
22545,B081JBKY7K,2022-07,0.21573250606936045,85.0,0.8947368421052632,0.19506213208336975,0.21573250606936045,0.020670373985990698,0.9206443294808839,0.9025090883179494,높음
22634,B09MQLYPRR,2022-07,0.1864213780270572,40.0,0.8,0.19280718869192734,0.1864213780270572,-0.006385810664870151,0.9747802259649639,0.852434067789489,높음
22178,B0737B6HGR,2022-06,0.8669276656219518,7.0,0.4117647058823529,0.8691466125561973,0.8669276656219518,-0.0022189469342455137,0.9911634857866153,0.5855843398536316,보통
22174,B06VW9HKXF,2022-06,0.6385834964182779,10.0,0.5,0.6465443949205886,0.6385834964182779,-0.007960898502310632,0.9686580741575483,0.6405974222472645,보통
22191,B079VRJTM6,2022-06,0.6191410095516833,16.0,0.6153846153846154,0.5975907894623758,0.6191410095516833,0.021550220089307515,0.917409923075754,0.7059922076919569,보통
22352,B09XFQCQXT,2022-06,0.6007237718831635,33.0,0.7674418604651163,0.6120894286746423,0.6007237718831635,-0.011365656791478829,0.9555553137148352,0.8238758964400319,높음
22245,B07YXRTY6F,2022-06,0.5969137111810705,5.0,0.3333333333333333,0.6014261444388115,0.5969137111810705,-0.004512433257740978,0.9821121877278727,0.5279669896516951,보통
22344,B09TWWTX37,2022-06,0.5921028614629635,17.0,0.6296296296296297,0.5854404662950237,0.5921028614629635,0.006662395167939872,0.9737023858850251,0.7328514565062483,보통
22302,B092ZLBMNN,2022-06,0.5920877365339813,12.0,0.5454545454545454,0.5877894626094659,0.5920877365339813,0.004298273924515428,0.9829538621463728,0.6767043404620936,보통
22287,B08QHQTK9M,2022-06,0.5405369549686964,15.0,0.6,0.5244491983341283,0.5405369549686964,0.016087756634568073,0.9376757926664154,0.7013027377999246,보통
22379,B0BN2SQ78H,2022-06,0.5122698205003631,14.0,0.5833333333333334,0.5328204114867465,0.5122698205003631,-0.020550590986383455,0.9210855453301855,0.684658996932389,보통
22349,B09W5PBYKD,2022-06,0.4779618407915917,19.0,0.6551724137931034,0.4675394160861006,0.4779618407915917,0.010422424705491096,0.9591673651630157,0.7463708992040771,보통
22285,B08NV72Z13,2022-06,0.46839533749449086,17.0,0.6296296296296297,0.4737430972143463,0.46839533749449086,-0.0053477597198554605,0.978836126739962,0.7343915787627293,보통
22437,B0C7CC35KH,2022-06,0.46686749661636057,17.0,0.6296296296296297,0.4552576433069722,0.46686749661636057,0.011609853309388352,0.9546223962982636,0.7271274596302197,보통
22449,B0CFMQLYHG,2022-06,0.46505749955635023,14.0,0.5833333333333334,0.4440292673545088,0.46505749955635023,0.021028232201841413,0.919327431682413,0.6841315628380572,보통
22448,B0CDGZZPSY,2022-06,0.4639707695574724,11.0,0.5238095238095238,0.4765775970210545,0.4639707695574724,-0.012606827463582104,0.9508230416257848,0.6519135791544021,보통
22243,B07YFDB6Y6,2022-06,0.44157837672273387,15.0,0.6,0.4417725482558596,0.44157837672273387,-0.000194171533125731,0.9992236154100983,0.7197670846230295,보통
22202,B07J9J8HPK,2022-06,0.4338871809591452,10.0,0.5,0.41565787843243884,0.4338871809591452,0.018229302526706348,0.9296777947651129,0.6289033384295338,보통
22161,B00ZYDKI1Y,2022-06,0.43330859698191576,20.0,0.6666666666666666,0.43877091200043883,0.43330859698191576,-0.005462315018523067,0.9783877060263643,0.7601829784745759,높음
22392,B0BTSQRXNZ,2022-06,0.4303765331191409,18.0,0.6428571428571429,0.4487077125559312,0.4303765331191409,-0.0183311794367903,0.9292990211425098,0.728789706342753,보통
22162,B01ALBMIEI,2022-06,0.4241542550494445,28.0,0.7368421052631579,0.3974552574392075,0.4241542550494445,0.026698997610236974,0.8987089995161953,0.785402173539069,높음
22168,B01FF4ASTS,2022-06,0.4070343656865034,11.0,0.5238095238095238,0.41430978149493414,0.4070343656865034,-0.0072754158084307186,0.9713177121473606,0.6580619803108748,보통
22365,B0B9SH64N5,2022-06,0.4054873327848957,18.0,0.6428571428571429,0.38332040636932196,0.4054873327848957,0.022166926415573718,0.9151496220924281,0.7245448866277284,보통
22307,B099QHBFP2,2022-06,0.38968453354585525,23.0,0.696969696969697,0.410662534575318,0.38968453354585525,-0.020978001029462734,0.9195121658193892,0.7637324376246046,높음
22335,B09QGFDJ69,2022-06,0.3874281344510411,13.0,0.5652173913043478,0.39882023031450636,0.3874281344510411,-0.01139209586346529,0.9554542630753943,0.6822884528356616,보통
22411,B0C195VN2X,2022-06,0.3861907694267124,24.0,0.7058823529411765,0.3960282554862103,0.3861907694267124,-0.009837486059497913,0.9614142089089102,0.7825419097314965,높음
22290,B08SBJRJGV,2022-06,0.37913981995247104,15.0,0.6,0.37224853165912264,0.37913981995247104,0.0068912882933483965,0.9728112987454219,0.7118433896236265,보통
22225,B07RZ4MGXR,2022-06,0.37759010275522037,15.0,0.6,0.38250517763664116,0.37759010275522037,-0.004915074881420789,0.9805317038231119,0.7141595111469335,보통
22221,B07RHYHS9Y,2022-06,0.36709138195694396,17.0,0.6296296296296297,0.36070163512323317,0.36709138195694396,0.0063897468337107965,0.9747648784875771,0.7331702042870138,보통
22150,B0028BAAWW,2022-06,0.3498598609271488,12.0,0.5454545454545454,0.35295997980311167,0.3498598609271488,-0.003100118875962843,0.9876760935680864,0.6781210098886077,보통
22325,B09MJWFL31,2022-06,0.34439525576319346,26.0,0.7222222222222222,0.3189971356116942,0.34439525576319346,0.02539812015149928,0.9033976287187138,0.7765748441711697,높음
22211,B07PGRX339,2022-06,0.33186971801662984,24.0,0.7058823529411765,0.32774745251976023,0.33186971801662984,0.004122265496869615,0.9836461384656101,0.7892114885985066,높음
22314,B09D77LK8K,2022-06,0.3053269223965168,19.0,0.6551724137931034,0.28587278473388145,0.3053269223965168,0.019454137662635373,0.9251341262310336,0.7361609275244825,보통
22338,B09QZ4HZ33,2022-06,0.3002855615944503,24.0,0.7058823529411765,0.28585082785344795,0.3002855615944503,0.014434733741002348,0.9438963336042961,0.7772865471401124,높음
22218,B07QJWX98P,2022-06,0.297031551081576,20.0,0.6666666666666666,0.2962764717434868,0.297031551081576,0.0007550793380891596,0.9969842392175144,0.765761938431921,높음
22266,B08C6GQKQW,2022-06,0.28396671074817476,29.0,0.7435897435897436,0.27058480855156924,0.28396671074817476,0.01338190219660551,0.9478797708323948,0.804876751762539,높음
22446,B0C9TTZW3K,2022-06,0.27023215411312596,28.0,0.7368421052631579,0.24625425785578878,0.27023215411312596,0.023977896257337178,0.9085443414389549,0.7883527761158969,높음
22269,B08DBMRW2H,2022-06,0.26220923566706433,19.0,0.6551724137931034,0.2700359812571194,0.26220923566706433,-0.007826745590055084,0.9691780068525547,0.7493740917109388,보통
22323,B09LM1H5N9,2022-06,0.2579493011107903,50.0,0.8333333333333334,0.23309874482030743,0.2579493011107903,0.024850556290482856,0.9053784687741517,0.8549468739655789,높음
22326,B09MQLYPRR,2022-06,0.25707196891854567,25.0,0.7142857142857143,0.2518813814093257,0.25707196891854567,0.005190587509219968,0.9794517035743886,0.7938355110723165,높음
22226,B07SBW92N5,2022-06,0.25230106164036603,16.0,0.6153846153846154,0.2636548790947403,0.25230106164036603,-0.011353817454374249,0.9556005673522975,0.71744940097492,보통
22396,B0BVR77MZJ,2022-06,0.24654347769509058,17.0,0.6296296296296297,0.24655163303213942,0.24654347769509058,-8.15533704884297e-06,0.999967379183875,0.7407309544959032,보통
22255,B0838R8WCF,2022-06,0.24642404191837453,20.0,0.6666666666666666,0.2612163184838337,0.24642404191837453,-0.014792276565459173,0.9425473650178584,0.7494308761720241,보통
22247,B081JBKY7K,2022-06,0.19834177722640595,73.0,0.8795180722891566,0.17696495956648053,0.19834177722640595,0.021376817659925412,0.9180464682447939,0.8910765910758477,높음
22393,B0BTV3G59T,2022-06,0.19539511216728028,27.0,0.7297297297297297,0.20319095810592522,0.19539511216728028,-0.007795845938644935,0.969297803306004,0.801600151802612,높음
21889,B0737B6HGR,2022-05,0.8950544753914691,8.0,0.4444444444444444,0.8965146117518789,0.8950544753914691,-0.0014601363604097584,0.9941764773868973,0.6093640543271802,보통
21923,B07MLWJZH7,2022-05,0.8462452249630278,6.0,0.375,0.8329246887936175,0.8462452249630278,0.013320536169410313,0.9481124698540341,0.5469337409562102,보통
21969,B083BNBSYG,2022-05,0.7823777088948837,7.0,0.4117647058823529,0.7914614273579292,0.7823777088948837,-0.009083718463045565,0.964317314753658,0.5775304885437444,보통
21900,B079VRJTM6,2022-05,0.7471953463317494,12.0,0.5454545454545454,0.7316929277536037,0.7471953463317494,0.015502418578145716,0.9398737941142336,0.6637803200524519,보통
22101,B0BW9SS9PG,2022-05,0.7469065292874665,6.0,0.375,0.7572643355572996,0.7469065292874665,-0.01035780626983307,0.9594153167848113,0.5503245950354434,보통
22070,B0B9SH64N5,2022-05,0.7206175836730497,9.0,0.47368421052631576,0.714190836756099,0.7206175836730497,0.006426746916950776,0.9746206236361497,0.6239651344592659,보통
21912,B07HR81PD2,2022-05,0.6904699024873812,10.0,0.5,0.685011798105227,0.6904699024873812,0.005458104382154105,0.9784041847045671,0.6435212554113701,보통
21885,B06VW9HKXF,2022-05,0.6414312285602822,13.0,0.5652173913043478,0.6609328674662653,0.6414312285602822,-0.01950163890598311,0.9249583628444836,0.6731396827663885,보통
21914,B07J9J8HPK,2022-05,0.6377487709024972,11.0,0.5238095238095238,0.6330106465047353,0.6377487709024972,0.004738124397761889,0.9812259717331497,0.6610344581866116,보통
22000,B08QHQTK9M,2022-05,0.6123734254557549,15.0,0.6,0.6099855989835976,0.6123734254557549,0.002387826472157295,0.9904941629560297,0.7171482488868088,보통
22014,B092ZLBMNN,2022-05,0.5912304495828095,13.0,0.5652173913043478,0.5861927870807181,0.5912304495828095,0.005037662502091367,0.980051017490876,0.6896674791603061,보통
22095,B0BTSQRXNZ,2022-05,0.5782884176693868,18.0,0.6428571428571429,0.5977169664367058,0.5782884176693868,-0.01942854876731903,0.925228823718598,0.7275686471155793,보통
21956,B07YFDB6Y6,2022-05,0.5619244543568861,18.0,0.6428571428571429,0.5374920293048812,0.5619244543568861,0.024432425052004936,0.9068940038877701,0.7220682011663311,보통
21958,B07YXRTY6F,2022-05,0.556999065440907,11.0,0.5238095238095238,0.5654481875523159,0.556999065440907,-0.008449122111408802,0.9667682331244012,0.656697136603987,보통
22134,B0C6CLBBQ1,2022-05,0.5436476981824505,6.0,0.375,0.5231261942088224,0.5436476981824505,0.020521503973628064,0.9211927180727577,0.5388578154218273,보통
21998,B08NV72Z13,2022-05,0.5212877284692788,13.0,0.5652173913043478,0.5384524236093094,0.5212877284692788,-0.017164695140030606,0.9336452036253237,0.6757457350006405,보통
22002,B08SBJRJGV,2022-05,0.5154147829464159,17.0,0.6296296296296297,0.5019573750846583,0.5154147829464159,0.013457407861757531,0.9475935328894198,0.7250188006075666,보통
22052,B09W5PBYKD,2022-05,0.5090355562886714,12.0,0.5454545454545454,0.5057810689872123,0.5090355562886714,0.0032544873014590525,0.9870664178029759,0.6779381071590745,보통
22041,B09QGFDJ69,2022-05,0.49728457642813495,12.0,0.5454545454545454,0.5096901503777163,0.49728457642813495,-0.012405573949581306,0.9515887757110635,0.6672948145315007,보통
21926,B07PGRX339,2022-05,0.49540337307583515,17.0,0.6296296296296297,0.49704135885436274,0.49540337307583515,-0.0016379857785275842,0.9934694740649344,0.738781582960221,보통
22147,B0C9TTZW3K,2022-05,0.4772945229461883,14.0,0.5833333333333334,0.45028621270056696,0.4772945229461883,0.027008310245621336,0.8975977589031406,0.6776126610042755,보통
21871,B00ZYDKI1Y,2022-05,0.4472653238346818,18.0,0.6428571428571429,0.4529976700289691,0.4472653238346818,-0.005732346194287308,0.9773314958179742,0.7431994487453922,보통
22049,B09TWWTX37,2022-05,0.42152424102215047,23.0,0.696969696969697,0.4095535960411749,0.42152424102215047,0.011970644980975553,0.9532457106902257,0.7738525010858556,높음
22112,B0C195VN2X,2022-05,0.4190668574389722,23.0,0.696969696969697,0.43254170773374656,0.4190668574389722,-0.013474850294774354,0.947527421848823,0.7721370144334347,높음
22019,B099QHBFP2,2022-05,0.41477852799143805,27.0,0.7297297297297297,0.42712610763136627,0.41477852799143805,-0.012347579639928219,0.9518095482536598,0.7963536752869087,높음
21861,B0028BAAWW,2022-05,0.39069140490402876,13.0,0.5652173913043478,0.40453512256379026,0.39069140490402876,-0.0138437176597615,0.9461304049567442,0.6794912954000667,보통
22096,B0BTV3G59T,2022-05,0.36877029389695926,17.0,0.6296296296296297,0.38541583506794724,0.36877029389695926,-0.016645541170987987,0.935586040566824,0.7214165529107879,보통
21873,B01ALBMIEI,2022-05,0.35382815625252617,29.0,0.7435897435897436,0.33233069730654263,0.35382815625252617,0.02149745894598354,0.917603557893577,0.7957938878808937,높음
21879,B01FF4ASTS,2022-05,0.33303837339589515,12.0,0.5454545454545454,0.3374389020922619,0.33303837339589515,-0.004400528696366757,0.9825518974659335,0.6765837510579618,보통
22055,B09XFQCQXT,2022-05,0.3310212784366954,29.0,0.7435897435897436,0.34406736402526217,0.3310212784366954,-0.013046085588566791,0.9491538814537068,0.8052589849489327,높음
21982,B08C6GQKQW,2022-05,0.32547164499548703,24.0,0.7058823529411765,0.3236485901878048,0.32547164499548703,0.001823054807682245,0.9927343044885073,0.7919379384053757,높음
22098,B0BVR77MZJ,2022-05,0.31602055775036525,13.0,0.5652173913043478,0.32360984669437637,0.31602055775036525,-0.007589288944011119,0.9700989952086333,0.6866818724756334,보통
22031,B09LM1H5N9,2022-05,0.3130261787670188,33.0,0.7674418604651163,0.29424617138222203,0.3130261787670188,0.018780007384796793,0.9276321363881797,0.8154989432420352,높음
21936,B07RHYHS9Y,2022-05,0.3110860305948366,23.0,0.696969696969697,0.3122964797548486,0.3110860305948366,-0.001210449160012006,0.9951699059624783,0.7864297596675314,높음
21940,B07SBW92N5,2022-05,0.31084248565577427,17.0,0.6296296296296297,0.3228210663316562,0.31084248565577427,-0.011978580675881922,0.9532154525019444,0.726705376491324,보통
21984,B08DBMRW2H,2022-05,0.29780718037918413,23.0,0.696969696969697,0.312026203656473,0.29780718037918413,-0.014219023277288856,0.9447111183322058,0.7712921233784495,높음
21968,B0838R8WCF,2022-05,0.291554506939449,17.0,0.6296296296296297,0.30961205797970853,0.291554506939449,-0.018057551040259523,0.9303167083813801,0.7198357532551547,보통
22138,B0C7CC35KH,2022-05,0.28951128292207967,29.0,0.7435897435897436,0.29615428790136133,0.28951128292207967,-0.006643004979281664,0.9737779099056743,0.8126461934845228,높음
21933,B07QJWX98P,2022-05,0.28448723832082234,23.0,0.696969696969697,0.28950231926412034,0.28448723832082234,-0.005015080943298,0.9801395458077184,0.7819206516211034,높음
22044,B09QZ4HZ33,2022-05,0.2781425284838622,17.0,0.6296296296296297,0.2522321537757006,0.2781425284838622,0.0259103747081616,0.901548445663429,0.7112052744397694,보통
22033,B09MQLYPRR,2022-05,0.24544147887016654,29.0,0.7435897435897436,0.2393658356235381,0.24544147887016654,0.006075643246628432,0.9759903567601897,0.8133099275408775,높음
21961,B081JBKY7K,2022-05,0.2072870519148316,65.0,0.8666666666666667,0.18251397778519046,0.2072870519148316,0.024773074129641137,0.9056591149826153,0.8783644011614513,높음
21752,B09MX7VPK1,2022-04,0.9144468428984116,10.0,0.5,0.9123359586586499,0.9144468428984116,0.00211088423976169,0.9915920095826076,0.6474776028747822,보통
21611,B07GXBTH82,2022-04,0.8733856606157238,6.0,0.375,0.8656673473589858,0.8733856606157238,0.007718313256737996,0.9695984589578996,0.5533795376873698,보통
21629,B07MLWJZH7,2022-04,0.7355360252387965,13.0,0.5652173913043478,0.723278525464585,0.7355360252387965,0.012257499774211422,0.9521525655530318,0.681297943578953,보통
21813,B0BW9SS9PG,2022-04,0.7229157752643744,7.0,0.4117647058823529,0.7438690744347854,0.7229157752643744,-0.020953299170411,0.9196030249477598,0.564116201601975,보통
21846,B0C6CLBBQ1,2022-04,0.7188109345338939,9.0,0.47368421052631576,0.7071875612871756,0.7188109345338939,0.01162337324671825,0.9545707719543053,0.6179501789547126,보통
21667,B07YFDB6Y6,2022-04,0.7160130889390226,15.0,0.6,0.6987369845693097,0.7160130889390226,0.01727610436971294,0.933229229547181,0.6999687688641543,보통
21592,B0737B6HGR,2022-04,0.6752810389234605,22.0,0.6875,0.6702093034159173,0.6752810389234605,0.00507173550754314,0.9799174534582908,0.7752252360374872,높음
21591,B072YQNJCR,2022-04,0.6391422490294529,9.0,0.47368421052631576,0.6501061601436949,0.6391422490294529,-0.010963911114241998,0.9570921090524676,0.6187065800841614,보통
21650,B07RZ4MGXR,2022-04,0.626755709391003,7.0,0.4117647058823529,0.6348842576538658,0.626755709391003,-0.0081285482628628,0.9680087107363697,0.5786379073385579,보통
21617,B07HR81PD2,2022-04,0.6114570678845281,8.0,0.4444444444444444,0.6293600790363033,0.6114570678845281,-0.017903011151775172,0.9308919703263691,0.5903787022090218,보통
21807,B0BTSQRXNZ,2022-04,0.5978298615966587,22.0,0.6875,0.6068960078283203,0.5978298615966587,-0.009066146231661576,0.9643850979637644,0.7705655293891293,높음
21603,B079VRJTM6,2022-04,0.5766910305904729,20.0,0.6666666666666666,0.5634947523135199,0.5766910305904729,0.013196278276953022,0.9485838288137384,0.751241815310788,높음
21715,B08SBJRJGV,2022-04,0.5709951408344323,9.0,0.47368421052631576,0.5567699043362536,0.5709951408344323,0.01422523649817864,0.9446876398285403,0.6149852393169831,보통
21729,B092ZLBMNN,2022-04,0.5517187504191993,17.0,0.6296296296296297,0.5517087870610782,0.5517187504191993,9.96335812109006e-06,0.9999601473616532,0.7407287849492367,보통
21767,B09W5PBYKD,2022-04,0.5467315657447303,13.0,0.5652173913043478,0.5278449597138497,0.5467315657447303,0.01888660603088055,0.9272366833844697,0.6738231789283844,보통
21680,B083BNBSYG,2022-04,0.5205097869463811,12.0,0.5454545454545454,0.5345251437950223,0.5205097869463811,-0.014015356848641192,0.9454810556686961,0.6654624985187906,보통
21630,B07N82GT4R,2022-04,0.5030664605695038,7.0,0.4117647058823529,0.4951979354574181,0.5030664605695038,0.00786852511208569,0.9690160532100677,0.5789401100806673,보통
21619,B07J9J8HPK,2022-04,0.44686142974641296,13.0,0.5652173913043478,0.4245130421398401,0.44686142974641296,0.022348387606572873,0.9144856065462156,0.6699978558769081,보통
21756,B09QGFDJ69,2022-04,0.4392397964997167,11.0,0.5238095238095238,0.4465912048565148,0.4392397964997167,-0.00735140835679815,0.9710225053837802,0.6579734182818007,보통
21693,B08C6GQKQW,2022-04,0.43923404609221606,16.0,0.6153846153846154,0.42395272763259695,0.43923404609221606,0.015281318459619109,0.940705386619548,0.7129808467550951,보통
21736,B099QHBFP2,2022-04,0.4166492053342048,22.0,0.6875,0.4297357803368258,0.4166492053342048,-0.013086575002621004,0.9490001711632926,0.7659500513489877,높음
21652,B07SBW92N5,2022-04,0.4102749643493503,16.0,0.6153846153846154,0.427043348137577,0.4102749643493503,-0.016768383788226704,0.9351264341430826,0.7113071610121555,보통
21764,B09TWWTX37,2022-04,0.4067072546219443,25.0,0.7142857142857143,0.4013219257614813,0.4067072546219443,0.005385328860463001,0.9786890416636497,0.7936067124990949,높음
21713,B08QHQTK9M,2022-04,0.4045588890732582,16.0,0.6153846153846154,0.4056840663401191,0.4045588890732582,-0.0011251772668608995,0.9955094039460122,0.7294220519530344,보통
21749,B09LM1H5N9,2022-04,0.39781803555922796,22.0,0.6875,0.36964463897973554,0.39781803555922796,0.028173396579492416,0.8934243756313374,0.7492773126894012,보통
21711,B08NV72Z13,2022-04,0.38883611613566743,15.0,0.6,0.3959704012206646,0.38883611613566743,-0.007134285084997194,0.9718661980348112,0.7115598594104433,보통
21849,B0C7CC35KH,2022-04,0.3791123459355739,21.0,0.6774193548387096,0.40106650180086106,0.3791123459355739,-0.02195415586528715,0.9159288211813807,0.7489721947415109,보통
21565,B0028BAAWW,2022-04,0.36469662815702714,17.0,0.6296296296296297,0.37075167627057515,0.36469662815702714,-0.006055048113548012,0.9760707626772162,0.7335619695439055,보통
21679,B0838R8WCF,2022-04,0.35842110018184353,17.0,0.6296296296296297,0.377046273100332,0.35842110018184353,-0.018625172918488475,0.9282068320422717,0.7192027903534222,보통
21582,B01FF4ASTS,2022-04,0.3471771070274641,15.0,0.6,0.36326056934896767,0.3471771070274641,-0.01608346232150354,0.9376918994983776,0.7013075698495133,보통
21575,B00ZYDKI1Y,2022-04,0.34340982312026563,18.0,0.6428571428571429,0.33872461071398174,0.34340982312026563,0.00468521240628389,0.9814336681926583,0.7444301004577976,보통
21644,B07QJWX98P,2022-04,0.3409211866797764,17.0,0.6296296296296297,0.34163907941459154,0.3409211866797764,-0.0007178927348151509,0.9971325480769433,0.7398805051638238,보통
21857,B0C9TTZW3K,2022-04,0.33526258865476594,15.0,0.6,0.30776695903217327,0.33526258865476594,0.027495629622592666,0.8958497959664764,0.6887549387899429,보통
21751,B09MQLYPRR,2022-04,0.32563348364533234,29.0,0.7435897435897436,0.32463270032183933,0.32563348364533234,0.0010007833234930152,0.9960048685630515,0.819314281081736,높음
21669,B07YXRTY6F,2022-04,0.32102592077100667,15.0,0.6,0.33353535775386306,0.32102592077100667,-0.012509436982856392,0.9511935182353258,0.7053580554705977,보통
21577,B01ALBMIEI,2022-04,0.30390634236250197,45.0,0.8181818181818182,0.27903620496455805,0.30390634236250197,0.024870137397943914,0.9053075582988394,0.8443195402169246,높음
21647,B07RHYHS9Y,2022-04,0.2944427463843751,25.0,0.7142857142857143,0.29335503936565654,0.2944427463843751,0.0010877070187185756,0.9956586230658633,0.798697586919759,높음
21634,B07PGRX339,2022-04,0.28784225112575584,22.0,0.6875,0.28850362026125204,0.28784225112575584,-0.0006613691354961926,0.9973580196473738,0.7804574058942121,높음
21759,B09QZ4HZ33,2022-04,0.2806684558115225,14.0,0.5833333333333334,0.26778847744001744,0.2806684558115225,0.012879978371505063,0.9497847362488137,0.6932687542079774,보통
21696,B08DBMRW2H,2022-04,0.2639173267685677,20.0,0.6666666666666666,0.27474691600767304,0.2639173267685677,-0.01082958923910532,0.957606480849928,0.753948610921645,높음
21808,B0BTV3G59T,2022-04,0.2621420794333303,35.0,0.7777777777777778,0.2771046521319379,0.2621420794333303,-0.014962572698607624,0.9419055349587436,0.8270161049320675,높음
21810,B0BVR77MZJ,2022-04,0.2503048035589438,19.0,0.6551724137931034,0.25775105675229515,0.2503048035589438,-0.007446253193351349,0.9706541893706915,0.7498169464663798,보통
21823,B0C195VN2X,2022-04,0.23799795871181567,33.0,0.7674418604651163,0.24255321505570968,0.23799795871181567,-0.004555256343894004,0.981943973835852,0.831792494476337,높음
21672,B081JBKY7K,2022-04,0.21808536098617748,55.0,0.8461538461538461,0.1936365547308055,0.21808536098617748,0.02444880625537199,0.9068345817741625,0.8643580668399411,높음
21469,B09W5PBYKD,2022-03,0.8401662270449637,6.0,0.375,0.8446294579825648,0.8401662270449637,-0.004463230937601148,0.9823054955427301,0.557191648662819,보통
21395,B08C6GQKQW,2022-03,0.8265494035671124,9.0,0.47368421052631576,0.8231467333327322,0.8265494035671124,0.003402670234380123,0.98648152557508,0.6275234050409451,보통
21456,B09NR62M32,2022-03,0.8068779630886594,7.0,0.4117647058823529,0.7886576371266742,0.8068779630886594,0.018220325961985195,0.9297111766159961,0.5671486471024458,보통
21309,B07GXBTH82,2022-03,0.7487392904705354,13.0,0.5652173913043478,0.7309246281450145,0.7487392904705354,0.01781466232552098,0.931221001313739,0.6750184743071651,보통
21431,B092ZLBMNN,2022-03,0.6544772476058853,15.0,0.6,0.6664857506355577,0.6544772476058853,-0.01200850302967238,0.9531013695293096,0.7059304108587928,보통
21550,B0C6QDS1HT,2022-03,0.6488426975862318,10.0,0.5,0.6248361035749828,0.6488426975862318,0.02400659401124905,0.9084400546969454,0.6225320164090836,보통
21364,B07YFDB6Y6,2022-03,0.5763797133312116,23.0,0.696969696969697,0.559855398400843,0.5763797133312116,0.016524314930368655,0.9360398208919937,0.768690734146386,높음
21263,B00ZYDKI1Y,2022-03,0.5749707845884118,11.0,0.5238095238095238,0.5887772422085501,0.5749707845884118,-0.013806457620138324,0.9462714268909584,0.6505480947339541,보통
21353,B07THLMZ37,2022-03,0.5684006935306094,11.0,0.5238095238095238,0.5654848525094075,0.5684006935306094,0.0029158410212019037,0.988404389279539,0.6631879834505283,보통
21415,B08NV72Z13,2022-03,0.5616337149833519,8.0,0.4444444444444444,0.574992662691124,0.5616337149833519,-0.013358947707772129,0.9479668072105446,0.5955011532742744,보통
21558,B0C94VM8NS,2022-03,0.5601381006479025,11.0,0.5238095238095238,0.5661426366496386,0.5601381006479025,-0.006004536001736116,0.9762679961839098,0.6595470655218396,보통
21286,B0737B6HGR,2022-03,0.5566121713493989,25.0,0.7142857142857143,0.5513511189082022,0.5566121713493989,0.005261052441196679,0.9791756744862905,0.7937527023458871,높음
21285,B072YQNJCR,2022-03,0.5506064322940878,10.0,0.5,0.5723618681218454,0.5506064322940878,-0.02175543582775763,0.9166571642546353,0.6249971492763906,보통
21417,B08QHQTK9M,2022-03,0.537948335555027,18.0,0.6428571428571429,0.5376761651365559,0.537948335555027,0.0002721704184710516,0.9989119107250118,0.7496735732175035,보통
21562,B0CDGZZPSY,2022-03,0.5233315691324317,10.0,0.5,0.5422434719931903,0.5233315691324317,-0.01891190286075861,0.9271428635366942,0.6281428590610082,보통
21317,B07J9J8HPK,2022-03,0.519679844034886,11.0,0.5238095238095238,0.4963222716873822,0.519679844034886,0.023357572347503797,0.910801507741879,0.6399071189892303,보통
21419,B08SBJRJGV,2022-03,0.5051807978575475,15.0,0.6,0.49134109341875587,0.5051807978575475,0.013839704438791678,0.9461455932001769,0.703843677960053,보통
21552,B0C7CC35KH,2022-03,0.5042500112425994,16.0,0.6153846153846154,0.5140623477094984,0.5042500112425994,-0.009812336466899052,0.9615109304765359,0.7192225099121916,보통
21300,B079VRJTM6,2022-03,0.49627908295541023,22.0,0.6875,0.47398788349493565,0.49627908295541023,0.022291199460474587,0.9146948214204127,0.7556584464261238,높음
21509,B0BTSQRXNZ,2022-03,0.48280713753554877,37.0,0.7872340425531915,0.4957262398039533,0.48280713753554877,-0.012919102268404536,0.949636110758343,0.8359546630147369,높음
21250,B0028BAAWW,2022-03,0.4760359371545374,13.0,0.5652173913043478,0.48816560231024236,0.4760359371545374,-0.01212966515570496,0.9526395622924152,0.681444042600768,보통
21328,B07N82GT4R,2022-03,0.4717304834499671,11.0,0.5238095238095238,0.4713051158282157,0.4717304834499671,0.00042536762175138243,0.9982999761932926,0.6661566595246544,보통
21271,B01CYBRSK2,2022-03,0.4673000719184038,10.0,0.5,0.4833833535238926,0.4673000719184038,-0.01608328160548883,0.937692577322395,0.6313077731967185,보통
21369,B081JBKY7K,2022-03,0.4621031600816952,47.0,0.8245614035087719,0.43106438934054964,0.4621031600816952,0.031038770741145583,0.8832428543405886,0.8421658387583169,높음
21345,B07RHYHS9Y,2022-03,0.4477306889853713,15.0,0.6,0.44066437639676714,0.4477306889853713,0.007066312588604129,0.9721304746468271,0.7116391423940481,보통
21510,B0BTV3G59T,2022-03,0.4472443549942901,23.0,0.696969696969697,0.45895100461028143,0.4472443549942901,-0.011706649615991327,0.9542528521552479,0.7741546435253622,높음
21459,B09QGFDJ69,2022-03,0.44543468077378034,15.0,0.6,0.4598518113537657,0.44543468077378034,-0.014417130579985338,0.9439627981808172,0.7031888394542452,보통
21342,B07QJWX98P,2022-03,0.43673651350777926,19.0,0.6551724137931034,0.4290885620234601,0.43673651350777926,0.007647951484319182,0.9698713880280715,0.7495821060635939,보통
21515,B0BW9SS9PG,2022-03,0.4254522197966667,18.0,0.6428571428571429,0.42995846156385953,0.4254522197966667,-0.004506241767192831,0.982136510982376,0.7446409532947128,보통
21348,B07RZ4MGXR,2022-03,0.42203990074524084,13.0,0.5652173913043478,0.4379693471022373,0.42203990074524084,-0.015929446356996446,0.9382697555674678,0.6771331005832837,보통
21526,B0C195VN2X,2022-03,0.4090644786962786,22.0,0.6875,0.4337611039958053,0.4090644786962786,-0.02469662529952671,0.9059361036506677,0.7530308310952003,높음
21437,B099QHBFP2,2022-03,0.40784155087513296,22.0,0.6875,0.4205040680619573,0.40784155087513296,-0.012662517186824318,0.9506112609265158,0.7664333782779547,높음
21461,B09QZ4HZ33,2022-03,0.37329562021863605,11.0,0.5238095238095238,0.35484411226980783,0.37329562021863605,0.018451507948828216,0.928851844093631,0.6453222198947559,보통
21512,B0BVR77MZJ,2022-03,0.37169715876058945,11.0,0.5238095238095238,0.38595525795040875,0.37169715876058945,-0.014258099189819295,0.9445634680755375,0.6500357070893279,보통
21452,B09LM1H5N9,2022-03,0.3333857612796127,22.0,0.6875,0.30416745076098123,0.3333857612796127,0.029218310518631496,0.8896979622840681,0.7481593886852204,보통
21380,B083BNBSYG,2022-03,0.3216567442732354,18.0,0.6428571428571429,0.31930496740973935,0.3216567442732354,0.0023517768634960245,0.9906370009621139,0.7471911002886342,보통
21273,B01FF4ASTS,2022-03,0.3107658628384056,25.0,0.7142857142857143,0.32058054918162626,0.3107658628384056,-0.009814686343220635,0.961501892791937,0.788450567837581,높음
21366,B07YXRTY6F,2022-03,0.3106534155686188,15.0,0.6,0.3196189039196224,0.3106534155686188,-0.008965488351003581,0.9647734679839207,0.7094320403951762,보통
21466,B09TWWTX37,2022-03,0.29868507764510027,34.0,0.7727272727272727,0.2951374774118853,0.29868507764510027,0.003547600233214987,0.9859098082436671,0.836682033382191,높음
21548,B0C6CLBBQ1,2022-03,0.2937878058858917,19.0,0.6551724137931034,0.28353294100691395,0.2937878058858917,0.010254864878977754,0.9598104523193022,0.746563825350963,보통
21379,B0838R8WCF,2022-03,0.28665819369133927,22.0,0.6875,0.3048196561088857,0.28665819369133927,-0.018161462417546403,0.9299301067696343,0.7602290320308902,높음
21315,B07HR81PD2,2022-03,0.2830888367480142,18.0,0.6428571428571429,0.28017494604742293,0.2830888367480142,0.0029138907005912817,0.9884121001314244,0.7465236300394273,보통
21267,B01ALBMIEI,2022-03,0.25669029409921207,46.0,0.8214285714285714,0.2364491611287952,0.25669029409921207,0.02024113297041688,0.9222264004996426,0.8516679201498927,높음
21333,B07PGRX339,2022-03,0.23173656805476842,21.0,0.6774193548387096,0.23593750239359887,0.23173656805476842,-0.004200934338830453,0.9833366579506619,0.7691945457722953,높음
21398,B08DBMRW2H,2022-03,0.19753716204943939,23.0,0.696969696969697,0.20891608714940293,0.19753716204943939,-0.01137892509996355,0.955504600649894,0.774530168073756,높음
21455,B09MQLYPRR,2022-03,0.1877034065863183,39.0,0.7959183673469388,0.19076790540184901,0.1877034065863183,-0.003064498815530725,0.9878168279223417,0.8534879055195596,높음
21350,B07SBW92N5,2022-03,0.18612723117550237,31.0,0.7560975609756098,0.1967001818335519,0.18612723117550237,-0.01057295065804953,0.9585900206659019,0.8168452988826973,높음
21106,B08QHQTK9M,2022-02,0.8056075821188109,10.0,0.5,0.7986036224275542,0.8056075821188109,0.007003959691256667,0.9723729654923596,0.6417118896477079,보통
20945,B00ZYDKI1Y,2022-02,0.7865058077334744,9.0,0.47368421052631576,0.798307743471194,0.7865058077334744,-0.011801935737719593,0.9538892132454129,0.6177457113420448,보통
21012,B07NYTQPKV,2022-02,0.753046977974522,14.0,0.5833333333333334,0.757535434994563,0.753046977974522,-0.00448845702004097,0.9822063816656772,0.7029952478330365,보통
21203,B0BW9SS9PG,2022-02,0.7529731587575798,6.0,0.375,0.7689780316097309,0.7529731587575798,-0.01600487285215113,0.9379867166701905,0.5438960150010571,보통
21057,B0823P5GLQ,2022-02,0.6995523369788115,9.0,0.47368421052631576,0.7120055569321235,0.6995523369788115,-0.012453219953312056,0.9514074353824656,0.6170011779831608,보통
21142,B09NR62M32,2022-02,0.6991258650311581,14.0,0.5833333333333334,0.6692751062314226,0.6991258650311581,0.029850758799735533,0.8874500550652442,0.6745683498529066,보통
21243,B0C94VM8NS,2022-02,0.6673570715011704,8.0,0.4444444444444444,0.6717544838942662,0.6673570715011704,-0.004397412393095768,0.9825641452610371,0.6058803546894223,보통
21247,B0CDGZZPSY,2022-02,0.6644279770139762,7.0,0.4117647058823529,0.678613156160521,0.6644279770139762,-0.014185179146544824,0.9448390186957804,0.5716869997263812,보통
21064,B083BNBSYG,2022-02,0.6632627772673779,6.0,0.375,0.6765074448104988,0.6632627772673779,-0.013244667543120925,0.9484002414801241,0.5470200724440372,보통
21139,B09LM1H5N9,2022-02,0.6432999689874291,15.0,0.6,0.6134438850441148,0.6432999689874291,0.029856083943314293,0.8874311520707184,0.6862293456212155,보통
21023,B07QJWX98P,2022-02,0.6321520324176528,13.0,0.5652173913043478,0.6373428327225991,0.6321520324176528,-0.00519080030494623,0.9794508698821971,0.6894874348777025,보통
21155,B09W5PBYKD,2022-02,0.6229122901378661,13.0,0.5652173913043478,0.6165771990515262,0.6229122901378661,0.006335091086339895,0.97497800779599,0.6881455762518405,보통
21108,B08SBJRJGV,2022-02,0.6227288628073814,14.0,0.5833333333333334,0.6189688284118454,0.6227288628073814,0.0037600343955359605,0.9850724003851756,0.703855053448886,보통
20966,B0737B6HGR,2022-02,0.6039172459951221,19.0,0.6551724137931034,0.6102186834645147,0.6039172459951221,-0.006301437469392601,0.9751092627758271,0.7511534684879205,높음
21033,B07THLMZ37,2022-02,0.6015557029346804,9.0,0.47368421052631576,0.5946355728789409,0.6015557029346804,0.006920130055739548,0.9726990748496969,0.6233886698233301,보통
21047,B07YXRTY6F,2022-02,0.5950562771470881,12.0,0.5454545454545454,0.5983304532161933,0.5950562771470881,-0.0032741760691051836,0.986988684378561,0.6779147871317501,보통
21008,B07NL9T1GL,2022-02,0.5808111623037379,8.0,0.4444444444444444,0.5784573795073478,0.5808111623037379,0.0023537827963900915,0.9906290523886174,0.6082998268276962,보통
21081,B08C6GQKQW,2022-02,0.5548647294092138,25.0,0.7142857142857143,0.5413841279455137,0.5548647294092138,0.013480601463700115,0.9475056245384846,0.7842516873615454,높음
20986,B07GXBTH82,2022-02,0.5536564465198338,18.0,0.6428571428571429,0.5284802802068127,0.5536564465198338,0.02517616631302111,0.9042000351458458,0.7212600105437537,보통
21029,B07RZ4MGXR,2022-02,0.5467114866325582,10.0,0.5,0.554404361107263,0.5467114866325582,-0.007692874474704792,0.9696971255931611,0.6409091376779483,보통
21056,B0821T4RK8,2022-02,0.5399499996629501,5.0,0.3333333333333333,0.5561725125619437,0.5399499996629501,-0.01622251289899357,0.9371704981136149,0.5144844827674178,보통
20965,B072YQNJCR,2022-02,0.5381416082904297,13.0,0.5652173913043478,0.5512695527006545,0.5381416082904297,-0.013127944410224801,0.9488431458561511,0.6803051176698888,보통
21237,B0C7CC35KH,2022-02,0.5282514240992287,11.0,0.5238095238095238,0.5411639983920361,0.5282514240992287,-0.012912574292807455,0.9496609078875202,0.6515649390329227,보통
20999,B07KQMGVG7,2022-02,0.49959885594259423,7.0,0.4117647058823529,0.520361480745808,0.49959885594259423,-0.02076262480321378,0.9203046713851462,0.5643266955331909,보통
21144,B09QGFDJ69,2022-02,0.4758158697256522,13.0,0.5652173913043478,0.47999113807743526,0.4758158697256522,-0.004175268351783057,0.9834376163566724,0.6906834588200451,보통
21104,B08NV72Z13,2022-02,0.47519290617454596,14.0,0.5833333333333334,0.48492488840753484,0.47519290617454596,-0.009731982232988878,0.9618200260450089,0.6968793411468359,보통
20933,B0028BAAWW,2022-02,0.4722715401850155,13.0,0.5652173913043478,0.48153169439379656,0.4722715401850155,-0.009260154208781068,0.9636369946692415,0.6847432723138158,보통
21063,B0838R8WCF,2022-02,0.45677520219884216,20.0,0.6666666666666666,0.4802017474740599,0.45677520219884216,-0.02342654527521776,0.9105502598158617,0.7398317446114251,보통
21084,B08DBMRW2H,2022-02,0.4316106296059148,20.0,0.6666666666666666,0.44196036449189785,0.4316106296059148,-0.010349734885983064,0.9594462925220162,0.7545005544232715,높음
21146,B09QZ4HZ33,2022-02,0.4305246419159914,16.0,0.6153846153846154,0.4171686135084349,0.4305246419159914,0.013356028407556453,0.9479778768739948,0.7151625938314292,보통
20955,B01FF4ASTS,2022-02,0.4290697582030979,16.0,0.6153846153846154,0.4405327753861463,0.4290697582030979,-0.01146301718304843,0.9551832532094118,0.7173242067320543,보통
21007,B07N82GT4R,2022-02,0.4185540338036406,12.0,0.5454545454545454,0.4313634241684374,0.4185540338036406,-0.012809390364796835,0.9500529477573981,0.6668340661454012,보통
21015,B07PGRX339,2022-02,0.41126864650673306,16.0,0.6153846153846154,0.42318650907999383,0.41126864650673306,-0.011917862573260773,0.9534469903525445,0.7168033278749941,보통
20991,B07HKCQN2X,2022-02,0.3915949112222065,11.0,0.5238095238095238,0.3970389591192215,0.3915949112222065,-0.00544404789701497,0.9784591979466678,0.660204426050667,보통
21198,B0BVR77MZJ,2022-02,0.37557141668621313,18.0,0.6428571428571429,0.3864023823379749,0.37557141668621313,-0.010830965651761781,0.957601208617721,0.7372803625853164,보통
21195,B0BTSQRXNZ,2022-02,0.3718749155328173,46.0,0.8214285714285714,0.3743207254672405,0.3718749155328173,-0.002445809934423171,0.9902644604712608,0.8720793381413782,높음
21124,B099QHBFP2,2022-02,0.36692011025535576,20.0,0.6666666666666666,0.3722096787082948,0.36692011025535576,-0.005289568452939042,0.9790639921157572,0.7603858643013938,높음
21045,B07YFDB6Y6,2022-02,0.35328005161243353,23.0,0.696969696969697,0.33305705649197015,0.35328005161243353,0.020222995120463383,0.9222933117431671,0.764566781401738,높음
21050,B081JBKY7K,2022-02,0.3345873814620034,55.0,0.8461538461538461,0.3076245082844284,0.3345873814620034,0.02696287317757501,0.8977609105707565,0.8616359654789192,높음
21026,B07RHYHS9Y,2022-02,0.33067069984481423,23.0,0.696969696969697,0.3328468962518673,0.33067069984481423,-0.002176196407053077,0.9913329913253096,0.7852786852763807,높음
20993,B07HR81PD2,2022-02,0.3298555077134337,17.0,0.6296296296296297,0.3327053576879466,0.3298555077134337,-0.00284984997451293,0.9886653270779429,0.7373403388641235,보통
21212,B0C195VN2X,2022-02,0.3211915438533392,23.0,0.696969696969697,0.3158349256453914,0.3211915438533392,0.005356618207947805,0.9788014433217586,0.7815192208753154,높음
21152,B09TWWTX37,2022-02,0.29916024442574957,21.0,0.6774193548387096,0.2869174761352917,0.29916024442574957,0.01224276829045784,0.9522086736863292,0.7598561504929955,높음
21030,B07SBW92N5,2022-02,0.24379148859891683,25.0,0.7142857142857143,0.2554640227197208,0.24379148859891683,-0.011672534120803962,0.9543830802749803,0.786314924082494,높음
21196,B0BTV3G59T,2022-02,0.23567279415498302,38.0,0.7916666666666666,0.24346076127158656,0.23567279415498302,-0.007787967116603539,0.9693283514869584,0.844965172112754,높음
20950,B01ALBMIEI,2022-02,0.23383190601701812,40.0,0.8,0.21919268020471178,0.23383190601701812,0.014639225812306339,0.9431245720201563,0.8429373716060469,높음
21141,B09MQLYPRR,2022-02,0.19322700166417264,31.0,0.7560975609756098,0.19621238843281888,0.19322700166417264,-0.0029853867686462365,0.9881294702320944,0.825707133752555,높음
20804,B098VYW91F,2022-01,0.8876328322093922,9.0,0.47368421052631576,0.887304833728064,0.8876328322093922,0.00032799848132814,0.9986888663624456,0.6311856072771547,보통
20781,B08QHQTK9M,2022-01,0.7936232849004302,17.0,0.6296296296296297,0.787943095351701,0.7936232849004302,0.005680189548729175,0.9775354144183356,0.7340013650662414,보통
20666,B07GXBTH82,2022-01,0.6268781638916939,13.0,0.5652173913043478,0.609159103771772,0.6268781638916939,0.01771906011992197,0.9315771765381754,0.675125326874496,보통
20838,B09W5PBYKD,2022-01,0.5971375820176552,14.0,0.5833333333333334,0.590130727984057,0.5971375820176552,0.007006854033598242,0.9723617080365423,0.7000418457442961,보통
20620,B00WA6TGDE,2022-01,0.5864956400295489,7.0,0.4117647058823529,0.6070549656742468,0.5864956400295489,-0.020559325644697868,0.9210533644223,0.564551303444337,보통
20719,B07YFDB6Y6,2022-01,0.5824389678829526,16.0,0.6153846153846154,0.5680227567877361,0.5824389678829526,0.014416211095216513,0.9439662700248628,0.7139591117766897,보통
20820,B09LM1H5N9,2022-01,0.5811371938242785,24.0,0.7058823529411765,0.5514194380189046,0.5811371938242785,0.029717755805373947,0.8879223147366863,0.7604943414798294,높음
20761,B08DBMRW2H,2022-01,0.5757918157519188,27.0,0.7297297297297297,0.5878708760379299,0.5757918157519188,-0.012079060286011023,0.9528324146139503,0.7966605351949959,높음
20644,B0737B6HGR,2022-01,0.5742980053880016,21.0,0.6774193548387096,0.5695025890410192,0.5742980053880016,0.0047954163469823285,0.9810011321029498,0.7684938880179817,높음
20882,B0BW9SS9PG,2022-01,0.5648538199396796,12.0,0.5454545454545454,0.57223542216186,0.5648538199396796,-0.007381602222180317,0.9709052367742655,0.6730897528504614,보통
20904,B0C4LRKXNV,2022-01,0.5643443671500761,12.0,0.5454545454545454,0.5380116012077502,0.5643443671500761,0.02633276594232592,0.9000265070900104,0.651826133945185,보통
20695,B07QJWX98P,2022-01,0.5577358965361031,18.0,0.6428571428571429,0.558434040227376,0.5577358965361031,-0.0006981436912728567,0.9972113208447136,0.7491633962534141,보통
20684,B07N82GT4R,2022-01,0.5538117408716572,10.0,0.5,0.5506130402118607,0.5538117408716572,0.0031987006597964385,0.9872867028621779,0.6461860108586533,보통
20731,B0823P5GLQ,2022-01,0.5510629943665036,13.0,0.5652173913043478,0.5551952452252361,0.5510629943665036,-0.004132250858732478,0.9836068509996642,0.6907342292129426,보통
20917,B0C6QDS1HT,2022-01,0.540019950539837,15.0,0.6,0.5207760250857946,0.540019950539837,0.01924392545404241,0.9259123513216907,0.6977737053965072,보통
20877,B0BVR77MZJ,2022-01,0.5324041584952377,19.0,0.6551724137931034,0.5401012242887753,0.5324041584952377,-0.007697065793537572,0.9696808684901406,0.7495249502022145,보통
20823,B09NR62M32,2022-01,0.5186787408235929,17.0,0.6296296296296297,0.4896116191561335,0.5186787408235929,0.029067121667459395,0.8902361746623185,0.7078115931394362,보통
20779,B08NV72Z13,2022-01,0.4948252616465663,12.0,0.5454545454545454,0.5169214692310354,0.4948252616465663,-0.02209620758446912,0.9154085319565484,0.6564407414051463,보통
20930,B0CDGZZPSY,2022-01,0.4682488197101093,14.0,0.5833333333333334,0.4950616104195245,0.4682488197101093,-0.026812790709415224,0.8983000250709382,0.6778233408546148,보통
20826,B09QGFDJ69,2022-01,0.4588192783119427,17.0,0.6296296296296297,0.47205566651646225,0.4588192783119427,-0.013236388204519556,0.9484316505071285,0.7252702358928793,보통
20661,B07BFGZQ65,2022-01,0.45287166249825467,12.0,0.5454545454545454,0.46834707822848937,0.45287166249825467,-0.015475415730234698,0.9399753166734034,0.6638107768202028,보통
20926,B0C94VM8NS,2022-01,0.4292500752618407,20.0,0.6666666666666666,0.43068113508961114,0.4292500752618407,-0.00143105982777042,0.9942921129305042,0.7649543005458179,높음
20685,B07NL9T1GL,2022-01,0.4217218230721549,12.0,0.5454545454545454,0.430251497808446,0.4217218230721549,-0.008529674736291126,0.9664567804284361,0.6717552159467126,보통
20608,B0028BAAWW,2022-01,0.40727856383595973,10.0,0.5,0.41592572085056845,0.40727856383595973,-0.00864715701460872,0.9660027209468359,0.6398008162840507,보통
20622,B00ZYDKI1Y,2022-01,0.3946109054218128,20.0,0.6666666666666666,0.401636778023231,0.3946109054218128,-0.007025872601418182,0.9722877391417837,0.7583529884092017,높음
20806,B099QHBFP2,2022-01,0.39045887209832897,14.0,0.5833333333333334,0.4003577828725381,0.39045887209832897,-0.009898910774209124,0.9611780195518199,0.6966867391988794,보통
20671,B07HR81PD2,2022-01,0.3606323799302773,13.0,0.5652173913043478,0.3678362826271316,0.3606323799302773,-0.007203902696854281,0.9715955996983725,0.6871308538225551,보통
20643,B072YQNJCR,2022-01,0.3133290881998413,18.0,0.6428571428571429,0.33247235338468906,0.3133290881998413,-0.01914326518484777,0.9262852367322834,0.727885571019685,보통
20891,B0C195VN2X,2022-01,0.2946826925212497,24.0,0.7058823529411765,0.30228479469965913,0.2946826925212497,-0.007602102178409453,0.9700492760595096,0.7851324298766764,높음
20698,B07RHYHS9Y,2022-01,0.2942919401937846,30.0,0.75,0.2959128839460016,0.2942919401937846,-0.0016209437522170522,0.9935371993049217,0.8230611597914764,높음
20740,B083BNBSYG,2022-01,0.29011763737691365,15.0,0.6,0.2936370626967968,0.29011763737691365,-0.0035194253198831404,0.9860209261986281,0.7158062778595884,보통
20702,B07RZ4MGXR,2022-01,0.2821354634853389,19.0,0.6551724137931034,0.2855062623196821,0.2821354634853389,-0.003370798834343214,0.9866072957811772,0.7546028783895256,높음
20783,B08SBJRJGV,2022-01,0.27726048294917244,23.0,0.696969696969697,0.2715699940892165,0.27726048294917244,0.005690488859955933,0.9774951434819941,0.781127330923386,높음
20835,B09TWWTX37,2022-01,0.27700084608916936,21.0,0.6774193548387096,0.2651281019758919,0.27700084608916936,0.011872744113277434,0.9536190781202694,0.7602792718231774,높음
20875,B0BTV3G59T,2022-01,0.2642295375988068,35.0,0.7777777777777778,0.27385077382617035,0.2642295375988068,-0.00962123622736355,0.9622461913343067,0.8331183018447363,높음
20739,B0838R8WCF,2022-01,0.26102850849817427,30.0,0.75,0.2801635708951379,0.26102850849817427,-0.01913506239696361,0.9263156297161637,0.8028946889148489,높음
20724,B081JBKY7K,2022-01,0.2545328526307665,103.0,0.911504424778761,0.23665678133331752,0.2545328526307665,0.017876071297449003,0.9309922881076608,0.917350783777431,높음
20689,B07PGRX339,2022-01,0.2527126284824895,20.0,0.6666666666666666,0.25857398113650076,0.2527126284824895,-0.005861352654011276,0.9768272976138043,0.7597148559508079,높음
20874,B0BTSQRXNZ,2022-01,0.24229544027704872,61.0,0.8591549295774648,0.24278110748369025,0.24229544027704872,-0.0004856672066415324,0.9980592169331856,0.900826215784181,높음
20919,B0C7CC35KH,2022-01,0.23491620678757702,20.0,0.6666666666666666,0.24225341458195518,0.23491620678757702,-0.007337207794378159,0.9710776632131054,0.7579899656305982,높음
20828,B09QZ4HZ33,2022-01,0.23140505471639072,22.0,0.6875,0.21485104891397597,0.23140505471639072,0.016554005802414756,0.935928660138835,0.7620285980416505,높음
20730,B0821T4RK8,2022-01,0.23089900321919937,13.0,0.5652173913043478,0.24955383749376547,0.23089900321919937,-0.0186548342745661,0.9280967110816395,0.6740811872375352,보통
20632,B01FF4ASTS,2022-01,0.21858984714198113,30.0,0.75,0.22654376416847835,0.21858984714198113,-0.007953917026497226,0.9686851251869235,0.8156055375560769,높음
20822,B09MQLYPRR,2022-01,0.21463865142526575,30.0,0.75,0.2043399777171707,0.21463865142526575,0.010298673708095063,0.9596422743667283,0.8128926823100184,높음
20627,B01ALBMIEI,2022-01,0.21050960586712597,42.0,0.8076923076923077,0.19785502839288377,0.21050960586712597,0.012654577474242201,0.9506414517266821,0.85057705090262,높음
20703,B07SBW92N5,2022-01,0.20509026240495024,29.0,0.7435897435897436,0.21499304749420642,0.20509026240495024,-0.009902785089256183,0.9611631240413838,0.8088617577252357,높음
20758,B08C6GQKQW,2022-01,0.18512296484318055,42.0,0.8076923076923077,0.16998794322089225,0.18512296484318055,0.015135021622288303,0.9412560366122288,0.847761426368284,높음
20453,B08DBMRW2H,2021-12,0.7571290483699593,29.0,0.7435897435897436,0.7669910265812766,0.7571290483699593,-0.00986197821131729,0.9613200251114496,0.8089088280462554,높음
20343,B0737B6HGR,2021-12,0.7165084584964555,21.0,0.6774193548387096,0.7230001671579288,0.7165084584964555,-0.0064917086614733055,0.9743674043128762,0.7665037696809596,높음
20505,B09NR62M32,2021-12,0.6810369170318624,27.0,0.7297297297297297,0.6599189793347731,0.6810369170318624,0.021117937697089362,0.9189976159682993,0.7865100956013006,높음
20570,B0C195VN2X,2021-12,0.6551969443240173,15.0,0.6,0.6714193169711725,0.6551969443240173,-0.016222372647155203,0.9371710238733032,0.7011513071619909,보통
20586,B0C5BHXVH1,2021-12,0.6365276140153823,10.0,0.5,0.6536028566493223,0.6365276140153823,-0.017075242633940002,0.9339793310118781,0.6301937993035633,보통
20603,B0C94VM8NS,2021-12,0.631118124755243,15.0,0.6,0.641823675469537,0.631118124755243,-0.010705550714294021,0.9580817191168236,0.707424515735047,보통
20471,B08QHQTK9M,2021-12,0.5672252096256696,32.0,0.7619047619047619,0.5579596487402131,0.5672252096256696,0.009265560885456492,0.9636161545999427,0.822418179713316,높음
20582,B0C4LRKXNV,2021-12,0.5535818119992161,11.0,0.5238095238095238,0.5273310992676506,0.5535818119992161,0.02625071273156543,0.900321955831099,0.6367632534159964,보통
20304,B00009W3I4,2021-12,0.48936650122095576,16.0,0.6153846153846154,0.4936361451083945,0.48936650122095576,-0.004269643887438723,0.983066436614344,0.7256891617535339,보통
20307,B0028BAAWW,2021-12,0.47915939511148353,12.0,0.5454545454545454,0.4897647186822972,0.47915939511148353,-0.010605323570813674,0.9584658992979534,0.6693579516075678,보통
20371,B07HR81PD2,2021-12,0.4767252487479002,13.0,0.5652173913043478,0.4926285883602215,0.4767252487479002,-0.01590333961232132,0.9383677413593389,0.6771624963208451,보통
20383,B07NL9T1GL,2021-12,0.4753851012944001,10.0,0.5,0.48717771443369345,0.4753851012944001,-0.011792613139293362,0.9539247848129605,0.636177435443888,보통
20382,B07N82GT4R,2021-12,0.46991710103171247,15.0,0.6,0.46232007285186055,0.46991710103171247,0.007597028179851917,0.9700689643738157,0.7110206893121447,보통
20342,B072YQNJCR,2021-12,0.46749155804161074,15.0,0.6,0.48590751770560775,0.46749155804161074,-0.018415959663997006,0.9289839298439315,0.6986951789531795,보통
20422,B0821T4RK8,2021-12,0.444794806649701,12.0,0.5454545454545454,0.4559898161314109,0.444794806649701,-0.011195009481709872,0.956207788149999,0.6686805182631814,보통
20317,B00WA6TGDE,2021-12,0.4329576154597339,11.0,0.5238095238095238,0.4398599101742706,0.4329576154597339,-0.006902294714536739,0.972768471004626,0.6584972079680544,보통
20502,B09LM1H5N9,2021-12,0.42505511074567953,41.0,0.803921568627451,0.3988715422952506,0.42505511074567953,0.026183568450428907,0.9005637941878333,0.8329142362955657,높음
20392,B07QJWX98P,2021-12,0.3839604651792099,24.0,0.7058823529411765,0.3771460394075252,0.3839604651792099,0.0068144257716846734,0.9731104356459966,0.7860507777526226,높음
20509,B09QZ4HZ33,2021-12,0.3773451163391125,19.0,0.6551724137931034,0.35813223931627175,0.3773451163391125,0.019212877022840746,0.9260273509664151,0.7364288949450969,보통
20508,B09QGFDJ69,2021-12,0.3761082010032951,22.0,0.6875,0.3855366263743607,0.3761082010032951,-0.009428425371065585,0.9629886036362926,0.7701465810908877,높음
20516,B09TWWTX37,2021-12,0.36906226859182617,14.0,0.5833333333333334,0.3649928009990664,0.36906226859182617,0.004069467592759779,0.9838538982213841,0.7034895027997485,보통
20472,B08SBJRJGV,2021-12,0.3632065389241925,19.0,0.6551724137931034,0.3576227780901676,0.3632065389241925,0.005583760834024898,0.977912537078928,0.7519944507788507,높음
20369,B07HKCQN2X,2021-12,0.36279477476400523,14.0,0.5833333333333334,0.3722761926807957,0.36279477476400523,-0.009481417916790469,0.9627845003985142,0.6971686834528876,보통
20596,B0C7CC35KH,2021-12,0.35608157357862275,19.0,0.6551724137931034,0.37192612398396635,0.35608157357862275,-0.015844550405343605,0.9385884308881186,0.740197218921608,보통
20398,B07RZ4MGXR,2021-12,0.34997158458616734,15.0,0.6,0.363916946099662,0.34997158458616734,-0.01394536151349468,0.9457458097835374,0.7037237429350611,보통
20424,B0823P5GLQ,2021-12,0.34923827825008047,18.0,0.6428571428571429,0.34520972628842367,0.34923827825008047,0.004028551961656801,0.9840149314112093,0.7452044794233628,보통
20413,B07YFDB6Y6,2021-12,0.3479753286424606,22.0,0.6875,0.3363861005526758,0.3479753286424606,0.011589228089784798,0.95470115673337,0.767660347020011,높음
20433,B083BNBSYG,2021-12,0.3362874938283777,13.0,0.5652173913043478,0.34711459856196514,0.3362874938283777,-0.010827104733587445,0.9576159976115594,0.6829369731965111,보통
20556,B0BTSQRXNZ,2021-12,0.3331214299752962,40.0,0.8,0.34603574242769786,0.3331214299752962,-0.012914312452401655,0.9496543052615999,0.8448962915784799,높음
20504,B09MQLYPRR,2021-12,0.3312242511301232,24.0,0.7058823529411765,0.3287786266163789,0.3312242511301232,0.0024456245137443045,0.9902651949335672,0.7911972055388937,높음
20557,B0BTV3G59T,2021-12,0.315392836408118,21.0,0.6774193548387096,0.3264013665184963,0.315392836408118,-0.011008530110378334,0.9569213063385484,0.7612699402886612,높음
20386,B07PGRX339,2021-12,0.2808885610987128,19.0,0.6551724137931034,0.2722889638258502,0.2808885610987128,0.00859959727286258,0.9661865097879185,0.7484766425915479,보통
20449,B08C6GQKQW,2021-12,0.2701377024219841,26.0,0.7222222222222222,0.2569992442684894,0.2701377024219841,0.013138458153494681,0.9488032431222555,0.7901965284922321,높음
20319,B00ZYDKI1Y,2021-12,0.26710092222895154,25.0,0.7142857142857143,0.27452627529607154,0.26710092222895154,-0.00742535306712,0.970735339943098,0.7912206019829293,높음
20395,B07RHYHS9Y,2021-12,0.26306781424773756,22.0,0.6875,0.2592165391353911,0.26306781424773756,0.003851275112346453,0.9847129511342945,0.7766638853402883,높음
20399,B07SBW92N5,2021-12,0.25007906981615696,14.0,0.5833333333333334,0.2558710081238382,0.25007906981615696,-0.00579193830768121,0.9770985585842323,0.7014629009086031,보통
20432,B0838R8WCF,2021-12,0.24241243147651315,25.0,0.7142857142857143,0.2506202083379194,0.24241243147651315,-0.00820777686140628,0.9677019834479652,0.7903105950343896,높음
20322,B01ALBMIEI,2021-12,0.239734917351136,32.0,0.7619047619047619,0.2180935199507652,0.239734917351136,0.0216413974003708,0.9170753962022683,0.8084559521940137,높음
20559,B0BVR77MZJ,2021-12,0.23030195583534072,34.0,0.7727272727272727,0.235804615104514,0.23030195583534072,-0.005502659269173288,0.9782298294901479,0.8343780397561353,높음
20417,B081JBKY7K,2021-12,0.22079561941365128,61.0,0.8591549295774648,0.1985376126379658,0.22079561941365128,0.022258006775685485,0.9148162741904639,0.8758533329613645,높음
20328,B01FF4ASTS,2021-12,0.19915694070925608,38.0,0.7916666666666666,0.19558101911237172,0.19915694070925608,0.003575921596884357,0.9857981253289135,0.8499061042653406,높음
20269,B0C195VN2X,2021-11,0.7993061767138042,10.0,0.5,0.8097067882630229,0.7993061767138042,-0.010400611549218675,0.9592510586847132,0.637775317605414,보통
20056,B0737B6HGR,2021-11,0.7278732213996335,23.0,0.696969696969697,0.7251036746097808,0.7278732213996335,0.0027695467898527504,0.9889829499847836,0.784573672874223,높음
20108,B07RZ4MGXR,2021-11,0.6765180409472394,11.0,0.5238095238095238,0.6862049884720244,0.6765180409472394,-0.009686947524784939,0.961993302788346,0.6552646575031704,보통
20251,B0BTBTK796,2021-11,0.6612485561412782,11.0,0.5238095238095238,0.6696622255103662,0.6612485561412782,-0.00841366936908805,0.9669053411860964,0.6567382690224955,보통
20207,B09NR62M32,2021-11,0.647840931364385,42.0,0.8076923076923077,0.614141136181854,0.647840931364385,0.03369979518253108,0.873891388298451,0.8275520318741507,높음
20174,B08QHQTK9M,2021-11,0.6210092194065688,30.0,0.75,0.6193533162610457,0.6210092194065688,0.0016559031455231077,0.993398275187695,0.8230194825563084,높음
20091,B07N82GT4R,2021-11,0.6167986984226203,11.0,0.5238095238095238,0.6277652806732434,0.6167986984226203,-0.010966582250623191,0.9570818830128873,0.6537912315705328,보통
20299,B0C94VM8NS,2021-11,0.5932064225596189,16.0,0.6153846153846154,0.5990088913125394,0.5932064225596189,-0.005802468752920564,0.9770574023195675,0.7238864514651011,보통
20151,B08C6GQKQW,2021-11,0.5896511084481857,10.0,0.5,0.5833386977170223,0.5896511084481857,0.006312410731163398,0.9750664631983536,0.642519938959506,보통
20022,B0028BAAWW,2021-11,0.5624430143764815,12.0,0.5454545454545454,0.5716724765757862,0.5624430143764815,-0.009229462199304761,0.9637553057545912,0.6709447735445591,보통
20177,B08SBJRJGV,2021-11,0.5404002328896538,12.0,0.5454545454545454,0.5270721729501576,0.5404002328896538,0.01332805993949615,0.9480839367624343,0.666243362846912,보통
20092,B07NL9T1GL,2021-11,0.5379993772871645,11.0,0.5238095238095238,0.5536687020343598,0.5379993772871645,-0.01566932474719529,0.9392465205917112,0.6484406228441799,보통
20215,B09TWWTX37,2021-11,0.5297653637016673,15.0,0.6,0.521707440575697,0.5297653637016673,0.008057923125970312,0.9682822123575652,0.7104846637072695,보통
20128,B081JBKY7K,2021-11,0.526863111097739,43.0,0.8113207547169812,0.4900758529853097,0.526863111097739,0.03678725811242928,0.8631653281867321,0.8268741267579064,높음
20124,B07YFDB6Y6,2021-11,0.5230619589626927,17.0,0.6296296296296297,0.5020769477147324,0.5230619589626927,0.02098501124796026,0.9194863822561137,0.7165866554175748,보통
20020,B00009W3I4,2021-11,0.4755615273896247,13.0,0.5652173913043478,0.4853729370590856,0.4755615273896247,-0.009811409669460869,0.9615144949866117,0.6841065224090269,보통
20294,B0C7CC35KH,2021-11,0.47311589610115423,16.0,0.6153846153846154,0.48248153824286644,0.47311589610115423,-0.009365642141712205,0.9632304721430605,0.7197383724121489,보통
20303,B0CDGZZPSY,2021-11,0.4511185142166355,7.0,0.4117647058823529,0.4603846415196455,0.4511185142166355,-0.009266127303009963,0.9636139713659968,0.577319485527446,보통
20209,B09QZ4HZ33,2021-11,0.4443449243526914,20.0,0.6666666666666666,0.4192486599299357,0.4443449243526914,0.0250962644227557,0.9044890705002726,0.7380133878167484,보통
20286,B0C5BHXVH1,2021-11,0.44314360564407446,16.0,0.6153846153846154,0.45642762245157875,0.44314360564407446,-0.013284016807504295,0.9482509778198897,0.7152445241151977,보통
20102,B07QJWX98P,2021-11,0.4303821305746934,17.0,0.6296296296296297,0.44992083881204137,0.4303821305746934,-0.01953870823734799,0.9248212226599208,0.718187107538717,보통
20253,B0BTV3G59T,2021-11,0.4138807159943215,21.0,0.6774193548387096,0.42980651503527073,0.4138807159943215,-0.015925799040949207,0.9382834443326665,0.7556785816868967,높음
20043,B01FF4ASTS,2021-11,0.39086448634713367,24.0,0.7058823529411765,0.3884558424018437,0.39086448634713367,0.0024086439452899455,0.9904116880474142,0.7912411534730478,높음
20095,B07PGRX339,2021-11,0.36748889772310334,21.0,0.6774193548387096,0.37090024451306775,0.36748889772310334,-0.003411346789964409,0.9864472891220343,0.770127735123707,높음
20281,B0C4LRKXNV,2021-11,0.3577783926150137,18.0,0.6428571428571429,0.3494077686236791,0.3577783926150137,0.008370623991334591,0.9670718387422382,0.7401215516226715,보통
20154,B08DBMRW2H,2021-11,0.33928168980673795,95.0,0.9047619047619048,0.35290653398812766,0.33928168980673795,-0.013624844181389706,0.9469590990730443,0.9174210630552466,높음
20252,B0BTSQRXNZ,2021-11,0.33717593160097464,33.0,0.7674418604651163,0.34684351115826684,0.33717593160097464,-0.009667579557292194,0.9620678330953765,0.8258296522541944,높음
20032,B00WA6TGDE,2021-11,0.31700892391378876,14.0,0.5833333333333334,0.33415719420269036,0.31700892391378876,-0.01714827028890159,0.9337065455742739,0.6884452970056154,보통
20204,B09LM1H5N9,2021-11,0.3133524062962732,44.0,0.8148148148148148,0.2857049191741428,0.3133524062962732,0.027647487122130388,0.8953057951644988,0.8389621089197199,높음
20256,B0BVR77MZJ,2021-11,0.3008340825004685,26.0,0.7222222222222222,0.3077037581054509,0.3008340825004685,-0.006869675604982417,0.9728954026505473,0.7974241763507197,높음
20105,B07RHYHS9Y,2021-11,0.300460522062134,13.0,0.5652173913043478,0.30341312349674915,0.300460522062134,-0.0029526014346151763,0.9882590633484059,0.6921298929175652,보통
20083,B07HR81PD2,2021-11,0.27876666560677105,19.0,0.6551724137931034,0.28398470282040184,0.27876666560677105,-0.005218037213630788,0.9793441668392087,0.752423939706935,높음
20206,B09MQLYPRR,2021-11,0.2587372320140951,31.0,0.7560975609756098,0.2608089117042505,0.2587372320140951,-0.0020716796901554257,0.9917475214483497,0.8267925491174316,높음
20037,B01ALBMIEI,2021-11,0.2503743740597174,32.0,0.7619047619047619,0.23156721844098183,0.2503743740597174,0.018807155618735583,0.927531407560507,0.8115927556014852,높음
20140,B0838R8WCF,2021-11,0.23821516737694337,32.0,0.7619047619047619,0.24835825330440017,0.23821516737694337,-0.010143085927456802,0.9602396946967535,0.8214052417423592,높음
20109,B07SBW92N5,2021-11,0.18008469568812102,21.0,0.6774193548387096,0.18810708560002695,0.18008469568812102,-0.00802238991190593,0.9684198468550314,0.7647195024436061,높음
19899,B097F1B375,2021-10,0.900042731098704,9.0,0.47368421052631576,0.8931848680749214,0.900042731098704,0.006857863023782662,0.9729413733603749,0.6234613593765335,보통
19785,B07QJWX98P,2021-10,0.8224514950206375,8.0,0.4444444444444444,0.8277935804105019,0.8224514950206375,-0.0053420853898643594,0.978858343948858,0.6047686142957684,보통
19875,B08QHQTK9M,2021-10,0.7754516960146267,31.0,0.7560975609756098,0.7695380703271316,0.7754516960146267,0.005913625687495094,0.9766230720613823,0.8222552143013414,높음
19874,B08PNT3BLH,2021-10,0.7731348196755907,8.0,0.4444444444444444,0.7703436195691772,0.7731348196755907,0.0027912001064135383,0.9888972946507243,0.6077802995063284,보통
19816,B081JBKY7K,2021-10,0.7638791907551684,48.0,0.8275862068965517,0.736220205113448,0.7638791907551684,0.027658985641720424,0.8952646173465749,0.8478897300315587,높음
19850,B08CXBRG2N,2021-10,0.7424634501368846,12.0,0.5454545454545454,0.7204766472302693,0.7424634501368846,0.021986802906615366,0.9158092195265158,0.6565609476761365,보통
20000,B0C5R2628T,2021-10,0.7377033211702259,6.0,0.375,0.750411611782572,0.7377033211702259,-0.01270829061234613,0.9504372259243495,0.5476311677773048,보통
20007,B0C7CC35KH,2021-10,0.7248827109998687,9.0,0.47368421052631576,0.736440938115058,0.7248827109998687,-0.011558227115189279,0.9548195507391022,0.6180248125901517,보통
19713,B01CYBRSK2,2021-10,0.7172390171106778,7.0,0.4117647058823529,0.7222664634349001,0.7172390171106778,-0.005027446324222251,0.9800910678112549,0.5822626144610235,보통
19691,B008I42AUS,2021-10,0.6828193717269395,12.0,0.5454545454545454,0.6952822332001012,0.6828193717269395,-0.012462861473161668,0.9513707440352976,0.667229405028771,보통
19912,B09LM1H5N9,2021-10,0.6804532665352626,34.0,0.7727272727272727,0.654458901165183,0.6804532665352626,0.025994365370079597,0.9012456099342144,0.8112827738893552,높음
20019,B0CFMQLYHG,2021-10,0.6777484785357496,9.0,0.47368421052631576,0.6510494818074105,0.6777484785357496,0.026698996728339086,0.8987090026864736,0.6011916481743631,보통
19822,B08224KN82,2021-10,0.6600880338006226,13.0,0.5652173913043478,0.6347473693626623,0.6600880338006226,0.025340664437960347,0.9036052740000852,0.666733756113069,보통
19879,B08SBJRJGV,2021-10,0.618822542910157,14.0,0.5833333333333334,0.6145422816271554,0.618822542910157,0.0042802612830016296,0.9830246870800043,0.7032407394573346,보통
19870,B08MZTRS5G,2021-10,0.5910553000642278,17.0,0.6296296296296297,0.5634043311094232,0.5910553000642278,0.027650968954804567,0.895293326031446,0.7093287385501745,보통
20013,B0C86NF3DH,2021-10,0.5824986995170535,13.0,0.5652173913043478,0.575148583459376,0.5824986995170535,0.007350116057677436,0.9710275248028729,0.6869604313539053,보통
19966,B0BVZ6NRP6,2021-10,0.5807726155738028,9.0,0.47368421052631576,0.5886359389447501,0.5807726155738028,-0.007863323370947306,0.9690362157024981,0.6222898120791704,보통
19965,B0BVR77MZJ,2021-10,0.5608675796141407,22.0,0.6875,0.5871777179293568,0.5608675796141407,-0.026310138315216114,0.9001079726334641,0.7512823917900392,높음
19918,B09QZ4HZ33,2021-10,0.5339113072258149,20.0,0.6666666666666666,0.5156106799323291,0.5339113072258149,0.018300627293485805,0.9294125963897696,0.7454904455835976,보통
20015,B0C94VM8NS,2021-10,0.52506608584582,22.0,0.6875,0.5283344419780054,0.52506608584582,-0.003268356132185346,0.9870116614935455,0.7773534984480636,높음
19765,B07J9J8HPK,2021-10,0.5206123805044044,13.0,0.5652173913043478,0.4968488792944274,0.5206123805044044,0.023763501209977,0.9093238252545683,0.6684493214894138,보통
19871,B08NB5VNC6,2021-10,0.5151760040850302,14.0,0.5833333333333334,0.5292200020765453,0.5151760040850302,-0.014043997991515123,0.945372743241198,0.6919451563056926,보통
19811,B07YXRTY6F,2021-10,0.5138295357440444,12.0,0.5454545454545454,0.5219872808105716,0.5138295357440444,-0.008157745066527111,0.96789566629648,0.6721868817071257,보통
19848,B08C6GQKQW,2021-10,0.4979153828355313,13.0,0.5652173913043478,0.4925224211713331,0.4979153828355313,0.00539296166419817,0.9786591615542989,0.6892499223793331,보통
19790,B07RZ4MGXR,2021-10,0.49424814092278074,18.0,0.6428571428571429,0.49441756940296694,0.49424814092278074,-0.0001694284801861956,0.9993225156754646,0.7497967547026394,보통
19762,B07HR81PD2,2021-10,0.4916135215606148,11.0,0.5238095238095238,0.4923282014903121,0.4916135215606148,-0.000714679929697315,0.9971453625294983,0.6658102754255162,보통
19688,B0028BAAWW,2021-10,0.4832975407933449,19.0,0.6551724137931034,0.4818998483246778,0.4832975407933449,0.001397692468667111,0.9944248293950461,0.7569481384736862,높음
19992,B0C4LRKXNV,2021-10,0.47774814832570695,12.0,0.5454545454545454,0.46772249152194717,0.47774814832570695,0.010025656803759775,0.960690841067454,0.670025434138418,보통
19830,B0838R8WCF,2021-10,0.44007589317522233,18.0,0.6428571428571429,0.4612984207462068,0.44007589317522233,-0.021222527570984473,0.9186132250016552,0.7255839675004966,보통
19773,B07N82GT4R,2021-10,0.42161270572456805,16.0,0.6153846153846154,0.42811221376880365,0.42161270572456805,-0.006499508044235602,0.9743370069296909,0.723070332848138,보통
19981,B0C195VN2X,2021-10,0.4172294067417646,38.0,0.7916666666666666,0.4297866014455535,0.4172294067417646,-0.012557194703788854,0.9510118282516908,0.8394702151421738,높음
19715,B01FF4ASTS,2021-10,0.37840064931546447,31.0,0.7560975609756098,0.38003247558467323,0.37840064931546447,-0.0016318262692087693,0.993493951504405,0.8273164781342482,높음
19760,B07HKCQN2X,2021-10,0.3767732367006468,12.0,0.5454545454545454,0.3796187927150507,0.3767732367006468,-0.0028455560144039493,0.9886823083816789,0.6784228743326854,보통
19701,B00WA6TGDE,2021-10,0.37508490108665243,16.0,0.6153846153846154,0.39727567317785606,0.37508490108665243,-0.022190772091203625,0.9150623368110823,0.7052879318125554,보통
19916,B09NR62M32,2021-10,0.3639984827115328,55.0,0.8461538461538461,0.3314708340812721,0.3639984827115328,0.0325276486302607,0.8779983237468084,0.8557071894317348,높음
19771,B07M7FQ1CP,2021-10,0.3636030502301956,9.0,0.47368421052631576,0.3736219332940794,0.3636030502301956,-0.010018883063883766,0.9607168712995311,0.6197940087582803,보통
19852,B08DBMRW2H,2021-10,0.3634028952011911,99.0,0.908256880733945,0.3883485210816385,0.3634028952011911,-0.024945625880447353,0.9050342383908266,0.9072900880310095,높음
19774,B07NL9T1GL,2021-10,0.349890195678874,13.0,0.5652173913043478,0.34856495777162594,0.349890195678874,0.001325237907248089,0.9947130736217585,0.694066095999571,보통
19730,B0737B6HGR,2021-10,0.3487121635760606,36.0,0.782608695652174,0.34399368190255264,0.3487121635760606,0.004718481673507968,0.9813030705667465,0.8422170081265457,높음
19846,B08B6XFFRD,2021-10,0.34658775795748303,12.0,0.5454545454545454,0.3658651042402055,0.34658775795748303,-0.019277346282722485,0.9257885805626526,0.6595547559869775,보통
19788,B07RHYHS9Y,2021-10,0.34545442487178707,14.0,0.5833333333333334,0.35304476750064523,0.34545442487178707,-0.00759034262885816,0.9700949065028043,0.6993618052841746,보통
19961,B0BTSQRXNZ,2021-10,0.3378281385604125,23.0,0.696969696969697,0.3509127591219118,0.3378281385604125,-0.013084620561499283,0.9490075902521291,0.7725810649544266,높음
19962,B0BTV3G59T,2021-10,0.3270821375478509,35.0,0.7777777777777778,0.3339927907389773,0.3270821375478509,-0.006910653191126381,0.9727359480983448,0.8362652288739478,높음
19810,B07YFDB6Y6,2021-10,0.3150025488162782,16.0,0.6153846153846154,0.3184947858834718,0.3150025488162782,-0.003492237067193593,0.9861281647741761,0.7266076802014836,보통
19925,B09TWWTX37,2021-10,0.3055888108437362,19.0,0.6551724137931034,0.298654232220711,0.3055888108437362,0.006934578623025156,0.9726428600420329,0.7504135476677822,높음
19778,B07PGRX339,2021-10,0.2476703013092729,25.0,0.7142857142857143,0.2610697487735719,0.2476703013092729,-0.013399447464299025,0.9478132499493934,0.784343974984818,높음
19914,B09MQLYPRR,2021-10,0.2259032158376144,37.0,0.7872340425531915,0.22621995478922655,0.2259032158376144,-0.0003167389516121333,0.9987338464432185,0.8506839837201996,높음
19708,B01ALBMIEI,2021-10,0.21371685194941314,43.0,0.8113207547169812,0.19251455527621752,0.21371685194941314,0.02120229667319562,0.9186875654906143,0.843530797949071,높음
19791,B07SBW92N5,2021-10,0.17946131894506132,17.0,0.6296296296296297,0.18610025061061974,0.17946131894506132,-0.0066389316655584285,0.9737937760466246,0.732878873554728,보통
19670,B0C6QDS1HT,2021-09,0.8843365110372633,7.0,0.4117647058823529,0.8740922865686402,0.8843365110372633,0.010244224468623053,0.9598513042969613,0.5761906854067353,보통
19659,B0C58TH22G,2021-09,0.8796425389280966,5.0,0.3333333333333333,0.867438472904229,0.8796425389280966,0.012204066023867588,0.952356095632916,0.5190401620232081,보통
19524,B08QHQTK9M,2021-09,0.8623987888369409,25.0,0.7142857142857143,0.860566285557918,0.8623987888369409,0.0018325032790228457,0.992696785910999,0.7978090357732996,높음
19469,B08224KN82,2021-09,0.8415777416013723,11.0,0.5238095238095238,0.8290850461926444,0.8415777416013723,0.012492695408727883,0.9512572182753644,0.6520438321492759,보통
19555,B097F1B375,2021-09,0.8262712749796144,11.0,0.5238095238095238,0.8077728558999769,0.8262712749796144,0.01849841907963745,0.9286775664838192,0.6452699366118124,보통
19644,B0C2DQMJGQ,2021-09,0.8039686378836178,8.0,0.4444444444444444,0.7898909386268492,0.8039686378836178,0.014077699256768605,0.9452453108003264,0.5946847043512089,보통
19625,B0BVR77MZJ,2021-09,0.7811341909901517,19.0,0.6551724137931034,0.7863216553677727,0.7811341909901517,-0.005187464377620965,0.9794639394770777,0.7524598714982957,높음
19518,B08MZTRS5G,2021-09,0.7325021503000858,11.0,0.5238095238095238,0.7198051501516394,0.7325021503000858,0.012697000148446436,0.9504801504023697,0.6518107117873775,보통
19654,B0C4LRKXNV,2021-09,0.7294257755659636,11.0,0.5238095238095238,0.7173094667165949,0.7294257755659636,0.012116308849368651,0.9526904586352656,0.6524738042572463,보통
19679,B0C94VM8NS,2021-09,0.7193815834960534,12.0,0.5454545454545454,0.7228114923522725,0.7193815834960534,-0.003429908856219077,0.986374049841263,0.6777303967705607,보통
19520,B08NV72Z13,2021-09,0.7140168915482721,10.0,0.5,0.7318813499945818,0.7140168915482721,-0.017864458446309683,0.9310355350115073,0.6293106605034522,보통
19626,B0BVZ6NRP6,2021-09,0.7026337823188925,6.0,0.375,0.7097337339424752,0.7026337823188925,-0.007099951623582679,0.9719996773226546,0.5540999031967964,보통
19588,B09YV4R5ZC,2021-09,0.6979127343484716,6.0,0.375,0.6645597837332953,0.6979127343484716,0.03335295061517629,0.8751046476506305,0.5250313942951891,보통
19364,B072YQNJCR,2021-09,0.6830192783502141,8.0,0.4444444444444444,0.7044832788589958,0.6830192783502141,-0.02146400050878161,0.9177263724358311,0.5864290228418604,보통
19584,B09W5PBYKD,2021-09,0.6806572711251471,12.0,0.5454545454545454,0.6753423590291266,0.6806572711251471,0.005314912096020419,0.9789647449529315,0.6755076053040612,보통
19443,B07TXS441N,2021-09,0.6792267987849455,7.0,0.4117647058823529,0.692765772391956,0.6792267987849455,-0.013538973607010507,0.947284418627604,0.5724206197059283,보통
19685,B0CFMQLYHG,2021-09,0.6692344390031415,14.0,0.5833333333333334,0.6414200406120878,0.6692344390031415,0.027814398391053707,0.8947082481559728,0.6767458077801252,보통
19332,B00WA6TGDE,2021-09,0.6525132997973209,7.0,0.4117647058823529,0.6705643291062946,0.6525132997973209,-0.01805102930897373,0.930340977800267,0.5673375874577271,보통
19401,B07HR81PD2,2021-09,0.6457235857520405,11.0,0.5238095238095238,0.6459516151915939,0.6457235857520405,-0.00022802943955346766,0.9990882980947433,0.6663931560950896,보통
19416,B07N82GT4R,2021-09,0.6439190943091289,7.0,0.4117647058823529,0.6600235545589532,0.6439190943091289,-0.01610446024982437,0.9376131444566386,0.5695192374546386,보통
19366,B073PM5CWW,2021-09,0.6022712105700593,6.0,0.375,0.6312267786172688,0.6022712105700593,-0.028955568047209557,0.8906334995744346,0.5296900498723303,보통
19405,B07J9J8HPK,2021-09,0.6017489189266173,12.0,0.5454545454545454,0.5854059200022212,0.6017489189266173,0.016342998924396057,0.9367189431407142,0.662833864760396,보통
19641,B0C195VN2X,2021-09,0.6013904973786508,21.0,0.6774193548387096,0.6090837090165051,0.6013904973786508,-0.0076932116378543025,0.9696958178094953,0.7651022937299453,높음
19477,B083BNBSYG,2021-09,0.5955320571057813,5.0,0.3333333333333333,0.6070443012069601,0.5955320571057813,-0.011512244101178792,0.9549951888144597,0.5198318899776712,보통
19458,B07YXRTY6F,2021-09,0.5781306613652097,8.0,0.4444444444444444,0.5781353647710724,0.5781306613652097,-4.703405862671595e-06,0.9999811865535244,0.6111054670771684,보통
19417,B07NL9T1GL,2021-09,0.5589640968890428,11.0,0.5238095238095238,0.5689878964394495,0.5589640968890428,-0.010023799550406665,0.960697978079108,0.654876060090399,보통
19316,B0028BAAWW,2021-09,0.5540107923330208,17.0,0.6296296296296297,0.5582690271119841,0.5540107923330208,-0.004258234778963366,0.9831113012845233,0.7356741311260977,보통
19567,B09LM1H5N9,2021-09,0.5266945604661931,44.0,0.8148148148148148,0.4858304950203117,0.5266945604661931,0.04086406544588139,0.8492036408419931,0.8251314626229682,높음
19523,B08PNT3BLH,2021-09,0.4997319904319347,13.0,0.5652173913043478,0.49701840792272395,0.4997319904319347,0.002713582509210777,0.9892043656440475,0.6924134836062577,보통
19622,B0BTV3G59T,2021-09,0.49579395041255736,27.0,0.7297297297297297,0.5119585678359413,0.49579395041255736,-0.01616461742338393,0.9373875549727274,0.792027077302629,높음
19672,B0C7CC35KH,2021-09,0.4953739295736534,16.0,0.6153846153846154,0.5027976278815984,0.4953739295736534,-0.007423698307945037,0.9707417652972037,0.7219917603583919,보통
19476,B0838R8WCF,2021-09,0.48966834547669585,24.0,0.7058823529411765,0.5070711803051825,0.48966834547669585,-0.017402834828486646,0.9327562751591559,0.7739445296065703,높음
19529,B08SBJRJGV,2021-09,0.4798319221729557,17.0,0.6296296296296297,0.4683083694317059,0.4798319221729557,0.011523552741249832,0.9549519910040445,0.727226338041954,보통
19411,B07M7FQ1CP,2021-09,0.4752806506917401,13.0,0.5652173913043478,0.48050675073681703,0.4752806506917401,-0.0052261000450769535,0.9793125822007547,0.6894459485732698,보통
19463,B081JBKY7K,2021-09,0.4731244031683624,105.0,0.9130434782608695,0.43143722691945485,0.4731244031683624,0.041687176248907554,0.8464122837928606,0.8930541199204669,높음
19427,B07QJWX98P,2021-09,0.4569509711970954,19.0,0.6551724137931034,0.45312642357286204,0.4569509711970954,0.003824547624233343,0.9848182323767856,0.7540661593682081,높음
19493,B08C6GQKQW,2021-09,0.45625065949998456,15.0,0.6,0.4467231006641385,0.45625065949998456,0.00952755883584605,0.9626068217487275,0.7087820465246182,보통
19365,B0737B6HGR,2021-09,0.4489563835030257,23.0,0.696969696969697,0.4598492142467567,0.4489563835030257,-0.010892830743730986,0.957364269588076,0.7750880687552106,높음
19434,B07SBW92N5,2021-09,0.4414769687631541,15.0,0.6,0.46349202065110345,0.4414769687631541,-0.022015051887949333,0.9157057426626664,0.6947117227987999,보통
19431,B07RHYHS9Y,2021-09,0.4294339821696501,13.0,0.5652173913043478,0.4399069733413949,0.4294339821696501,-0.010472991171744772,0.9589733779653626,0.6833441873026522,보통
19398,B07HKCQN2X,2021-09,0.42773575122005314,11.0,0.5238095238095238,0.43892784726392814,0.42773575122005314,-0.011192096043875,0.9562189316227224,0.6535323461534834,보통
19497,B08DBMRW2H,2021-09,0.40617354491771995,79.0,0.8876404494382022,0.4230966113489839,0.40617354491771995,-0.016923066431263956,0.9345480217886097,0.9017127211433243,높음
19575,B09QZ4HZ33,2021-09,0.393049723574046,21.0,0.6774193548387096,0.3656093469509331,0.393049723574046,0.027440376623112883,0.8960478114008058,0.7430078918073384,보통
19570,B09MQLYPRR,2021-09,0.36808075629949233,30.0,0.75,0.37047465225181714,0.36808075629949233,-0.0023938959523248093,0.9904701161092222,0.8221410348327666,높음
19572,B09NR62M32,2021-09,0.35764877867614386,55.0,0.8461538461538461,0.3250470718998697,0.35764877867614386,0.032601706776274164,0.8777382705545863,0.8556291734740682,높음
19421,B07PGRX339,2021-09,0.3493444531569602,15.0,0.6,0.3625704553849998,0.3493444531569602,-0.013226002228039602,0.9484710528808471,0.7045413158642542,보통
19457,B07YFDB6Y6,2021-09,0.31774930828097564,21.0,0.6774193548387096,0.3190213886833827,0.31774930828097564,-0.0012720804024070609,0.9949246019697059,0.7726709289780085,높음
19347,B01FF4ASTS,2021-09,0.29304295583515116,43.0,0.8113207547169812,0.2947342150074792,0.29304295583515116,-0.0016912591723280412,0.9932577946574139,0.865901866699111,높음
19340,B01ALBMIEI,2021-09,0.29031133643909984,31.0,0.7560975609756098,0.263010864070138,0.29031133643909984,0.027300472368961826,0.8965493953381197,0.7982331112843626,높음
19344,B01CYBRSK2,2021-09,0.2870327634086763,13.0,0.5652173913043478,0.29743782247030914,0.2870327634086763,-0.01040505906163286,0.9592339937125397,0.6834223720268053,보통
19582,B09TWWTX37,2021-09,0.2753044219412706,24.0,0.7058823529411765,0.2685738753484537,0.2753044219412706,0.006730546592816911,0.9734369852415158,0.7861487426312783,높음
19433,B07RZ4MGXR,2021-09,0.2673073839218172,36.0,0.782608695652174,0.2789869260456204,0.2673073839218172,-0.011679542123803233,0.9543563273719948,0.8341329851681201,높음
19684,B0CDGZZPSY,2021-09,0.2070442198754302,20.0,0.6666666666666666,0.21740058786690525,0.2070442198754302,-0.010356367991475046,0.9594208364258349,0.7544929175944171,높음
19095,B0863S8674,2021-08,0.9032208493832761,11.0,0.5238095238095238,0.9040948030518932,0.9032208493832761,-0.000873953668617089,0.9965102885716403,0.6656197532381587,보통
19176,B094PY8C63,2021-08,0.8796049142334115,9.0,0.47368421052631576,0.8715827825208428,0.8796049142334115,0.008022131712568714,0.9684208470369983,0.6221052014795205,보통
19062,B07YCDQ39L,2021-08,0.8754145334034639,7.0,0.4117647058823529,0.868665827905863,0.8754145334034639,0.006748705497600871,0.9733662816112351,0.5802451786010175,보통
19300,B0C6QDS1HT,2021-08,0.8219103630668236,12.0,0.5454545454545454,0.8107104828031981,0.8219103630668236,0.011199880263625506,0.9561891584130738,0.6686749293421039,보통
19012,B07LCSK4JY,2021-08,0.7813719145682271,5.0,0.3333333333333333,0.7764125926949391,0.7813719145682271,0.0049593218732879585,0.9803581768663584,0.5274407863932408,보통
19148,B08QHQTK9M,2021-08,0.7572301123887009,66.0,0.868421052631579,0.7479592707253964,0.7572301123887009,0.009270841663304497,0.9635958002435443,0.8969734769151685,높음
19263,B0BXHF9S26,2021-08,0.7109788399412703,11.0,0.5238095238095238,0.6812909905129929,0.7109788399412703,0.029687849428277402,0.888028539248448,0.6330752284412011,보통
19031,B07QJWX98P,2021-08,0.7070289493197037,12.0,0.5454545454545454,0.710963168127468,0.7070289493197037,-0.003934218807764234,0.9843863023998258,0.6771340725381295,보통
19142,B08MZTRS5G,2021-08,0.6894833113617136,14.0,0.5833333333333334,0.665751457849455,0.6894833113617136,0.023731853512258594,0.909438944563136,0.6811650167022741,보통
19067,B07YXRTY6F,2021-08,0.6563446287190896,11.0,0.5238095238095238,0.6560818261560264,0.6563446287190896,0.0002628025630632136,0.9989493420756899,0.6663514692893736,보통
19206,B09W5PBYKD,2021-08,0.6438855121542746,11.0,0.5238095238095238,0.6335550816324841,0.6438855121542746,0.010330430521790501,0.9595203813850723,0.6545227810821883,보통
19287,B0C5BHXVH1,2021-08,0.6406472554474689,5.0,0.3333333333333333,0.6542614826278061,0.6406472554474689,-0.013614227180337224,0.9469993153899977,0.5174331279503326,보통
19286,B0C58TH22G,2021-08,0.6309693270331382,20.0,0.6666666666666666,0.5985646991642251,0.6309693270331382,0.03240462786891318,0.8784304781550134,0.7301958101131707,보통
19199,B09QZ4HZ33,2021-08,0.6172335186745914,17.0,0.6296296296296297,0.5993287025267323,0.6172335186745914,0.017904816147859104,0.9308852493251878,0.720006315538297,보통
19281,B0C4LRKXNV,2021-08,0.6044006678754524,18.0,0.6428571428571429,0.5841339849867265,0.6044006678754524,0.020266682888725907,0.9221321540789206,0.7266396462236762,보통
19108,B089SZP3KS,2021-08,0.5997681253786206,5.0,0.3333333333333333,0.5816721842059709,0.5997681253786206,0.018095941172649677,0.9301738594232436,0.5123854911603064,보통
19065,B07YFDB6Y6,2021-08,0.5945583430111228,12.0,0.5454545454545454,0.6029176804802784,0.5945583430111228,-0.008359337469155625,0.9671154992388076,0.671952831589824,보통
19009,B07J9J8HPK,2021-08,0.5732013393401286,9.0,0.47368421052631576,0.5607355453404392,0.5732013393401286,0.01246579399968939,0.9513595844209712,0.6169868226947124,보통
19036,B07RHYHS9Y,2021-08,0.5612217661212122,11.0,0.5238095238095238,0.5669668036027098,0.5612217661212122,-0.005745037481497572,0.9772818826984413,0.6598512314761991,보통
19144,B08NV72Z13,2021-08,0.5556609659806045,14.0,0.5833333333333334,0.5738371814534147,0.5556609659806045,-0.01817621547281012,0.92987523114779,0.6872959026776704,보통
19113,B08CRV3XXV,2021-08,0.5425036257649605,11.0,0.5238095238095238,0.5361697833750921,0.5425036257649605,0.006333842389868338,0.9749828776145446,0.6591615299510301,보통
19020,B07NL9T1GL,2021-08,0.5241924679028059,9.0,0.47368421052631576,0.5390849452805543,0.5241924679028059,-0.014892477377748348,0.942169664668295,0.6142298467689096,보통
19119,B08DBMRW2H,2021-08,0.5172856556770254,72.0,0.8780487804878049,0.5362149967450212,0.5172856556770254,-0.01892934106799571,0.9270781949545577,0.8927576048278307,높음
19049,B07TXS441N,2021-08,0.503244612712619,11.0,0.5238095238095238,0.5108232909538092,0.503244612712619,-0.007578678241190184,0.9701401698109903,0.6577087176099636,보통
19245,B0BTSQRXNZ,2021-08,0.49191419064920394,6.0,0.375,0.5025889242891324,0.49191419064920394,-0.010674733639928435,0.9581998274985289,0.5499599482495586,보통
19039,B07SBW92N5,2021-08,0.48712054198405885,20.0,0.6666666666666666,0.5002736401902196,0.48712054198405885,-0.01315309820616073,0.9487476826312923,0.7512909714560543,높음
18960,B072YQNJCR,2021-08,0.47249677779568244,12.0,0.5454545454545454,0.4899027255935262,0.47249677779568244,-0.017405947797843768,0.9327446606646582,0.6616415800175792,보통
19116,B08CXBRG2N,2021-08,0.46576442696544385,23.0,0.696969696969697,0.4387042109517814,0.46576442696544385,0.02706021601366243,0.8974114162440564,0.7571022127520048,높음
19112,B08C6GQKQW,2021-08,0.4577306820707918,17.0,0.6296296296296297,0.4474976204401943,0.4577306820707918,0.010233061630597506,0.959894163912378,0.7287089899144541,보통
19077,B0821T4RK8,2021-08,0.44850298120741056,11.0,0.5238095238095238,0.4627209365661701,0.44850298120741056,-0.014217955358759526,0.9447151538388574,0.6500812128183239,보통
18924,B00ZYDKI1Y,2021-08,0.44564945936341616,15.0,0.6,0.44555678223603307,0.44564945936341616,9.267712738308953e-05,0.9996293601943772,0.7198888080583131,보통
19001,B07HKCQN2X,2021-08,0.4241344474776614,11.0,0.5238095238095238,0.42167545136572204,0.4241344474776614,0.0024589961119393378,0.9902122306368417,0.6637303358577191,보통
19210,B09YV4R5ZC,2021-08,0.42360006037959724,17.0,0.6296296296296297,0.38526143104427446,0.42360006037959724,0.03833862933532278,0.8578255538635261,0.6980884068997986,보통
19251,B0BVZ6NRP6,2021-08,0.422043666891336,17.0,0.6296296296296297,0.4430038868650426,0.422043666891336,-0.020960219973706617,0.9195775677335473,0.7166140110608048,보통
19019,B07N82GT4R,2021-08,0.42106730297319006,16.0,0.6153846153846154,0.4328200826957372,0.42106730297319006,-0.011752779722547124,0.9540767892563436,0.7169922675461339,보통
19313,B0CFMQLYHG,2021-08,0.4096060460071506,20.0,0.6666666666666666,0.3816295675569499,0.4096060460071506,0.027976478450200737,0.8941283786837185,0.7349051802717821,보통
18920,B00WA6TGDE,2021-08,0.40748671891859567,16.0,0.6153846153846154,0.4266246285865691,0.40748671891859567,-0.019137909667973407,0.9263050798896865,0.7086607547361368,보통
19038,B07RZ4MGXR,2021-08,0.39907685988327846,23.0,0.696969696969697,0.4091057905301283,0.39907685988327846,-0.010028930646849843,0.9606782605455406,0.77608226604245,높음
19195,B09NR62M32,2021-08,0.39414035403590697,54.0,0.84375,0.3540178529824737,0.39414035403590697,0.04012250105343329,0.8517263372038253,0.8461429011611475,높음
19246,B0BTV3G59T,2021-08,0.3846350412098133,30.0,0.75,0.3961624021177121,0.3846350412098133,-0.011527360907898798,0.9549374446495407,0.8114812333948621,높음
19204,B09TWWTX37,2021-08,0.381251992322972,13.0,0.5652173913043478,0.37212293474942515,0.381251992322972,0.009129057573546873,0.9641424454538066,0.6848949075491854,보통
19086,B083BNBSYG,2021-08,0.3765001656765551,13.0,0.5652173913043478,0.38545244819200586,0.3765001656765551,-0.008952282515450771,0.9648244318890065,0.6850995034797454,보통
19250,B0BVR77MZJ,2021-08,0.37605111313952894,59.0,0.855072463768116,0.37281135575887075,0.37605111313952894,0.0032397573806581814,0.9871245771569622,0.8946880977847698,높음
19005,B07HR81PD2,2021-08,0.3618869217911487,21.0,0.6774193548387096,0.36420320446116855,0.3618869217911487,-0.0023162826700198758,0.9907776583924289,0.7714268459048254,높음
18932,B01ALBMIEI,2021-08,0.3491746075663161,38.0,0.7916666666666666,0.32844304083581977,0.3491746075663161,0.02073156673049631,0.9204190100449003,0.8302923696801368,높음
19153,B08SBJRJGV,2021-08,0.34708270300089966,18.0,0.6428571428571429,0.34066242645396017,0.34708270300089966,0.006420276546939496,0.9746458485867999,0.74239375457604,보통
19268,B0C195VN2X,2021-08,0.3457217969206579,33.0,0.7674418604651163,0.3615595163187874,0.3457217969206579,-0.0158377193981295,0.9386140772558679,0.8187935255023417,높음
18937,B01CYBRSK2,2021-08,0.3445355956385744,10.0,0.5,0.34222809670921955,0.3445355956385744,0.0023074989293548342,0.9908124699400087,0.6472437409820027,보통
18962,B073PM5CWW,2021-08,0.3331370599188063,14.0,0.5833333333333334,0.357157110293534,0.3331370599188063,-0.024020050374727653,0.9083911588145807,0.6808506809777075,보통
19024,B07PGRX339,2021-08,0.3267521804597861,18.0,0.6428571428571429,0.33147771226890116,0.3267521804597861,-0.004725531809115058,0.9812753976780669,0.7443826193034201,보통
19190,B09LM1H5N9,2021-08,0.318738520025426,78.0,0.8863636363636364,0.28863332966820676,0.318738520025426,0.030105190357219258,0.8865473333061709,0.8864187454463965,높음
18928,B014ITW6FK,2021-08,0.3024801875849117,11.0,0.5238095238095238,0.3111159374243642,0.3024801875849117,-0.008635749839452533,0.9660467994014064,0.6564807064870886,보통
19072,B081JBKY7K,2021-08,0.2934235679251159,172.0,0.945054945054945,0.2644760085211587,0.2934235679251159,0.028947559403957213,0.8906620310952964,0.9287370708670504,높음
19302,B0C7CC35KH,2021-08,0.2923336724542623,28.0,0.7368421052631579,0.3008584482932387,0.2923336724542623,-0.008524775838976428,0.9664757189040964,0.8057321893554394,높음
18961,B0737B6HGR,2021-08,0.24631674204059933,33.0,0.7674418604651163,0.2491003008688988,0.24631674204059933,-0.002783558828299476,0.9889275208696745,0.8338875585864838,높음
19085,B0838R8WCF,2021-08,0.23178727048229722,35.0,0.7777777777777778,0.24620282621467504,0.23178727048229722,-0.014415555732377822,0.9439687445897637,0.8276350678213735,높음
19312,B0CDGZZPSY,2021-08,0.21390474818966881,17.0,0.6296296296296297,0.23148165544660632,0.21390474818966881,-0.017576907256937502,0.9321070326159597,0.7203728505255287,보통
18907,B0028BAAWW,2021-08,0.20922282657678892,19.0,0.6551724137931034,0.21546105465944554,0.20922282657678892,-0.006238228082656616,0.9753558381802763,0.7512274411092552,높음
18940,B01FF4ASTS,2021-08,0.19963373442615628,51.0,0.8360655737704918,0.2015965679890583,0.19963373442615628,-0.0019628335629020277,0.9921794069673509,0.8828997237295495,높음
19193,B09MQLYPRR,2021-08,0.19767652858298138,46.0,0.8214285714285714,0.2020760892524612,0.19767652858298138,-0.0043995606694798295,0.9825557020199176,0.8697667106059752,높음
18768,B092S4GXQB,2021-07,0.8677676803939869,11.0,0.5238095238095238,0.853677825131779,0.8677676803939869,0.014089855262207851,0.9451993502891699,0.6502264717534176,보통
18613,B07LCSK4JY,2021-07,0.8609465403563609,7.0,0.4117647058823529,0.8546902767465403,0.8609465403563609,0.006256263609820567,0.975285476491471,0.5808209370650883,보통
18696,B087WJCW3P,2021-07,0.8440844934955333,7.0,0.4117647058823529,0.8278820847660578,0.8440844934955333,0.016202408729475426,0.9372458652822088,0.5694090537023097,보통
18856,B0BXHF9S26,2021-07,0.8388271371321299,9.0,0.47368421052631576,0.8250317957869243,0.8388271371321299,0.013795341345205547,0.9463135038797996,0.6154729985323609,보통
18770,B094PY8C63,2021-07,0.819442069301639,18.0,0.6428571428571429,0.8030425080079572,0.819442069301639,0.016399561293681808,0.9365070349425622,0.7309521104827686,보통
18659,B07YCDQ39L,2021-07,0.808168107643688,10.0,0.5,0.7911631533173029,0.808168107643688,0.017004954326385047,0.9342419592354073,0.6302725877706221,보통
18873,B0C4LRKXNV,2021-07,0.7071785602506474,20.0,0.6666666666666666,0.6949825161115538,0.7071785602506474,0.012196044139093587,0.9523866548866509,0.7523826631326619,높음
18703,B089SZP3KS,2021-07,0.7027253051543757,11.0,0.5238095238095238,0.6930420142085083,0.7027253051543757,0.009683290945867395,0.9620073733089649,0.6552688786593561,보통
18709,B08CRV3XXV,2021-07,0.6917180843754427,11.0,0.5238095238095238,0.690192693186292,0.6917180843754427,0.0015253911891507377,0.99391701198803,0.6648417702630756,보통
18704,B08B6XFFRD,2021-07,0.6668072751017717,8.0,0.4444444444444444,0.6703652522352421,0.6668072751017717,-0.0035579771334703914,0.9858688863419941,0.6068717770137093,보통
18610,B07J9J8HPK,2021-07,0.6540488649416418,12.0,0.5454545454545454,0.6430379416956128,0.6540488649416418,0.011010923246029036,0.9569121462124189,0.6688918256819074,보통
18639,B07SKTNJ9S,2021-07,0.6422421282841617,10.0,0.5,0.6374908619581378,0.6422421282841617,0.004751266326023962,0.9811743922835509,0.6443523176850652,보통
18712,B08CXBRG2N,2021-07,0.636762722014331,15.0,0.6,0.6059623148661648,0.636762722014331,0.03080040714816623,0.884085387696253,0.6852256163088759,보통
18664,B07YXRTY6F,2021-07,0.6320819339787103,12.0,0.5454545454545454,0.6235104256405268,0.6320819339787103,0.008571508338183431,0.9662950724856706,0.671706703563883,보통
18749,B08SBJRJGV,2021-07,0.6121169679110816,15.0,0.6,0.601152410374903,0.6121169679110816,0.010964557536178643,0.9570896343143283,0.7071268902942984,보통
18739,B08MZTRS5G,2021-07,0.5898439720829529,16.0,0.6153846153846154,0.5825984079131014,0.5898439720829529,0.007245564169851559,0.9714337007732782,0.7221993410012142,보통
18878,B0C58TH22G,2021-07,0.5795361983134424,22.0,0.6875,0.5469186351218354,0.5795361983134424,0.032617563191607024,0.8776826011897523,0.7445547803569257,보통
18631,B07QJWX98P,2021-07,0.5712900822028057,14.0,0.5833333333333334,0.5719479679757177,0.5712900822028057,-0.0006578857729119258,0.9973719163826233,0.7075449082481203,보통
18834,B0BTBTK796,2021-07,0.5690956493027706,9.0,0.47368421052631576,0.5736118784233157,0.5690956493027706,-0.004516229120545168,0.9820972759885871,0.6262081301649971,보통
18547,B01NBMCGJY,2021-07,0.56417945099456,17.0,0.6296296296296297,0.5860642135171396,0.56417945099456,-0.021884762522579537,0.9161830939197548,0.7155956689166671,보통
18620,B07N82GT4R,2021-07,0.557352905186628,9.0,0.47368421052631576,0.5594382662571286,0.557352905186628,-0.002085361070500613,0.991693249033217,0.6290869220783861,보통
18606,B07HR81PD2,2021-07,0.5356045154180407,13.0,0.5652173913043478,0.5486313715477568,0.5356045154180407,-0.013026856129716102,0.9492268911235693,0.6804202412501141,보통
18796,B09W5PBYKD,2021-07,0.5316690738563717,18.0,0.6428571428571429,0.5187108217190687,0.5316690738563717,0.012958252137303061,0.9494874098849363,0.7348462229654809,보통
18741,B08NV72Z13,2021-07,0.4924437577186549,17.0,0.6296296296296297,0.499720928949806,0.4924437577186549,-0.007277171231151125,0.971310891878583,0.7321340083043155,보통
18879,B0C5BHXVH1,2021-07,0.48922408331166284,12.0,0.5454545454545454,0.5052740277055359,0.48922408331166284,-0.016049944393873028,0.9378176258832734,0.6631634695831639,보통
18646,B07TXS441N,2021-07,0.4852418293267491,12.0,0.5454545454545454,0.48719154123510267,0.4852418293267491,-0.0019497119083535797,0.9922314844757383,0.6794876271609033,보통
18715,B08DBMRW2H,2021-07,0.47360241220321536,83.0,0.8924731182795699,0.4932969838130039,0.47360241220321536,-0.019694571609788547,0.9242448193402483,0.9020046285977733,높음
18662,B07YFDB6Y6,2021-07,0.4675333884681071,21.0,0.6774193548387096,0.47052217250618755,0.4675333884681071,-0.00298878403808045,0.9881160425551444,0.77062836115364,높음
18637,B07RZ4MGXR,2021-07,0.464993341209787,25.0,0.7142857142857143,0.4702511925554822,0.464993341209787,-0.005257851345695175,0.979188212305947,0.7937564636917841,높음
18893,B0C7CC35KH,2021-07,0.46466012055285216,32.0,0.7619047619047619,0.48816183470632496,0.46466012055285216,-0.023501714153472797,0.910276520804732,0.8064162895747529,높음
18708,B08C6GQKQW,2021-07,0.45133713619588134,13.0,0.5652173913043478,0.4555529199239267,0.45133713619588134,-0.004215783728045375,0.9832782518902149,0.6906356494801078,보통
18788,B09QZ4HZ33,2021-07,0.44968932797366945,27.0,0.7297297297297297,0.434225937053596,0.44968932797366945,0.015463390920073428,0.9400205298597117,0.7928169697687244,높음
18553,B072YQNJCR,2021-07,0.4484952832917797,18.0,0.6428571428571429,0.46144420546929293,0.4484952832917797,-0.012948922177513256,0.9495228452635741,0.7348568535790723,보통
18624,B07PGRX339,2021-07,0.42679111727436525,19.0,0.6551724137931034,0.43776069879756235,0.42679111727436525,-0.010969581523197103,0.9570704008839928,0.7457418099203702,보통
18554,B0737B6HGR,2021-07,0.4068059447179764,18.0,0.6428571428571429,0.4038977133895861,0.4068059447179764,0.0029082313283902983,0.9884344755525355,0.7465303426657606,보통
18682,B083BNBSYG,2021-07,0.4046348486158104,13.0,0.5652173913043478,0.4114535633819788,0.4046348486158104,-0.00681871476616841,0.9730937411280403,0.6875802962514554,보통
18836,B0BTSQRXNZ,2021-07,0.3916744071625249,12.0,0.5454545454545454,0.4082710909903971,0.3916744071625249,-0.016596683827872216,0.9357688994270315,0.6625488516462912,보통
18658,B07XSF9JJZ,2021-07,0.3854741989487127,12.0,0.5454545454545454,0.37113727044433825,0.3854741989487127,0.014336928504374458,0.9442656778642322,0.6650978851774514,보통
18837,B0BTV3G59T,2021-07,0.3761533976335242,32.0,0.7619047619047619,0.3827125830658808,0.3761533976335242,-0.006559185432356618,0.9741044511365471,0.8255646686742973,높음
18891,B0C6QDS1HT,2021-07,0.3627463604592149,25.0,0.7142857142857143,0.3304479542264267,0.3627463604592149,0.03229840623278818,0.8788037907475929,0.7636411372242778,높음
18744,B08QHQTK9M,2021-07,0.3609649268391608,140.0,0.9333333333333333,0.35684114590950916,0.3609649268391608,0.004123780929651655,0.9836401758852653,0.9484253860989129,높음
18516,B00WA6TGDE,2021-07,0.360416570731171,17.0,0.6296296296296297,0.3767499470554864,0.360416570731171,-0.01633337632431542,0.936754998521714,0.7217672402972548,보통
18524,B014ITW6FK,2021-07,0.35830753558553985,13.0,0.5652173913043478,0.3799983587676804,0.35830753558553985,-0.02169082318214055,0.9168941054501367,0.6707204055480844,보통
18794,B09TWWTX37,2021-07,0.3315738549624162,23.0,0.696969696969697,0.32944457733978283,0.3315738549624162,0.0021292776226333743,0.9915190573403785,0.7853345050809014,높음
18602,B07HKCQN2X,2021-07,0.3244374422434029,16.0,0.6153846153846154,0.33064945422897135,0.3244374422434029,-0.0062120119855684774,0.9754581236366303,0.7234066678602199,보통
18500,B0028BAAWW,2021-07,0.321372899236891,15.0,0.6,0.3292868166562948,0.321372899236891,-0.007913917419403782,0.9688401256841298,0.710652037705239,보통
18841,B0BVR77MZJ,2021-07,0.3166201529474319,56.0,0.8484848484848485,0.3236230000323365,0.3166201529474319,-0.007002847084904618,0.972377292975341,0.8856525818319962,높음
18527,B01ALBMIEI,2021-07,0.3090653047600105,38.0,0.7916666666666666,0.2919157273741491,0.3090653047600105,0.01714957738586137,0.9337016638070876,0.8342771658087929,높음
18901,B0CDGZZPSY,2021-07,0.29482064705037014,12.0,0.5454545454545454,0.3080379743024219,0.29482064705037014,-0.01321732725205177,0.9485039653063084,0.6663693714100742,보통
18902,B0CFMQLYHG,2021-07,0.27867078884785046,20.0,0.6666666666666666,0.2529741789472374,0.27867078884785046,0.025696609900613065,0.9023196526501993,0.7373625624617264,보통
18555,B073PM5CWW,2021-07,0.2596334643748061,18.0,0.6428571428571429,0.27988117726660294,0.2596334643748061,-0.020247712891796832,0.9222021281102256,0.7266606384330676,보통
18520,B00ZYDKI1Y,2021-07,0.2535257005998106,26.0,0.7222222222222222,0.24801165557391316,0.2535257005998106,0.005514045025897446,0.9781852789572032,0.7990111392427165,높음
18669,B081JBKY7K,2021-07,0.24292675094074564,176.0,0.946236559139785,0.2157784553289807,0.24292675094074564,0.027148295611764933,0.8970952973870686,0.93149418061397,높음
18635,B07RHYHS9Y,2021-07,0.24050204309632484,24.0,0.7058823529411765,0.23744147657022846,0.24050204309632484,0.0030605665260963755,0.9878323655712405,0.7904673567301956,높음
18638,B07SBW92N5,2021-07,0.2361068318769783,39.0,0.7959183673469388,0.24817801355811528,0.2361068318769783,-0.012071181681136967,0.9528624430475359,0.8430015900571177,높음
18785,B09NR62M32,2021-07,0.2311676025414825,104.0,0.9122807017543859,0.20691904179380924,0.2311676025414825,0.02424856074767326,0.9075612309566862,0.9108648605150759,높음
18681,B0838R8WCF,2021-07,0.2268014569029629,32.0,0.7619047619047619,0.2365807857931622,0.2268014569029629,-0.00977932889019928,0.9616378874405764,0.8218246995655061,높음
18780,B09LM1H5N9,2021-07,0.2165818457416846,93.0,0.9029126213592233,0.189518260013062,0.2165818457416846,0.027063585728622608,0.8973993202428777,0.9012586310243196,높음
18534,B01FF4ASTS,2021-07,0.21191623801900142,51.0,0.8360655737704918,0.2085139241574656,0.21191623801900142,0.003402313861535805,0.9864829317969908,0.8811907811784414,높음
18783,B09MQLYPRR,2021-07,0.20812203528035236,40.0,0.8,0.20603890843396427,0.20812203528035236,0.002083126846388089,0.9917021117326963,0.8575106335198088,높음
18121,B01E9H4SZM,2021-06,0.8473744789417432,6.0,0.375,0.8555850096692071,0.8473744789417432,-0.008210530727463916,0.9676913238200912,0.5528073971460272,보통
18485,B0C7D34B53,2021-06,0.8271129291426375,8.0,0.4444444444444444,0.8137844924494041,0.8271129291426375,0.013328436693233359,0.9480825079868455,0.5955358635071647,보통
18356,B094PY8C63,2021-06,0.8216774275338655,20.0,0.6666666666666666,0.8057128039492468,0.8216774275338655,0.015964623584618698,0.9381377419403818,0.7481079892487812,보통
18289,B087WJCW3P,2021-06,0.8172843544647735,10.0,0.5,0.7975517700072974,0.8172843544647735,0.019732584457476166,0.9241042973136292,0.6272312891940888,보통
18142,B0737B6HGR,2021-06,0.7844189197711557,8.0,0.4444444444444444,0.7852897949826387,0.7844189197711557,-0.000870875211482991,0.9965225595040195,0.6100678789623168,보통
18230,B07SKTNJ9S,2021-06,0.771707611081374,8.0,0.4444444444444444,0.7653586531756639,0.771707611081374,0.006348957905710106,0.974923929920084,0.6035882900871363,보통
18141,B072YQNJCR,2021-06,0.7618629749189195,7.0,0.4117647058823529,0.7715506197892799,0.7618629749189195,-0.009687644870360335,0.9619906194249955,0.5768324799451456,보통
18377,B09QZ4HZ33,2021-06,0.7442563548116371,16.0,0.6153846153846154,0.7283663915231965,0.7442563548116371,0.01588996328844061,0.9384179503458607,0.712294615872989,보통
18301,B08CRV3XXV,2021-06,0.738703224139914,10.0,0.5,0.7337389473120622,0.738703224139914,0.004964276827851721,0.9803387465380214,0.6441016239614064,보통
18383,B09SLP6PDV,2021-06,0.7188630272567539,7.0,0.4117647058823529,0.7218066364853687,0.7188630272567539,-0.0029436092286148074,0.9882946105040141,0.5847236772688513,보통
18248,B07XSF9JJZ,2021-06,0.6458904174315572,14.0,0.5833333333333334,0.6427758202212951,0.6458904174315572,0.0031145972102620822,0.9876188956057166,0.7046190020150482,보통
18337,B08SBJRJGV,2021-06,0.6397572771017213,13.0,0.5652173913043478,0.6289683037523878,0.6397572771017213,0.010788973349333486,0.9577620696454245,0.6829807948066708,보통
18447,B0BXHF9S26,2021-06,0.6259386195876889,13.0,0.5652173913043478,0.6048313990626768,0.6259386195876889,0.021107220525012127,0.9190370130350992,0.6713632778235732,보통
18385,B09TWWTX37,2021-06,0.6229558190346168,15.0,0.6,0.6228559683763149,0.6229558190346168,9.985065830198092e-05,0.9996006771174059,0.7198802031352217,보통
18170,B07BFGZQ65,2021-06,0.622284740902269,10.0,0.5,0.6317364796793185,0.622284740902269,-0.009451738777049412,0.9628988056462542,0.6388696416938762,보통
18330,B08MZTRS5G,2021-06,0.613163993757421,12.0,0.5454545454545454,0.6017343909273832,0.613163993757421,0.0114296028300378,0.9553109290632842,0.668411460537167,보통
18144,B073PM5CWW,2021-06,0.6023888276559609,6.0,0.375,0.6332084570280881,0.6023888276559609,-0.030819629372127233,0.8840174139602075,0.5277052241880622,보통
18161,B0797GQSS9,2021-06,0.5880380733641309,5.0,0.3333333333333333,0.5946744467090758,0.5880380733641309,-0.006636373344944824,0.9738037412043754,0.5254744556946459,보통
18297,B08B6XFFRD,2021-06,0.5746605298551728,10.0,0.5,0.5866278856535141,0.5746605298551728,-0.011967355798341295,0.9532582523696804,0.635977475710904,보통
18191,B07HKCQN2X,2021-06,0.5623139602769563,10.0,0.5,0.5856906209648961,0.5623139602769563,-0.023376660687939754,0.9107319676397255,0.6232195902919176,보통
18296,B089SZP3KS,2021-06,0.5601804196655216,14.0,0.5833333333333334,0.5468894672552346,0.5601804196655216,0.013290952410286994,0.9482246714163111,0.6928007347582266,보통
18227,B07RZ4MGXR,2021-06,0.5594880253378695,28.0,0.7368421052631579,0.56085990224061,0.5594880253378695,-0.001371876902740543,0.9945275212560208,0.8141477300610167,높음
18264,B0821T4RK8,2021-06,0.556812135909871,9.0,0.47368421052631576,0.5682695293717231,0.556812135909871,-0.01145739346185215,0.955204740188314,0.6181403694249152,보통
18251,B07YFDB6Y6,2021-06,0.5545319547719612,21.0,0.6774193548387096,0.5470543597395539,0.5545319547719612,0.007477595032407303,0.9705325086487171,0.7653533009817118,높음
18208,B07N82GT4R,2021-06,0.5510369562349845,11.0,0.5238095238095238,0.5665506323278071,0.5510369562349845,-0.015513676092822615,0.9398314724949866,0.6486161084151626,보통
18110,B014ITW6FK,2021-06,0.5487268963723468,9.0,0.47368421052631576,0.5604816289811339,0.5487268963723468,-0.01175473260878701,0.9540693364717184,0.6177997483099366,보통
18275,B083BNBSYG,2021-06,0.5375013587997177,11.0,0.5238095238095238,0.545078563230423,0.5375013587997177,-0.007577204430705309,0.9701458890388647,0.657710433378326,보통
18489,B0C86NF3DH,2021-06,0.527351750150634,8.0,0.4444444444444444,0.49308000519834144,0.527351750150634,0.034271744952292515,0.8718943856265826,0.5726794267990858,보통
18213,B07PGRX339,2021-06,0.5044552840810621,24.0,0.7058823529411765,0.4886184669758973,0.5044552840810621,0.015836817105164824,0.938617464881495,0.775702886523272,높음
18118,B01CYBRSK2,2021-06,0.485992494905365,11.0,0.5238095238095238,0.49514497850970585,0.485992494905365,-0.009152483604340844,0.9640521055640149,0.6558822983358711,보통
18427,B0BTBTK796,2021-06,0.4709072729027788,10.0,0.5,0.48078981903760404,0.4709072729027788,-0.009882546134825254,0.9612409389377983,0.6383722816813395,보통
18429,B0BTSQRXNZ,2021-06,0.45237109868777936,14.0,0.5833333333333334,0.46970435684630396,0.45237109868777936,-0.0173332581585246,0.9330159035876902,0.6882381044096404,보통
18304,B08DBMRW2H,2021-06,0.44854078869953234,132.0,0.9295774647887324,0.4732279388110818,0.44854078869953234,-0.024687150111549483,0.9059704399608594,0.9224953573403704,높음
18252,B07YXRTY6F,2021-06,0.4341908106950368,19.0,0.6551724137931034,0.4294133373073739,0.4341908106950368,0.004777473387662878,0.9810715428832978,0.7529421525201617,높음
18134,B01NBMCGJY,2021-06,0.43298223603376185,22.0,0.6875,0.4435387246612908,0.43298223603376185,-0.010556488627528948,0.9586531440968665,0.76884594322906,높음
18237,B07TXS441N,2021-06,0.4329662752469032,13.0,0.5652173913043478,0.43653002303582933,0.4329662752469032,-0.0035637477889261526,0.9858461301659607,0.6914060129628317,보통
18430,B0BTV3G59T,2021-06,0.41652710965620593,31.0,0.7560975609756098,0.42560664467479614,0.41652710965620593,-0.009079535018590212,0.964333451560367,0.8185683281510368,높음
18201,B07KQMGVG7,2021-06,0.4157363929704955,11.0,0.5238095238095238,0.44302658576274645,0.4157363929704955,-0.027290192792250922,0.8965862606891729,0.6356425448734184,보통
18202,B07LCSK4JY,2021-06,0.4155358433184036,22.0,0.6875,0.40669990296646,0.4155358433184036,0.008835940351943572,0.9652735354274983,0.7708320606282495,높음
18494,B0CFMQLYHG,2021-06,0.3990015391972371,16.0,0.6153846153846154,0.3722167715017818,0.3990015391972371,0.02678476769545529,0.8984007230111234,0.7002894476725678,보통
18471,B0C5BHXVH1,2021-06,0.3959979539003992,14.0,0.5833333333333334,0.40406537965648903,0.3959979539003992,-0.008067425756089819,0.9682454081461819,0.6988069557771879,보통
18483,B0C7CC35KH,2021-06,0.39078730030086706,19.0,0.6551724137931034,0.40365651578432354,0.39078730030086706,-0.012869215483456486,0.9498256268361549,0.7435683777060189,보통
18300,B08C6GQKQW,2021-06,0.39008906339210264,17.0,0.6296296296296297,0.37717416031704865,0.39008906339210264,0.012914903075053996,0.9496520617148718,0.7256363592552022,보통
18194,B07HR81PD2,2021-06,0.38469367939818294,23.0,0.696969696969697,0.3895298536817597,0.38469367939818294,-0.004836174283576744,0.9808412108116625,0.7821311511222866,높음
18465,B0C4LRKXNV,2021-06,0.3515768921808265,42.0,0.8076923076923077,0.33294818074973365,0.3515768921808265,0.018628711431092848,0.9281936942489499,0.8438427236593004,높음
18433,B0BVR77MZJ,2021-06,0.34095951818523607,48.0,0.8275862068965517,0.3528068640470262,0.34095951818523607,-0.011847345861790148,0.9537159640703302,0.8654251340486852,높음
18225,B07RHYHS9Y,2021-06,0.3392187291022407,16.0,0.6153846153846154,0.3396156069069946,0.3392187291022407,-0.00039687780475389234,0.9984137482103788,0.7302933552323444,보통
18113,B01ALBMIEI,2021-06,0.3276431807094393,46.0,0.8214285714285714,0.3031445678443265,0.3276431807094393,0.024498612865112845,0.9066539343451763,0.8469961803035528,높음
18334,B08QHQTK9M,2021-06,0.32483841470087366,73.0,0.8795180722891566,0.31684271642295025,0.32483841470087366,0.007995698277923402,0.9685232472071565,0.9062196247645564,높음
18470,B0C58TH22G,2021-06,0.32005536012251756,42.0,0.8076923076923077,0.29626077440992127,0.32005536012251756,0.023794585712596295,0.9092107687680117,0.8381478460150189,높음
18103,B00WA6TGDE,2021-06,0.3144113368754558,15.0,0.6,0.3240434769699612,0.3144113368754558,-0.009632140094505415,0.9622042234310259,0.7086612670293078,보통
18355,B092S4GXQB,2021-06,0.30954810144304784,28.0,0.7368421052631579,0.2899208542216808,0.30954810144304784,0.01962724722136705,0.9244937497257711,0.7931375986019418,높음
18493,B0CDGZZPSY,2021-06,0.2912514146226515,19.0,0.6551724137931034,0.30345644751618644,0.2912514146226515,-0.012205032893534917,0.9523524124231528,0.7443264133821182,보통
18373,B09NR62M32,2021-06,0.2911818445983939,48.0,0.8275862068965517,0.25970690362297316,0.2911818445983939,0.03147494097542075,0.8817032208449375,0.8438213110810674,높음
18228,B07SBW92N5,2021-06,0.27279346161992446,28.0,0.7368421052631579,0.2908437269207584,0.27279346161992446,-0.018050265300833923,0.9303438209569308,0.7948926199712897,높음
18274,B0838R8WCF,2021-06,0.2673103201449506,19.0,0.6551724137931034,0.2794823771527967,0.2673103201449506,-0.012172057007846127,0.9524780393654402,0.7443641014648044,보통
18107,B00ZYDKI1Y,2021-06,0.2601779038269929,27.0,0.7297297297297297,0.2642046178627198,0.2601779038269929,-0.004026714035726908,0.9840221656240326,0.8060174604980206,높음
18371,B09MQLYPRR,2021-06,0.24039887947824914,46.0,0.8214285714285714,0.24755151993036972,0.24039887947824914,-0.007152640452120579,0.9717948448108336,0.8665384534432501,높음
18123,B01FF4ASTS,2021-06,0.23862073525221758,53.0,0.8412698412698413,0.23404467396943374,0.23862073525221758,0.004576061282783844,0.9818622600985222,0.8834475669184456,높음
18367,B09LM1H5N9,2021-06,0.21220825394141815,107.0,0.9145299145299145,0.19147007044631775,0.21220825394141815,0.0207381834951004,0.9203946495835703,0.9162893350460112,높음
18259,B081JBKY7K,2021-06,0.20471329545077557,122.0,0.9242424242424242,0.18201373081765282,0.20471329545077557,0.022699564633122754,0.9132019230131107,0.92093027387363,높음
17750,B07GXBTH82,2021-05,0.8853895687753623,8.0,0.4444444444444444,0.8796035591314403,0.8853895687753623,0.005786009643922063,0.9771217304142409,0.6042476302353833,보통
17857,B085J2JV64,2021-05,0.8632679580792108,8.0,0.4444444444444444,0.869078268285289,0.8632679580792108,-0.005810310206078251,0.9770267566007733,0.6042191380913431,보통
18070,B0C7D34B53,2021-05,0.8576376612118568,8.0,0.4444444444444444,0.8475554069607382,0.8576376612118568,0.010082254251118639,0.9604733750871997,0.5992531236372709,보통
17916,B08SBJRJGV,2021-05,0.8249006577710005,5.0,0.3333333333333333,0.8199664367727258,0.8249006577710005,0.004934220998274674,0.980456613200215,0.5274703172933978,보통
17802,B07SVXPYR7,2021-05,0.8237258885348402,5.0,0.3333333333333333,0.8315171884859227,0.8237258885348402,-0.00779129995108252,0.9693154291292896,0.5241279620721202,보통
18007,B0BTSQRXNZ,2021-05,0.823324779181262,10.0,0.5,0.8363082660714659,0.823324779181262,-0.012983486890203899,0.9493915744011036,0.634817472320331,보통
17631,B001TH7GZU,2021-05,0.7999706402272274,5.0,0.3333333333333333,0.8173936324183457,0.7999706402272274,-0.017422992191118314,0.9326810705651079,0.5131376545028656,보통
17669,B01E9H4SZM,2021-05,0.7900826819967389,7.0,0.4117647058823529,0.7948933936929957,0.7900826819967389,-0.0048107116962567975,0.9809411149191195,0.5825176285933829,보통
17963,B09W5PBYKD,2021-05,0.7854944067282372,7.0,0.4117647058823529,0.7831283083218862,0.7854944067282372,0.002366098406351047,0.9905802527865202,0.5854093699536032,보통
17959,B09SLP6PDV,2021-05,0.7629323696876451,10.0,0.5,0.7733459711734104,0.7629323696876451,-0.010413601485765311,0.9592012175380525,0.6377603652614157,보통
17845,B0829K9XCJ,2021-05,0.7379706230306032,6.0,0.375,0.7392746831736814,0.7379706230306032,-0.0013040601430781562,0.9947973403864311,0.5609392021159293,보통
17821,B07XSF9JJZ,2021-05,0.7243248296179909,15.0,0.6,0.7210746624173411,0.7243248296179909,0.003250167200649856,0.987083474856073,0.7161250424568218,보통
17834,B081DG1BRW,2021-05,0.7193796196581128,5.0,0.3333333333333333,0.7207450381778523,0.7193796196581128,-0.0013654185197394808,0.9945532137464328,0.5316992974572632,보통
17658,B014ITW6FK,2021-05,0.7099124584269293,8.0,0.4444444444444444,0.7270649978285669,0.7099124584269293,-0.017152539401637634,0.9336906013163881,0.5912182915060276,보통
17864,B087WJCW3P,2021-05,0.7092559387925742,13.0,0.5652173913043478,0.6842968455869591,0.7092559387925742,0.02495909320561507,0.904985486142458,0.6671478197557807,보통
17807,B07TXS441N,2021-05,0.68954088067091,9.0,0.47368421052631576,0.7003473393995637,0.68954088067091,-0.010806458728653712,0.9576950846556227,0.6188874727651078,보통
17813,B07W4MCG4Q,2021-05,0.6878599636150969,17.0,0.6296296296296297,0.6988014906088731,0.6878599636150969,-0.010941526993776152,0.957177807549245,0.7278940830055142,보통
17826,B07YXRTY6F,2021-05,0.6830977953881092,9.0,0.47368421052631576,0.6814540337563069,0.6830977953881092,0.001643761631802354,0.9934465217944126,0.6296129039067448,보통
17873,B089SZP3KS,2021-05,0.6645329675983546,11.0,0.5238095238095238,0.6463300605243786,0.6645329675983546,0.018202907073975982,0.9297759570122404,0.6455994537703387,보통
17907,B08MZTRS5G,2021-05,0.6560033187917349,10.0,0.5,0.6385215881959463,0.6560033187917349,0.017481730595788614,0.9324619595139783,0.6297385878541935,보통
17726,B07BFGZQ65,2021-05,0.6529351462731416,7.0,0.4117647058823529,0.6707953167221411,0.6529351462731416,-0.017860170448999457,0.9310515042599385,0.5675507453956286,보통
17953,B09QZ4HZ33,2021-05,0.6516975731234792,25.0,0.7142857142857143,0.6474015005609872,0.6516975731234792,0.0042960725624919816,0.9829625175336918,0.7948887552601076,높음
17736,B07CTC362N,2021-05,0.6383807377316304,9.0,0.47368421052631576,0.6475338872968082,0.6383807377316304,-0.009153149565177765,0.9640495374836471,0.6207938086135152,보통
17691,B072YQNJCR,2021-05,0.6371645630237807,13.0,0.5652173913043478,0.6454571758489515,0.6371645630237807,-0.008292612825170798,0.9673736554375517,0.685864270544309,보통
17840,B0821T4RK8,2021-05,0.6302491665987539,8.0,0.4444444444444444,0.6405681254103066,0.6302491665987539,-0.010318958811552759,0.9595644117544017,0.5989804346374316,보통
17765,B07KQMGVG7,2021-05,0.6159190606772035,6.0,0.375,0.6378251910219935,0.6159190606772035,-0.021906130344790053,0.9161047899163219,0.5373314369748965,보통
17842,B0823P5GLQ,2021-05,0.597174497542836,9.0,0.47368421052631576,0.606066461127767,0.597174497542836,-0.00889196358493094,0.9650572486858812,0.6210961219741853,보통
17692,B0737B6HGR,2021-05,0.5925707672178254,14.0,0.5833333333333334,0.5919159428948786,0.5925707672178254,0.0006548243229468342,0.9973841300742807,0.7075485723556175,보통
17775,B07N82GT4R,2021-05,0.586492790791368,12.0,0.5454545454545454,0.5932260136146426,0.586492790791368,-0.006733222823274598,0.9734265647304571,0.6738461512373188,보통
17825,B07YFDB6Y6,2021-05,0.5845841693674166,16.0,0.6153846153846154,0.5778621978876085,0.5845841693674166,0.006721971479808131,0.9734703751427783,0.7228103433120643,보통
17913,B08QHQTK9M,2021-05,0.574166486199048,42.0,0.8076923076923077,0.5710592934408565,0.574166486199048,0.0031071927581914904,0.9876481471460038,0.8616790595284165,높음
17782,B07PGRX339,2021-05,0.5698527305503353,26.0,0.7222222222222222,0.5751354611859129,0.5698527305503353,-0.005282730635577604,0.9790907711250285,0.7992827868930641,높음
18008,B0BTV3G59T,2021-05,0.5641483167869749,23.0,0.696969696969697,0.5786789664954581,0.5641483167869749,-0.014530649708483279,0.9435342641450649,0.7709390671223073,높음
18081,B0CDGZZPSY,2021-05,0.5636185816800876,18.0,0.6428571428571429,0.5876979167386858,0.5636185816800876,-0.02407933505859816,0.9081757696234258,0.7224527308870278,보통
18006,B0BTBTK796,2021-05,0.5633054472429179,14.0,0.5833333333333334,0.5728284025846357,0.5633054472429179,-0.009522955341717876,0.9626245473313328,0.6971206975327331,보통
17874,B08B6XFFRD,2021-05,0.5400594073858888,16.0,0.6153846153846154,0.5494927526309223,0.5400594073858888,-0.009433345245033586,0.9629696526925157,0.7196601265769855,보통
17767,B07LCSK4JY,2021-05,0.5320575116275985,15.0,0.6,0.5205305771336493,0.5320575116275985,0.011526934493949259,0.9549390734455191,0.7064817220336557,보통
17716,B0797GQSS9,2021-05,0.5316002710661759,12.0,0.5454545454545454,0.5314805674445926,0.5316002710661759,0.00011970362158331138,0.9995213001270293,0.6816745718562905,보통
18054,B0C5BHXVH1,2021-05,0.5233649185435245,16.0,0.6153846153846154,0.5247189938665884,0.5233649185435245,-0.0013540753230638636,0.9945983404210181,0.7291487328955362,보통
17795,B07RHYHS9Y,2021-05,0.5222680871360906,16.0,0.6153846153846154,0.5195015245838248,0.5222680871360906,0.0027665625522658166,0.9889947554956131,0.7274676574179146,보통
18027,B0BXHF9S26,2021-05,0.5103480546175131,16.0,0.6153846153846154,0.48024885003870244,0.5103480546175131,0.030099204578810657,0.8865685602638332,0.6967397988483808,보통
17694,B073PM5CWW,2021-05,0.4981144514669017,8.0,0.4444444444444444,0.5298680839713273,0.4981144514669017,-0.031753632504425644,0.8807208756142733,0.575327373795393,보통
17684,B06VW9HKXF,2021-05,0.48686272772361777,14.0,0.5833333333333334,0.5011290387706767,0.48686272772361777,-0.014266311047058944,0.9445324421036875,0.6916930659644396,보통
17851,B083BNBSYG,2021-05,0.4771102464291808,12.0,0.5454545454545454,0.4767776131020869,0.4771102464291808,0.0003326333270939341,0.9986703514586192,0.6814192872557675,보통
18082,B0CFMQLYHG,2021-05,0.47566480861986865,16.0,0.6153846153846154,0.4515546274487656,0.47566480861986865,0.02411018117110303,0.9080637217681935,0.7031883472996888,보통
17799,B07SKTNJ9S,2021-05,0.4711809894759082,16.0,0.6153846153846154,0.46356972175682837,0.4711809894759082,0.007611267719079828,0.9700137126070622,0.7217733445513494,보통
17947,B09MQLYPRR,2021-05,0.4542766077253355,33.0,0.7674418604651163,0.4559543971326107,0.4542766077253355,-0.0016777894072751987,0.9933113118956539,0.8352026958942775,높음
18076,B0C86NF3DH,2021-05,0.4440978447642928,14.0,0.5833333333333334,0.42044925618601064,0.4440978447642928,0.02364858857828217,0.9097418925049148,0.6812559010848078,보통
17683,B01NBMCGJY,2021-05,0.44199894126207745,24.0,0.7058823529411765,0.45575014405176634,0.44199894126207745,-0.013751202789688888,0.9464805942741316,0.7780618253410629,높음
17876,B08C6GQKQW,2021-05,0.43010320353520937,13.0,0.5652173913043478,0.41986353812378147,0.43010320353520937,0.0102396654114279,0.9598688085245469,0.6836128164704075,보통
17961,B09TWWTX37,2021-05,0.42282392972426286,37.0,0.7872340425531915,0.4221132033971026,0.42282392972426286,0.0007107263271602382,0.9971611319199303,0.8502121693632131,높음
17969,B09YV4R5ZC,2021-05,0.4144393553634224,11.0,0.5238095238095238,0.38253199265599913,0.4144393553634224,0.03190736270742328,0.8801794684966158,0.6307205072156514,보통
17932,B094PY8C63,2021-05,0.41434972209708487,38.0,0.7916666666666666,0.382503416988734,0.41434972209708487,0.03184630510835085,0.8803944613298366,0.8182850050656175,높음
18048,B0C4LRKXNV,2021-05,0.4134570174065258,37.0,0.7872340425531915,0.38369532233232906,0.4134570174065258,0.029761695074196737,0.8877662698209631,0.817393710733523,높음
18012,B0BVR77MZJ,2021-05,0.4060164044431202,35.0,0.7777777777777778,0.41943622365477357,0.4060164044431202,-0.013419819211653361,0.9477360186478411,0.8287652500387968,높음
17880,B08DBMRW2H,2021-05,0.4023564820387261,95.0,0.9047619047619048,0.4180312997252893,0.4023564820387261,-0.015674817686563203,0.9392258839216674,0.9151010985098336,높음
17949,B09NR62M32,2021-05,0.363102820075406,20.0,0.6666666666666666,0.34451032122159264,0.363102820075406,0.018592498853813366,0.9283281531304534,0.7451651126058025,보통
17757,B07HR81PD2,2021-05,0.34990850480553914,28.0,0.7368421052631579,0.3624597842300196,0.34990850480553914,-0.012551279424480477,0.951034330520263,0.8010997728402893,높음
17850,B0838R8WCF,2021-05,0.3303833594182274,24.0,0.7058823529411765,0.3401104205575145,0.3303833594182274,-0.009727061139287119,0.9618389590572402,0.7826693347759957,높음
17662,B01ALBMIEI,2021-05,0.313795678167689,52.0,0.8387096774193549,0.2875033447167864,0.313795678167689,0.026292333450902594,0.9001720801175682,0.8571483982288188,높음
17754,B07HKCQN2X,2021-05,0.3073491877456351,16.0,0.6153846153846154,0.299480596517505,0.3073491877456351,0.00786859122813005,0.9690157969400681,0.7214739698512512,보통
17797,B07RZ4MGXR,2021-05,0.30506674998866906,41.0,0.803921568627451,0.3193625000882545,0.30506674998866906,-0.014295750099585447,0.9444212240914175,0.8460714652666409,높음
18053,B0C58TH22G,2021-05,0.27288420883810144,30.0,0.75,0.24867083621185235,0.27288420883810144,0.02421337262624909,0.9076889814462539,0.797306694433876,높음
18068,B0C7CC35KH,2021-05,0.26279573895779207,26.0,0.7222222222222222,0.274909889861075,0.26279573895779207,-0.012114150903282939,0.9526986820893415,0.7913651601823579,높음
17654,B00ZYDKI1Y,2021-05,0.24800675543943435,25.0,0.7142857142857143,0.24403741935202436,0.24800675543943435,0.003969336087409986,0.984248036234873,0.7952744108704619,높음
17944,B09LM1H5N9,2021-05,0.2480038722232018,92.0,0.9019607843137255,0.2313027314422285,0.2480038722232018,0.016701140780973317,0.9353779908267975,0.9119859462676471,높음
17798,B07SBW92N5,2021-05,0.22708173085715114,34.0,0.7727272727272727,0.22978522557310835,0.22708173085715114,-0.002703494715957211,0.9892442820058827,0.8376823755108557,높음
17650,B00WA6TGDE,2021-05,0.22101618152174607,14.0,0.5833333333333334,0.23634400198968314,0.22101618152174607,-0.01532782046793707,0.940530424133413,0.6904924605733572,보통
17835,B081JBKY7K,2021-05,0.20269067326970452,57.0,0.8507462686567164,0.17886668135853084,0.20269067326970452,0.02382399191117368,0.9091038293278394,0.8682535368580533,높음
17671,B01FF4ASTS,2021-05,0.1862888580639049,59.0,0.855072463768116,0.18336806032766395,0.1862888580639049,0.00292079773624096,0.9883847925182068,0.8950661623931431,높음
17381,B0829K9XCJ,2021-04,0.8144873690245424,7.0,0.4117647058823529,0.8269045116879981,0.8144873690245424,-0.012417142663455616,0.9515447420968072,0.5736987167466892,보통
17416,B08CRV3XXV,2021-04,0.7983150217341753,11.0,0.5238095238095238,0.7923535884276569,0.7983150217341753,0.005961433306518438,0.976436329822321,0.6595975656133629,보통
17394,B085J2JV64,2021-04,0.7622636724702144,17.0,0.6296296296296297,0.7681519948181769,0.7622636724702144,-0.005888322347962438,0.9767219243646359,0.7337573180501314,보통
17457,B08QHQTK9M,2021-04,0.760953644882095,16.0,0.6153846153846154,0.7555069581487499,0.760953644882095,0.005446686733345141,0.9784488700264588,0.7243038917771685,보통
17499,B09SLP6PDV,2021-04,0.7390981245852657,14.0,0.5833333333333334,0.74869611419214,0.7390981245852657,-0.009597989606874302,0.9623356713825683,0.6970340347481038,보통
17450,B08MZTRS5G,2021-04,0.7300908870936346,10.0,0.5,0.7165871922492312,0.7300908870936346,0.013503694844403391,0.9474181041484064,0.6342254312445219,보통
17502,B09W5PBYKD,2021-04,0.7145352422542454,14.0,0.5833333333333334,0.7061935741002123,0.7145352422542454,0.008341668154033033,0.9671838547284325,0.6984884897518631,보통
17403,B087WJCW3P,2021-04,0.7031236460738118,13.0,0.5652173913043478,0.6721435458497219,0.7031236460738118,0.030980100224089924,0.8834501599248883,0.6606872218905099,보통
17446,B08L8RRDP9,2021-04,0.6914420551603833,11.0,0.5238095238095238,0.7010977022662436,0.6914420551603833,-0.00965564710586031,0.9621137535020241,0.6553007927172738,보통
17547,B0BTBTK796,2021-04,0.6417593639054154,10.0,0.5,0.6583075447691709,0.6417593639054154,-0.016548180863755424,0.9359504673010242,0.6307851401903073,보통
17420,B08DBMRW2H,2021-04,0.6102609016375051,48.0,0.8275862068965517,0.6264014128528553,0.6102609016375051,-0.016140511215350206,0.9374779467682978,0.8605537288580755,높음
17413,B089SZP3KS,2021-04,0.6075682102540794,13.0,0.5652173913043478,0.5969172717805237,0.6075682102540794,0.010650938473555693,0.9582910339362594,0.6831394840939212,보통
17619,B0C86NF3DH,2021-04,0.5906625780569355,9.0,0.47368421052631576,0.5727261210371555,0.5906625780569355,0.017936457019779972,0.9307674406966928,0.6108091795774289,보통
17345,B07W4MCG4Q,2021-04,0.5797991660912944,21.0,0.6774193548387096,0.5788269259172804,0.5797991660912944,0.000972240174014094,0.9961185915183312,0.7730291258425961,높음
17548,B0BTSQRXNZ,2021-04,0.579034080511784,27.0,0.7297297297297297,0.57935117732094,0.579034080511784,-0.00031709680915603666,0.9987324168264765,0.8104305358587538,높음
17201,B01E9H4SZM,2021-04,0.5704290252879481,20.0,0.6666666666666666,0.5797295210314828,0.5704290252879481,-0.009300495743534642,0.9634815088334122,0.7557111193166903,높음
17553,B0BVR77MZJ,2021-04,0.5631702710339849,40.0,0.8,0.5915225105091276,0.5631702710339849,-0.02835223947514276,0.8927854737751701,0.827835642132551,높음
17378,B0823P5GLQ,2021-04,0.5624784981590731,8.0,0.4444444444444444,0.5611058759529503,0.5624784981590731,0.0013726222061228865,0.9945245563615386,0.6094684780195726,보통
17414,B08B6XFFRD,2021-04,0.5377292057715555,9.0,0.47368421052631576,0.5425820754460945,0.5377292057715555,-0.004852869674539018,0.9807757108888349,0.6258116606350714,보통
17346,B07WFFXFZB,2021-04,0.5199611824381264,10.0,0.5,0.4892592197575658,0.5199611824381264,0.03070196268056058,0.8844335895100768,0.615330076853023,보통
17392,B084P1TGCK,2021-04,0.5085166195705899,15.0,0.6,0.5160667722071169,0.5085166195705899,-0.00755015263652703,0.9702508714663409,0.7110752614399023,보통
17593,B0C5BHXVH1,2021-04,0.5035755920070619,22.0,0.6875,0.5172728183878736,0.5035755920070619,-0.013697226380811722,0.9466849668301343,0.7652554900490403,높음
17288,B07HR81PD2,2021-04,0.5000640164123038,23.0,0.696969696969697,0.5110157751125761,0.5000640164123038,-0.010951758700272318,0.957138634101307,0.77502037810918,높음
17626,B0CFMQLYHG,2021-04,0.4891982023452731,13.0,0.5652173913043478,0.46308088039954537,0.4891982023452731,0.026117321945727745,0.9008024626228374,0.6658929126998946,보통
17217,B06VW9HKXF,2021-04,0.4851836377955697,17.0,0.6296296296296297,0.5044397287305276,0.4851836377955697,-0.019256090934957837,0.9258672957417877,0.718500929463277,보통
17377,B0821T4RK8,2021-04,0.4835951108658282,14.0,0.5833333333333334,0.5055511175612084,0.4835951108658282,-0.021956006695380226,0.9159220402919799,0.6831099454209273,보통
17326,B07RHYHS9Y,2021-04,0.48126787037910634,20.0,0.6666666666666666,0.4793043548997768,0.48126787037910634,0.0019635154793295473,0.9921767006372952,0.7643196768578552,높음
17372,B081DG1BRW,2021-04,0.4718141986706969,13.0,0.5652173913043478,0.45278686816130065,0.4718141986706969,0.019027330509396256,0.9267148906613455,0.673666641111447,보통
17224,B072YQNJCR,2021-04,0.4673113892931622,17.0,0.6296296296296297,0.48141306584107824,0.4673113892931622,-0.014101676547916053,0.9451546574595477,0.724287137978605,보통
17253,B0797GQSS9,2021-04,0.46357701567895443,14.0,0.5833333333333334,0.47687907012651665,0.46357701567895443,-0.013302054447562217,0.948182563448697,0.6927881023679424,보통
17295,B07KQMGVG7,2021-04,0.4503455307958028,15.0,0.6,0.46881550463353855,0.4503455307958028,-0.018469973837735743,0.9287832383275368,0.698634971498261,보통
17160,B001TH7GZU,2021-04,0.4465135510372492,18.0,0.6428571428571429,0.4683615233248069,0.4465135510372492,-0.021847972287557693,0.9163179302062222,0.7248953790618666,보통
17338,B07TXS441N,2021-04,0.44043361229182476,18.0,0.6428571428571429,0.4464435230351136,0.44043361229182476,-0.006009910743288827,0.9762470076568637,0.7428741022970591,보통
17386,B0838R8WCF,2021-04,0.4351989537816022,22.0,0.6875,0.4564817542297967,0.4351989537816022,-0.021282800448194472,0.9183917818483037,0.7567675345544911,높음
17363,B07YXRTY6F,2021-04,0.4202856919281143,15.0,0.6,0.41788609978477087,0.4202856919281143,0.002399592143343454,0.9904475487384008,0.7171342646215202,보통
17263,B07BFGZQ65,2021-04,0.42022699425426574,17.0,0.6296296296296297,0.4368674366760854,0.42022699425426574,-0.016640442421819668,0.9356051220355915,0.7214222773514182,보통
17355,B07XSF9JJZ,2021-04,0.41282338505752003,26.0,0.7222222222222222,0.4019485969137561,0.41282338505752003,0.010874788143763914,0.9574333654435395,0.7927855651886173,높음
17549,B0BTV3G59T,2021-04,0.4036153593281294,43.0,0.8113207547169812,0.41170112484109134,0.4036153593281294,-0.008085765512961918,0.9681743812099355,0.8583768426648675,높음
17328,B07RZ4MGXR,2021-04,0.4009576014538,40.0,0.8,0.4186551573042339,0.4009576014538,-0.01769755585043392,0.9316573115312277,0.8394971934593682,높음
17216,B01NBMCGJY,2021-04,0.39156394585852283,22.0,0.6875,0.4181416213068574,0.39156394585852283,-0.02657767544833456,0.8991452386335494,0.7509935715900649,높음
17500,B09TWWTX37,2021-04,0.3810475682514529,35.0,0.7777777777777778,0.3858836093679244,0.3810475682514529,-0.004836041116471457,0.9808417332749408,0.8386969644269266,높음
17225,B0737B6HGR,2021-04,0.37916809127360795,26.0,0.7222222222222222,0.36798989814558447,0.37916809127360795,0.011178193128023484,0.9562721100267464,0.7924371885635795,높음
17373,B081JBKY7K,2021-04,0.37662220205269537,42.0,0.8076923076923077,0.34125139827740736,0.37662220205269537,0.03537080377528801,0.8680697459254889,0.8258055391622621,높음
17189,B014ITW6FK,2021-04,0.37408336789968355,14.0,0.5833333333333334,0.3903979178815724,0.37408336789968355,-0.01631454998188886,0.9368255438593899,0.6893809964911503,보통
17488,B09NR62M32,2021-04,0.3717878504235633,15.0,0.6,0.3443561515826816,0.3717878504235633,0.027431698840881702,0.8960789147717234,0.688823674431517,보통
17612,B0C7D34B53,2021-04,0.3637457880851182,21.0,0.6774193548387096,0.3447837346373667,0.3637457880851182,0.01896205344775148,0.9269568951548344,0.752280616933547,높음
17330,B07SKTNJ9S,2021-04,0.3583874292643965,14.0,0.5833333333333334,0.34834232852098446,0.3583874292643965,0.010045100743412028,0.9606161255140684,0.6965181709875539,보통
17493,B09QZ4HZ33,2021-04,0.34841872548657343,36.0,0.782608695652174,0.3261735781015878,0.34841872548657343,0.02224514738498562,0.9148633313202591,0.8222850863525994,높음
17508,B09YV4R5ZC,2021-04,0.3428684926224684,15.0,0.6,0.31751936569981376,0.3428684926224684,0.02534912692265462,0.9035746875345595,0.6910724062603678,보통
17459,B08SBJRJGV,2021-04,0.33855364158192913,17.0,0.6296296296296297,0.3367214850332535,0.33855364158192913,0.0018321565486756342,0.9926981627043587,0.7385501895520483,보통
17387,B083BNBSYG,2021-04,0.333515751759505,20.0,0.6666666666666666,0.34774972282474254,0.333515751759505,-0.01423397106523755,0.9446546346549562,0.7500630570631535,높음
17472,B094PY8C63,2021-04,0.3293174674568406,32.0,0.7619047619047619,0.3235455477036259,0.3293174674568406,0.0057719197532146715,0.9771768021196923,0.826486373969241,높음
17181,B00WA6TGDE,2021-04,0.3208566526906045,11.0,0.5238095238095238,0.33749648701613755,0.3208566526906045,-0.016639834325533065,0.9356073977903611,0.6473488860037749,보통
17285,B07HKCQN2X,2021-04,0.3124462198132451,17.0,0.6296296296296297,0.32196992262567875,0.3124462198132451,-0.009523702812433643,0.9626216692009979,0.7295272415010401,보통
17609,B0C7CC35KH,2021-04,0.3111599619833384,22.0,0.6875,0.3253771107611201,0.3111599619833384,-0.014217148777781685,0.9447182018008645,0.7646654605402593,높음
17199,B01CYBRSK2,2021-04,0.286945761959349,18.0,0.6428571428571429,0.2951669829359172,0.286945761959349,-0.008221220976568189,0.967649945259561,0.7402949835778683,보통
17625,B0CDGZZPSY,2021-04,0.26910205794093267,28.0,0.7368421052631579,0.2774892416294362,0.26910205794093267,-0.008387183688503552,0.9670077831965818,0.805891808643185,높음
17359,B07YFDB6Y6,2021-04,0.2542292513888004,32.0,0.7619047619047619,0.2511657053126781,0.2542292513888004,0.0030635460761223032,0.987820592457596,0.829679511070612,높음
17309,B07PGRX339,2021-04,0.25348802018232786,41.0,0.803921568627451,0.2566422590913303,0.25348802018232786,-0.0031542389090024603,0.9874623044582033,0.8589837893766766,높음
17185,B00ZYDKI1Y,2021-04,0.2391584621756156,31.0,0.7560975609756098,0.24356524999752358,0.2391584621756156,-0.0044067878219079815,0.9825272981111677,0.824026482116277,높음
17227,B073PM5CWW,2021-04,0.23417659312077474,19.0,0.6551724137931034,0.252824563491937,0.23417659312077474,-0.018647970371162254,0.9281221928961444,0.7370573475240156,보통
17588,B0C4LRKXNV,2021-04,0.22635469660393054,60.0,0.8571428571428571,0.21306901556387944,0.22635469660393054,0.013285681040051095,0.9482446654003411,0.8844733996201023,높음
17329,B07SBW92N5,2021-04,0.220556501889089,30.0,0.75,0.23311829213425278,0.220556501889089,-0.012561790245163768,0.9509943467555462,0.8102983040266638,높음
17483,B09LM1H5N9,2021-04,0.20963238205459303,106.0,0.9137931034482759,0.19693777607848686,0.20963238205459303,0.012694605976106166,0.9504892528990998,0.924801948283523,높음
17194,B01ALBMIEI,2021-04,0.1986058142765343,80.0,0.8888888888888888,0.1832804768539635,0.1986058142765343,0.015325337422570778,0.94053976569865,0.9043841519318172,높음
17486,B09MQLYPRR,2021-04,0.1930526614856242,59.0,0.855072463768116,0.1896988202096737,0.1930526614856242,0.003353841275950481,0.9866742198542049,0.8945529905939426,높음
17203,B01FF4ASTS,2021-04,0.15673195048202368,58.0,0.8529411764705882,0.15514586885977896,0.15673195048202368,0.0015860816222447172,0.9936757562573763,0.8951615504066246,높음
17016,B09GPXGW3M,2021-03,0.824001169125218,7.0,0.4117647058823529,0.823413308548169,0.824001169125218,0.0005878605770490708,0.9976513201665772,0.5875306901676202,보통
16810,B07FN5JZK7,2021-03,0.782932893418759,10.0,0.5,0.7925931748638853,0.782932893418759,-0.009660281445126206,0.962095918621146,0.6386287755863438,보통
16979,B08L8RRDP9,2021-03,0.7826778961977466,6.0,0.375,0.7983638685229604,0.7826778961977466,-0.015685972325213737,0.9391839779551807,0.5442551933865541,보통
16953,B08DBMRW2H,2021-03,0.7418318196364198,19.0,0.6551724137931034,0.7528170436909757,0.7418318196364198,-0.010985224054555931,0.9570105187423951,0.7457238452778909,보통
16793,B07BFGZQ65,2021-03,0.7127597417038942,9.0,0.47368421052631576,0.7247761478587343,0.7127597417038942,-0.01201640615484012,0.9530712400878618,0.6175003193947796,보통
16815,B07GXBTH82,2021-03,0.7074872306744803,27.0,0.7297297297297297,0.6935399482506325,0.7074872306744803,0.013947282423847795,0.9457385430397853,0.7945323737227463,높음
16912,B0821T4RK8,2021-03,0.6898022692991398,11.0,0.5238095238095238,0.7061613391296172,0.6898022692991398,-0.016359069830477413,0.9366587293874747,0.6476642854829091,보통
16907,B081DG1BRW,2021-03,0.6479031754823321,17.0,0.6296296296296297,0.6255597495042677,0.6479031754823321,0.02234342597806438,0.9145037560777417,0.7150918675640632,보통
16752,B073PM5CWW,2021-03,0.6286889468575453,8.0,0.4444444444444444,0.6484362788166871,0.6286889468575453,-0.0197473319591418,0.9240497860028009,0.5883260469119513,보통
16726,B01G4S8VDY,2021-03,0.5700353372040915,11.0,0.5238095238095238,0.5867854556051565,0.5700353372040915,-0.016750118401064995,0.9351947584244502,0.6472250941940016,보통
16822,B07HQJC51S,2021-03,0.5575601230337639,12.0,0.5454545454545454,0.5726463648275503,0.5575601230337639,-0.01508624179378637,0.9414397117631002,0.6642500953471118,보통
17154,B0CFMQLYHG,2021-03,0.547555778720703,38.0,0.7916666666666666,0.5292192810179606,0.547555778720703,0.018336497702742482,0.9292792523154082,0.832950442361289,높음
16749,B0737B6HGR,2021-03,0.538354960504243,18.0,0.6428571428571429,0.5321895858487871,0.538354960504243,0.0061653746554559685,0.9756401116610656,0.7426920334983197,보통
16803,B07CTC362N,2021-03,0.5379639327200786,12.0,0.5454545454545454,0.5552518248305668,0.5379639327200786,-0.0172878921104882,0.9331852279275814,0.6617737501964562,보통
17078,B0BTBTK796,2021-03,0.5375359617286491,13.0,0.5652173913043478,0.5393233705197611,0.5375359617286491,-0.001787408791111944,0.9928758626741091,0.6935149327152761,보통
16913,B0823P5GLQ,2021-03,0.5205296440803419,15.0,0.6,0.5398247685643143,0.5205296440803419,-0.019295124483972415,0.9257227474806673,0.6977168242442002,보통
16740,B06VW9HKXF,2021-03,0.5183568009948735,18.0,0.6428571428571429,0.5315382096473507,0.5183568009948735,-0.013181408652477189,0.9486402508329435,0.734592075249883,보통
16923,B083BNBSYG,2021-03,0.5135750923616811,13.0,0.5652173913043478,0.522664796436612,0.5135750923616811,-0.009089704074930927,0.964294226913327,0.6849404419870415,보통
16989,B08PNT3BLH,2021-03,0.5068775956338522,10.0,0.5,0.48956335208233376,0.5068775956338522,0.017314243551518393,0.9330868700094023,0.6299260610028207,보통
16874,B07TXS441N,2021-03,0.5063246504231047,18.0,0.6428571428571429,0.509136125334285,0.5063246504231047,-0.0028114749111802784,0.9888170991043328,0.7466451297312998,보통
16859,B07RHYHS9Y,2021-03,0.5022713516516263,25.0,0.7142857142857143,0.5022434373074386,0.5022713516516263,2.7914344187696116e-05,0.9998883488567021,0.7999665046570106,높음
17025,B09NR62M32,2021-03,0.49932893621116314,12.0,0.5454545454545454,0.47214749372339265,0.49932893621116314,0.02718144248777049,0.8969763616455888,0.6509110903118585,보통
17133,B0C5XCY6CX,2021-03,0.495423428222747,10.0,0.5,0.49611881387740053,0.495423428222747,-0.0006953856546535464,0.9972223222867586,0.6491666966860276,보통
16820,B07HKCQN2X,2021-03,0.49337506054561064,17.0,0.6296296296296297,0.5177297898530409,0.49337506054561064,-0.024354729307430212,0.9071758949084963,0.7128935092132895,보통
16983,B08MZTRS5G,2021-03,0.480813368160022,21.0,0.6774193548387096,0.4663624104935278,0.480813368160022,0.014450957666494235,0.9438350807766864,0.7573440726201026,높음
17153,B0CDGZZPSY,2021-03,0.4736606046561984,30.0,0.75,0.486529375113761,0.4736606046561984,-0.012868770457562573,0.9498273176256544,0.8099481952876962,높음
17121,B0C4LRKXNV,2021-03,0.4724718344420096,47.0,0.8245614035087719,0.46169462265120786,0.4724718344420096,0.01077721179080171,0.9578071298039382,0.8645351213973218,높음
16882,B07W4MCG4Q,2021-03,0.4463158066414726,26.0,0.7222222222222222,0.4623094523178651,0.4463158066414726,-0.0159936456763925,0.9380288413829758,0.7869642079704482,높음
16828,B07KQMGVG7,2021-03,0.4453722142569581,13.0,0.5652173913043478,0.4658771077191749,0.4453722142569581,-0.02050489346221679,0.9212539260347484,0.672028351723468,보통
16739,B01NBMCGJY,2021-03,0.4416097681150853,14.0,0.5833333333333334,0.46526748921894295,0.4416097681150853,-0.023657721103857665,0.9097086601475076,0.6812459313775856,보통
16783,B0797GQSS9,2021-03,0.4414851412823993,14.0,0.5833333333333334,0.43905856153367806,0.4414851412823993,0.002426579748721236,0.9903406352788101,0.7054355239169763,보통
16823,B07HR81PD2,2021-03,0.4414806156641555,21.0,0.6774193548387096,0.4392949624370333,0.4414806156641555,0.002185653227122164,0.9912954926036414,0.7715821961681891,높음
17147,B0C86NF3DH,2021-03,0.4410011209273686,14.0,0.5833333333333334,0.42205783007149883,0.4410011209273686,0.018943290855869765,0.9270264662211316,0.6864412731996727,보통
16899,B07YXRTY6F,2021-03,0.4371010642451613,16.0,0.6153846153846154,0.4429330269368174,0.4371010642451613,-0.00583196269165609,0.9769421400341184,0.7238518727794663,보통
16868,B07SVXPYR7,2021-03,0.4336627957301538,34.0,0.7727272727272727,0.45535583619828557,0.4336627957301538,-0.021693040468131752,0.9168859734203771,0.815974882935204,높음
16884,B07WFFXFZB,2021-03,0.42839904180964056,18.0,0.6428571428571429,0.4054452164291959,0.42839904180964056,0.02295382538044466,0.9122736295367093,0.7236820888610128,보통
16896,B07YFDB6Y6,2021-03,0.4136608548776537,17.0,0.6296296296296297,0.4104857960601019,0.4136608548776537,0.0031750588175518124,0.9873800723828804,0.7369547624556048,보통
16916,B0829K9XCJ,2021-03,0.4081266996858647,23.0,0.696969696969697,0.41607348374988945,0.4081266996858647,-0.00794678406402477,0.9687127639597967,0.7784926170667268,높음
16922,B0838R8WCF,2021-03,0.4022816817615358,27.0,0.7297297297297297,0.40592674746983326,0.4022816817615358,-0.003645065708297479,0.9855255144878857,0.8064684651571765,높음
16683,B001TH7GZU,2021-03,0.3868158036243102,22.0,0.6875,0.3987540300682123,0.3868158036243102,-0.011938226443902134,0.9533693300308173,0.767260799009245,높음
17035,B09SLP6PDV,2021-03,0.38463664580790646,22.0,0.6875,0.40030730657880975,0.38463664580790646,-0.01567066077090329,0.9392415011826466,0.763022450354794,높음
17085,B0BVZ6NRP6,2021-03,0.37846988334661547,17.0,0.6296296296296297,0.38639014303573344,0.37846988334661547,-0.00792025968911797,0.9688155474143471,0.7313854049650448,보통
17084,B0BVR77MZJ,2021-03,0.3714729130651215,52.0,0.8387096774193549,0.3837930648687564,0.3714729130651215,-0.012320151803634938,0.9519139782880224,0.8726709676799551,높음
17079,B0BTSQRXNZ,2021-03,0.3699016863461891,37.0,0.7872340425531915,0.37928877574349296,0.3699016863461891,-0.009387089397303872,0.9631478410870109,0.8400081821133373,높음
16704,B00ZYDKI1Y,2021-03,0.3571909520980706,31.0,0.7560975609756098,0.3666935046066797,0.3571909520980706,-0.009502552508609097,0.9627031116090994,0.8180792261656565,높음
16721,B01E9H4SZM,2021-03,0.3564554850040593,30.0,0.75,0.35668146734834133,0.3564554850040593,-0.00022598234428200525,0.9990964790439608,0.8247289437131882,높음
16864,B07SKTNJ9S,2021-03,0.3444731626705027,17.0,0.6296296296296297,0.33197199072547545,0.3444731626705027,0.012501171945027256,0.9512249653567905,0.7261082303477778,보통
16719,B01CYBRSK2,2021-03,0.33639559299246874,16.0,0.6153846153846154,0.341305985784747,0.33639559299246874,-0.004910392792278284,0.9805500677424519,0.7249342510919663,보통
16861,B07RZ4MGXR,2021-03,0.3325872559103445,49.0,0.8305084745762712,0.33397548269484806,0.3325872559103445,-0.0013882267845035656,0.99446248175329,0.8796946767293767,높음
16893,B07XSF9JJZ,2021-03,0.3305174717020545,27.0,0.7297297297297297,0.33272764836857865,0.3305174717020545,-0.0022101766665241773,0.9911982574730296,0.8081702880527197,높음
17080,B0BTV3G59T,2021-03,0.3259556809333586,36.0,0.782608695652174,0.33720637769011785,0.3259556809333586,-0.01125069675675927,0.9559948174459835,0.8346245321903167,높음
16990,B08QHQTK9M,2021-03,0.32380692931111343,52.0,0.8387096774193549,0.3186377255450698,0.32380692931111343,0.0051692037660436285,0.97953548453217,0.8809574195531993,높음
17036,B09TWWTX37,2021-03,0.3147042918892252,37.0,0.7872340425531915,0.30198641043270535,0.3147042918892252,0.012717881456519864,0.95040076464242,0.83618405917996,높음
16708,B014ITW6FK,2021-03,0.3132457248785235,17.0,0.6296296296296297,0.32565119014229477,0.3132457248785235,-0.012405465263771287,0.951589189407941,0.726217497563123,보통
17061,B0BG1G4FQK,2021-03,0.31201293551749354,33.0,0.7674418604651163,0.3001990155388378,0.31201293551749354,0.011813919978655718,0.9538434877887598,0.8233623486622093,높음
17140,B0C7CC35KH,2021-03,0.3033106829045949,27.0,0.7297297297297297,0.3135973027626763,0.3033106829045949,-0.01028661985808138,0.9596885450183663,0.7987173743163207,높음
17029,B09QZ4HZ33,2021-03,0.2897375081950881,33.0,0.7674418604651163,0.27601806768448206,0.2897375081950881,0.013719440510606029,0.9466008514363803,0.8211895577564955,높음
16862,B07SBW92N5,2021-03,0.2764037367562915,33.0,0.7674418604651163,0.2888888386871833,0.2764037367562915,-0.012485101930891807,0.9512861121165851,0.8225951359605569,높음
17008,B094PY8C63,2021-03,0.2740637658989725,33.0,0.7674418604651163,0.2502131384382258,0.2740637658989725,0.02385062746074673,0.9090069765669316,0.8099113952956609,높음
16748,B072YQNJCR,2021-03,0.27016361947488393,28.0,0.7368421052631579,0.28301028207667456,0.27016361947488393,-0.012846662601790626,0.9499113159210294,0.8007628684605193,높음
16700,B00WA6TGDE,2021-03,0.2581096781031296,14.0,0.5833333333333334,0.268329585331038,0.2581096781031296,-0.010219907227908387,0.9599446725786731,0.6963167351069353,보통
16842,B07PGRX339,2021-03,0.2563044240059489,35.0,0.7777777777777778,0.26518729433760996,0.2563044240059489,-0.008882870331661075,0.9650923513642014,0.8339721498537047,높음
16908,B081JBKY7K,2021-03,0.2512173781563262,84.0,0.8936170212765957,0.22553313287096113,0.2512173781563262,0.025684245285365087,0.9023642810951602,0.896241199222165,높음
16948,B08C6GQKQW,2021-03,0.24637488453007567,31.0,0.7560975609756098,0.23460539807300276,0.24637488453007567,0.011769486457072903,0.954013033356132,0.8154722026897663,높음
17126,B0C5BHXVH1,2021-03,0.22835336248728505,42.0,0.8076923076923077,0.2320218908409973,0.22835336248728505,-0.003668528353712258,0.9854330266851961,0.8610145233901743,높음
17020,B09LM1H5N9,2021-03,0.2211603539832457,111.0,0.9173553719008265,0.1988583553349752,0.2211603539832457,0.02230199864827051,0.9146553104291821,0.9165453534593332,높음
17023,B09MQLYPRR,2021-03,0.2159388100711579,47.0,0.8245614035087719,0.22169981713231046,0.2159388100711579,-0.005761007061152568,0.9772194575687841,0.8703588197267755,높음
16931,B085J2JV64,2021-03,0.20307271548672526,40.0,0.8,0.21204784946610616,0.20307271548672526,-0.008975133979380906,0.9647362453166355,0.8494208735949906,높음
16714,B01ALBMIEI,2021-03,0.18851111293986741,87.0,0.8969072164948454,0.18325756609739363,0.18851111293986741,0.005253546842473783,0.9792050721263498,0.9215965731842967,높음
16724,B01FF4ASTS,2021-03,0.18822317526362833,71.0,0.8765432098765432,0.19612323936199247,0.18822317526362833,-0.007900064098364135,0.9688938137848219,0.9042483910490269,높음
16502,B08DBMRW2H,2021-02,0.8555414135021355,18.0,0.6428571428571429,0.8688123925463614,0.8555414135021355,-0.013270979044225917,0.9483004313965158,0.7344901294189548,보통
16388,B07MBQW54M,2021-02,0.8490921877264928,9.0,0.47368421052631576,0.8469922335026427,0.8490921877264928,0.002099954223850009,0.9916353629960782,0.6290695562672445,보통
16552,B09GPXGW3M,2021-02,0.8460984107164681,12.0,0.5454545454545454,0.848162867287806,0.8460984107164681,-0.0020644565713379137,0.9917761759030342,0.6793510345890921,보통
16385,B07M7FQ1CP,2021-02,0.746492476429682,10.0,0.5,0.759383711900199,0.746492476429682,-0.01289123547051707,0.9497419699284061,0.6349225909785218,보통
16291,B01G4S8VDY,2021-02,0.7191078241514283,8.0,0.4444444444444444,0.7306863370016018,0.7191078241514283,-0.011578512850173528,0.9547420770169112,0.5975337342161844,보통
16470,B083BNBSYG,2021-02,0.6992119670118034,12.0,0.5454545454545454,0.6978422515955306,0.6992119670118034,0.001369715416272843,0.9945361199243083,0.6801790177954743,보통
16447,B07YXRTY6F,2021-02,0.6933890997680523,9.0,0.47368421052631576,0.7025286829879117,0.6933890997680523,-0.009139583219859415,0.9641018534188244,0.6208095033940684,보통
16674,B0CDGZZPSY,2021-02,0.67562364802925,28.0,0.7368421052631579,0.690170105297915,0.67562364802925,-0.014546457268664992,0.9434746061325241,0.7988318555239677,높음
16497,B08CRV3XXV,2021-02,0.6497490682164316,13.0,0.5652173913043478,0.6416595637368478,0.6497490682164316,0.008089504479583787,0.9681599014314327,0.6861001443424732,보통
16556,B09LM1H5N9,2021-02,0.6298692079077604,55.0,0.8461538461538461,0.5955701060097172,0.6298692079077604,0.034299101898043194,0.871798981376984,0.8538473867207874,높음
16433,B07WFFXFZB,2021-02,0.6216101104104126,9.0,0.47368421052631576,0.5960499913712333,0.6216101104104126,0.02556011903917932,0.902812420701346,0.6024226735788248,보통
16373,B07HKCQN2X,2021-02,0.6153485473619532,9.0,0.47368421052631576,0.6265393883588931,0.6153485473619532,-0.0111908409969399,0.9562237320333296,0.6184460669784199,보통
16640,B0C33KRL4C,2021-02,0.5484933071244402,11.0,0.5238095238095238,0.5647302494088968,0.5484933071244402,-0.0162369422844566,0.9371164084971423,0.6478015892158093,보통
16462,B0823P5GLQ,2021-02,0.5473966721106807,11.0,0.5238095238095238,0.5472099798276687,0.5473966721106807,0.00018669228301193552,0.9992535096306258,0.6664427195558544,보통
16610,B0BTBTK796,2021-02,0.5454397156749046,16.0,0.6153846153846154,0.5526654966789798,0.5454397156749046,-0.007225781004075227,0.9715105759506792,0.7222224035544346,보통
16611,B0BTSQRXNZ,2021-02,0.5412059474771536,35.0,0.7777777777777778,0.5481500569259342,0.5412059474771536,-0.006944109448780655,0.9726057803903513,0.8362261785615498,높음
16455,B081DG1BRW,2021-02,0.5342876970242703,19.0,0.6551724137931034,0.5162193950854993,0.5342876970242703,0.01806830193877096,0.9302767022795282,0.7377037003390308,보통
16421,B07SVXPYR7,2021-02,0.5060039781280995,22.0,0.6875,0.5251000380906466,0.5060039781280995,-0.01909605996254715,0.9264601552479534,0.759188046574386,높음
16302,B06VW9HKXF,2021-02,0.5048804317123827,13.0,0.5652173913043478,0.5253089031131629,0.5048804317123827,-0.02042847140078019,0.9215355855790976,0.6721128495867728,보통
16310,B072YQNJCR,2021-02,0.49027721081707565,15.0,0.6,0.5110066051690406,0.49027721081707565,-0.02072939435196497,0.9204270080736389,0.6961281024220916,보통
16443,B07XSF9JJZ,2021-02,0.4847255282332347,19.0,0.6551724137931034,0.47579608839569326,0.4847255282332347,0.008929439837541464,0.9649125926115458,0.7480944674386361,보통
16675,B0CFMQLYHG,2021-02,0.48039668741664027,29.0,0.7435897435897436,0.4447228135554389,0.48039668741664027,0.035673873861201355,0.8670180396458094,0.7806182324065634,높음
16367,B07GXBTH82,2021-02,0.4663097283851006,30.0,0.75,0.4417760681370304,0.4663097283851006,0.024533660248070188,0.9065268398634553,0.7969580519590365,높음
16648,B0C4LRKXNV,2021-02,0.46072871537688614,66.0,0.868421052631579,0.4414889493579356,0.46072871537688614,0.019239766018950555,0.9259277565391486,0.8856730638038499,높음
16351,B07BFGZQ65,2021-02,0.455118640875147,14.0,0.5833333333333334,0.4697622436830403,0.455118640875147,-0.014643602807893341,0.9431080599563443,0.6912657513202366,보통
16314,B073PM5CWW,2021-02,0.44548414696383015,13.0,0.5652173913043478,0.4603095211538998,0.44548414696383015,-0.014825374190069629,0.942422588962163,0.6783789506016923,보통
16582,B0B5S16LJL,2021-02,0.4366996781776162,13.0,0.5652173913043478,0.4390167031797235,0.4366996781776162,-0.0023170250021073424,0.9907747164526072,0.6928845888488255,보통
16397,B07PGRX339,2021-02,0.43594809962090175,30.0,0.75,0.428419377991281,0.43594809962090175,0.00752872162962076,0.9703340488439488,0.8161002146531846,높음
16530,B08PNT3BLH,2021-02,0.4219101626618075,9.0,0.47368421052631576,0.4103153251019071,0.4219101626618075,0.011594837559900373,0.9546797355032623,0.6179828680193997,보통
16445,B07YFDB6Y6,2021-02,0.4215222981607209,14.0,0.5833333333333334,0.43317090626433136,0.4215222981607209,-0.011648608103610458,0.9544744229897968,0.6946756602302724,보통
16381,B07KQMGVG7,2021-02,0.4151237001112599,11.0,0.5238095238095238,0.4299916478804335,0.4151237001112599,-0.014867947769173606,0.9422621134160253,0.6493453006914742,보통
16287,B01E9H4SZM,2021-02,0.39184353197066385,19.0,0.6551724137931034,0.41243622710731226,0.39184353197066385,-0.02059269513664841,0.9209304322955273,0.7348998193438305,보통
16301,B01NBMCGJY,2021-02,0.3889927355555233,11.0,0.5238095238095238,0.40863271193224193,0.3889927355555233,-0.01963997637671866,0.9244466788258795,0.6440006703144305,보통
16311,B0737B6HGR,2021-02,0.3699266925523923,9.0,0.47368421052631576,0.37425564478621837,0.3699266925523923,-0.004328952233826067,0.9828332480965104,0.6264289217973742,보통
16417,B07SBW92N5,2021-02,0.3692482115639682,22.0,0.6875,0.38480871589426624,0.3692482115639682,-0.015560504330298042,0.9396554463759635,0.763146633912789,높음
16285,B01CYBRSK2,2021-02,0.3596593332212003,17.0,0.6296296296296297,0.36573441154799596,0.3596593332212003,-0.006075078326795658,0.9759925621879181,0.7335385093971161,보통
16652,B0C5BHXVH1,2021-02,0.35095747958171875,15.0,0.6,0.3538702895011216,0.35095747958171875,-0.002912809919402848,0.9884163731694778,0.7165249119508433,보통
16271,B00ZYDKI1Y,2021-02,0.34877241608846976,19.0,0.6551724137931034,0.3560767721013549,0.34877241608846976,-0.007304356012885149,0.9712052781224945,0.7499822730919208,보통
16375,B07HR81PD2,2021-02,0.3334278621374812,24.0,0.7058823529411765,0.34389182803026813,0.3334278621374812,-0.01046396589278692,0.9590079985992778,0.7818200466386069,높음
16268,B00WA6TGDE,2021-02,0.323564475025603,12.0,0.5454545454545454,0.33249113547118697,0.323564475025603,-0.00892666044558399,0.964923320152376,0.6712951778638946,보통
16413,B07RHYHS9Y,2021-02,0.31663015869527505,34.0,0.7727272727272727,0.3153707461096048,0.31663015869527505,0.0012594125856702498,0.9949750173370991,0.8394015961102206,높음
16496,B08C6GQKQW,2021-02,0.3105269808913822,20.0,0.6666666666666666,0.29603930678669266,0.3105269808913822,0.01448767410468954,0.9436964739055972,0.7497756088383458,보통
16616,B0BVR77MZJ,2021-02,0.30216449427847925,38.0,0.7916666666666666,0.31781618436609366,0.30216449427847925,-0.01565169008761441,0.9393127760990829,0.8359604994963914,높음
16426,B07TXS441N,2021-02,0.30145929542855515,22.0,0.6875,0.3077977208944423,0.30145929542855515,-0.006338425465887143,0.9749650040957959,0.7737395012287387,높음
16342,B0797GQSS9,2021-02,0.30064223662479983,14.0,0.5833333333333334,0.30734090900258665,0.30064223662479983,-0.0066986723777868185,0.9735611033128232,0.7004016643271802,보통
16664,B0C7CC35KH,2021-02,0.2858751446464106,26.0,0.7222222222222222,0.29823156955974284,0.2858751446464106,-0.01235642491333222,0.9517758727866694,0.7910883173915564,높음
16416,B07RZ4MGXR,2021-02,0.2843598490683766,51.0,0.8360655737704918,0.2904837567364895,0.2843598490683766,-0.006123907668112938,0.9758019525074455,0.8779864873915779,높음
16251,B001TH7GZU,2021-02,0.28375516380143656,23.0,0.696969696969697,0.2955960724583408,0.28375516380143656,-0.011840908656904237,0.9537405214467453,0.7740009443128114,높음
16289,B01FF4ASTS,2021-02,0.27154345461165147,32.0,0.7619047619047619,0.27282361962588797,0.27154345461165147,-0.0012801650142365006,0.994892428173108,0.8318010617852656,높음
16612,B0BTV3G59T,2021-02,0.26843681661640817,32.0,0.7619047619047619,0.27107839157256397,0.26843681661640817,-0.002641574956155801,0.9894893274242438,0.8301801315606063,높음
16617,B0BVZ6NRP6,2021-02,0.26773307425914766,18.0,0.6428571428571429,0.2721372134778382,0.26773307425914766,-0.004404139218690539,0.9825377074661601,0.744761312239848,보통
16559,B09MQLYPRR,2021-02,0.2662145102518337,32.0,0.7619047619047619,0.27338643369520854,0.2662145102518337,-0.007171923443374861,0.9717198912555544,0.8248493007099995,높음
16456,B081JBKY7K,2021-02,0.25126994709947675,51.0,0.8360655737704918,0.2256360459268789,0.25126994709947675,0.025633901172597867,0.9025460143094391,0.856009705932176,높음
16569,B09TWWTX37,2021-02,0.24264468893675237,29.0,0.7435897435897436,0.23651791314874956,0.24264468893675237,0.006126775788002803,0.9757907577037075,0.8132500478239328,높음
16461,B0821T4RK8,2021-02,0.23755123872421932,21.0,0.6774193548387096,0.25403501632363473,0.23755123872421932,-0.01648377759941541,0.9361916114220467,0.7550510318137107,높음
16280,B01ALBMIEI,2021-02,0.21972778251062777,51.0,0.8360655737704918,0.20417311876630473,0.21972778251062777,0.015554663744323044,0.9396773991860828,0.867149121395169,높음
16275,B014ITW6FK,2021-02,0.21766987533941448,20.0,0.6666666666666666,0.22327135419302704,0.21766987533941448,-0.005601478853612563,0.9778432328408768,0.7600196365189297,높음
16469,B0838R8WCF,2021-02,0.2046226076240904,30.0,0.75,0.21389738473841977,0.2046226076240904,-0.009274777114329363,0.9635806316266168,0.8140741894879849,높음
15957,B07H1FYLZ3,2021-01,0.8585114293180137,12.0,0.5454545454545454,0.8647391157186941,0.8585114293180137,-0.006227686400680388,0.9753969666116349,0.6744372718016722,보통
16094,B08GPB9SPS,2021-01,0.8169380769737885,7.0,0.4117647058823529,0.8133121629090933,0.8169380769737885,0.003625914064695257,0.9856010151134283,0.5839155986516755,보통
16146,B09YV4R5ZC,2021-01,0.7626231178136655,9.0,0.47368421052631576,0.7353026601456778,0.7626231178136655,0.02732045766798774,0.8964777269717561,0.6005222654599478,보통
16053,B083BNBSYG,2021-01,0.7214533011691849,18.0,0.6428571428571429,0.7239397611256511,0.7214533011691849,-0.002486459956466125,0.9901034564726616,0.7470310369417985,보통
15910,B075F6L3VW,2021-01,0.6951871989337921,11.0,0.5238095238095238,0.7210170013614297,0.6951871989337921,-0.02582980242763755,0.9018390517475834,0.6372183821909416,보통
16046,B0823P5GLQ,2021-01,0.6394921342727323,11.0,0.5238095238095238,0.6513367200832042,0.6394921342727323,-0.011844585810471875,0.9537264933484684,0.6527846146712071,보통
15889,B06VW9HKXF,2021-01,0.618669832950777,11.0,0.5238095238095238,0.6280352382633422,0.618669832950777,-0.009365405312565134,0.9632313846276972,0.6556360820549758,보통
15930,B0797GQSS9,2021-01,0.5859175056892213,9.0,0.47368421052631576,0.5968202661903693,0.5859175056892213,-0.010902760501148023,0.9573262447634086,0.6187768207974436,보통
15964,B07HQJC51S,2021-01,0.5325065963176133,16.0,0.6153846153846154,0.5571447563392934,0.5325065963176133,-0.024638160021680067,0.9061479916499285,0.7026136282642094,보통
16106,B08RS7H7KY,2021-01,0.5308490225249783,90.0,0.9,0.5202831743183636,0.5308490225249783,0.01056584820661477,0.9586172544090232,0.917585176322707,높음
16017,B07WFFXFZB,2021-01,0.5049700444261244,14.0,0.5833333333333334,0.4807300511970215,0.5049700444261244,0.024239993229102863,0.9075923336804295,0.6806110334374622,보통
15977,B07MBQW54M,2021-01,0.49803836497047527,19.0,0.6551724137931034,0.49524119377589876,0.49803836497047527,0.0027971711945765088,0.9888736757610644,0.7552827923834917,높음
16045,B0821T4RK8,2021-01,0.4902964492188415,11.0,0.5238095238095238,0.4999359173737866,0.4902964492188415,-0.009639468154945097,0.9621760194815699,0.6553194725111375,보통
16028,B07YFDB6Y6,2021-01,0.47786636372315433,18.0,0.6428571428571429,0.48106206497670784,0.47786636372315433,-0.0031957012535535068,0.9872985480288352,0.7461895644086506,보통
16140,B09TWWTX37,2021-01,0.47301087032331796,17.0,0.6296296296296297,0.4697588230342969,0.47301087032331796,0.003252047289021065,0.9870760516673356,0.7368635562409414,보통
15880,B01G4S8VDY,2021-01,0.47237505013347303,23.0,0.696969696969697,0.4864986324596845,0.47237505013347303,-0.01412358232621147,0.9450718436942759,0.7714003409870707,높음
16227,B0C5R2628T,2021-01,0.4482271070731916,15.0,0.6,0.4613115058826241,0.4482271070731916,-0.013084398809432518,0.9490084320300805,0.7047025296090241,보통
16243,B0CFMQLYHG,2021-01,0.44454054383601666,31.0,0.7560975609756098,0.42462864781131,0.44454054383601666,0.019911896024706666,0.9234417245965955,0.8063008100619053,높음
16074,B08C6GQKQW,2021-01,0.43909517164036105,12.0,0.5454545454545454,0.42174619215811815,0.43909517164036105,0.0173489794822429,0.9329572324522669,0.6617053515538618,보통
16154,B0B5S16LJL,2021-01,0.43024140678525763,19.0,0.6551724137931034,0.4391555471985911,0.43024140678525763,-0.008914140413333493,0.9649716448467697,0.7481121831092032,보통
15955,B07GXBTH82,2021-01,0.41739911415892617,23.0,0.696969696969697,0.3981772033953881,0.41739911415892617,0.019221910763538075,0.9259938896071122,0.7656769547609215,높음
16039,B081DG1BRW,2021-01,0.4117685479327399,27.0,0.7297297297297297,0.39637464310365955,0.4117685479327399,0.015393904829080374,0.9402818395811043,0.792895362685142,높음
16182,B0BTSQRXNZ,2021-01,0.39593369996929517,48.0,0.8275862068965517,0.4024243642453334,0.39593369996929517,-0.006490664276038227,0.9743714747818804,0.8716217872621502,높음
15971,B07KQMGVG7,2021-01,0.38855561259256993,15.0,0.6,0.40349554609107047,0.38855561259256993,-0.014939933498500535,0.9419908347724761,0.7025972504317428,보통
16026,B07XSF9JJZ,2021-01,0.3845821164606011,22.0,0.6875,0.3757131197280419,0.3845821164606011,0.008868996732559198,0.9651459100678079,0.7707937730203422,높음
15842,B001TH7GZU,2021-01,0.3719080600664681,18.0,0.6428571428571429,0.38377590919646354,0.3719080600664681,-0.011867849129995445,0.953637750100846,0.7360913250302538,보통
16234,B0C7CC35KH,2021-01,0.36357673440441113,22.0,0.6875,0.37768480838421625,0.36357673440441113,-0.014108073979805125,0.9451304715188219,0.7647891414556465,높음
16010,B07TXS441N,2021-01,0.35827579993927994,16.0,0.6153846153846154,0.37447765812045825,0.35827579993927994,-0.016201858181178308,0.9372479292809419,0.7119436095535134,보통
15965,B07HR81PD2,2021-01,0.35160450494265905,22.0,0.6875,0.3547445105476838,0.35160450494265905,-0.003140005605024754,0.987518525463193,0.7775055576389578,높음
15899,B0737B6HGR,2021-01,0.34876361918326887,12.0,0.5454545454545454,0.3493595805057858,0.34876361918326887,-0.0005959613225169358,0.9976189938126737,0.681103879961984,보통
15864,B00ZYDKI1Y,2021-01,0.32887445406714216,28.0,0.7368421052631579,0.3417683730040419,0.32887445406714216,-0.012893918936899729,0.9497317755805246,0.8007090063583678,높음
15867,B014ITW6FK,2021-01,0.3285930775624743,15.0,0.6,0.33717861146751305,0.3285930775624743,-0.008585533905038745,0.9662408626617675,0.7098722587985302,보통
15888,B01NBMCGJY,2021-01,0.3143355915600102,13.0,0.5652173913043478,0.3258768202809665,0.3143355915600102,-0.01154122872095631,0.9548844745428572,0.6821175162759006,보통
16031,B07YXRTY6F,2021-01,0.31320953491319575,18.0,0.6428571428571429,0.3136120652884446,0.31320953491319575,-0.00040253037524884405,0.9983911740492042,0.7495173522147612,보통
15898,B072YQNJCR,2021-01,0.306612574178249,23.0,0.696969696969697,0.31580669530838407,0.306612574178249,-0.009194121130135069,0.9638915559565132,0.7770462546657417,높음
16188,B0BVZ6NRP6,2021-01,0.30476014411280544,19.0,0.6551724137931034,0.31726614737798453,0.30476014411280544,-0.012506003265179089,0.9512065828450385,0.7439826645086839,보통
15875,B01CYBRSK2,2021-01,0.29996206294879457,20.0,0.6666666666666666,0.29976777022271267,0.29996206294879457,0.00019429272608190162,0.9992231310147603,0.7664336059710948,높음
15861,B00WA6TGDE,2021-01,0.28931070016735,13.0,0.5652173913043478,0.30310950771021455,0.28931070016735,-0.013798807542864555,0.946300383532148,0.6795422889726879,보통
16128,B09LM1H5N9,2021-01,0.2826143817581403,111.0,0.9173553719008265,0.2591675425958489,0.2826143817581403,0.0234468391622914,0.9104763483992119,0.9152916648503421,높음
16221,B0C5BHXVH1,2021-01,0.28038158630553994,27.0,0.7297297297297297,0.2966639212008621,0.28038158630553994,-0.01628233489532216,0.9369462713016861,0.7918946922013166,높음
16187,B0BVR77MZJ,2021-01,0.27975931135800475,26.0,0.7222222222222222,0.28701151021913734,0.27975931135800475,-0.007252198861132597,0.9714079204645499,0.7969779316949205,높음
16079,B08DBMRW2H,2021-01,0.27706465535960423,44.0,0.8148148148148148,0.2889595858986376,0.27706465535960423,-0.0118949305390334,0.95353445227991,0.8564307060543432,높음
15962,B07HKCQN2X,2021-01,0.27039713886495736,18.0,0.6428571428571429,0.27506120761119585,0.27039713886495736,-0.004664068746238481,0.9815166761021404,0.7444550028306421,보통
16131,B09MQLYPRR,2021-01,0.26794171065507544,34.0,0.7727272727272727,0.26753296657657616,0.26794171065507544,0.0004087440784992791,0.998366359531652,0.8404189987685865,높음
15878,B01FF4ASTS,2021-01,0.2619395234973566,38.0,0.7916666666666666,0.2671167390789491,0.2619395234973566,-0.005177215581592509,0.9795040936046667,0.8480178947480665,높음
16183,B0BTV3G59T,2021-01,0.2555239915919601,31.0,0.7560975609756098,0.26813022701344885,0.2555239915919601,-0.012606235421488754,0.9508252933375069,0.8145158806841788,높음
15985,B07PGRX339,2021-01,0.2521607947437766,33.0,0.7674418604651163,0.2610426741765991,0.2521607947437766,-0.008881879432822481,0.9650961766073426,0.8267381553077842,높음
15998,B07RHYHS9Y,2021-01,0.24832637261316168,28.0,0.7368421052631579,0.2508785059617479,0.24832637261316168,-0.0025521333485861997,0.9898433968220105,0.8127424927308136,높음
16217,B0C4LRKXNV,2021-01,0.24546310832312299,84.0,0.8936170212765957,0.22625317708710108,0.24546310832312299,0.01920993123602191,0.9260382625473588,0.9033433936578246,높음
16052,B0838R8WCF,2021-01,0.24344566113828872,33.0,0.7674418604651163,0.2518627296928956,0.24344566113828872,-0.00841706855460686,0.9668921945129373,0.8272769606794625,높음
16242,B0CDGZZPSY,2021-01,0.23589967403595236,82.0,0.8913043478260869,0.24963075088741857,0.23589967403595236,-0.013731076851466212,0.9465567925810925,0.9078800812525886,높음
15901,B073PM5CWW,2021-01,0.23002405007173776,22.0,0.6875,0.24383004264848307,0.23002405007173776,-0.013805992576745307,0.9462731871216958,0.7651319561365086,높음
16002,B07SBW92N5,2021-01,0.22498636695144714,34.0,0.7727272727272727,0.23629297672145338,0.22498636695144714,-0.011306609770006248,0.955781031150179,0.8276434002541446,높음
16040,B081JBKY7K,2021-01,0.21891302247500444,35.0,0.7777777777777778,0.2016288768342727,0.21891302247500444,0.017284145640731746,0.9331992126333021,0.8244042082344349,높음
16001,B07RZ4MGXR,2021-01,0.20836571755602049,59.0,0.855072463768116,0.21406107725864118,0.20836571755602049,-0.005695359702620695,0.9774760987673243,0.8917935542678783,높음
15871,B01ALBMIEI,2021-01,0.19225362434897036,71.0,0.8765432098765432,0.17991195344640395,0.19225362434897036,0.01234167090256641,0.9518320444900639,0.8991298602605995,높음
15745,B09YV4R5ZC,2020-12,0.8209701128874697,13.0,0.5652173913043478,0.8009829994978478,0.8209701128874697,0.01998711338962189,0.9231639309757915,0.6726013532057808,보통
15709,B08RS7H7KY,2020-12,0.7517901469701234,15.0,0.6,0.7488115722156248,0.7517901469701234,0.0029785747544985863,0.988156395206643,0.7164469185619928,보통
15660,B0829K9XCJ,2020-12,0.7211206608026517,9.0,0.47368421052631576,0.7314602716720818,0.7211206608026517,-0.010339610869430138,0.9594851471093283,0.6194244915012195,보통
15638,B07XSF9JJZ,2020-12,0.719855110088371,11.0,0.5238095238095238,0.7188780987418358,0.719855110088371,0.0009770113465351615,0.9960995810851295,0.6654965409922056,보통
15500,B014ITW6FK,2020-12,0.6959135616165348,12.0,0.5454545454545454,0.699353900489745,0.6959135616165348,-0.003440338873210158,0.9863328991072771,0.6777180515503649,보통
15533,B0742D5HSG,2020-12,0.6914292019824264,5.0,0.3333333333333333,0.7019504440590203,0.6914292019824264,-0.010521242076593884,0.958788310492431,0.5209698264810626,보통
15630,B07WFFXFZB,2020-12,0.6625533432894927,10.0,0.5,0.6376810961694396,0.6625533432894927,0.024872247120053093,0.9052999185415895,0.6215899755624767,보통
15539,B075F6L3VW,2020-12,0.6502884476653639,14.0,0.5833333333333334,0.6650273117433891,0.6502884476653639,-0.014738864078025271,0.9427487617284503,0.6911579618518684,보통
15657,B0823P5GLQ,2020-12,0.5842444318402303,16.0,0.6153846153846154,0.587867501146789,0.5842444318402303,-0.003623069306558646,0.9856122303632664,0.7264528998782107,보통
15752,B0B5S16LJL,2020-12,0.5611040526538872,11.0,0.5238095238095238,0.5569723234937907,0.5611040526538872,0.00413172916009652,0.9836089035872158,0.6617493377428314,보통
15778,B0BTBTK796,2020-12,0.5599826459512868,18.0,0.6428571428571429,0.5744761112324411,0.5599826459512868,-0.01449346528115436,0.9436746137075522,0.7331023841122657,보통
15640,B07YFDB6Y6,2020-12,0.5591429167168136,13.0,0.5652173913043478,0.5665903301692761,0.5591429167168136,-0.00744741345246247,0.9706496845396771,0.6868470792749466,보통
15574,B07GXBTH82,2020-12,0.5327859784054737,20.0,0.6666666666666666,0.5081313471716129,0.5327859784054737,0.024654631233860802,0.9060882921932445,0.73849315432464,보통
15656,B0821T4RK8,2020-12,0.5187825919953196,14.0,0.5833333333333334,0.5448282883313994,0.5187825919953196,-0.026045696336079782,0.9010605816991751,0.6786515078430859,보통
15492,B00WA6TGDE,2020-12,0.5004700485954519,12.0,0.5454545454545454,0.5141842282236309,0.5004700485954519,-0.013714179628179002,0.9466207714691124,0.6658044132589155,보통
15665,B083BNBSYG,2020-12,0.4995798519114529,24.0,0.7058823529411765,0.5013202003597641,0.4995798519114529,-0.0017403484483112241,0.9930627805802227,0.7920364812328904,높음
15805,B0C33KRL4C,2020-12,0.48059861316788466,10.0,0.5,0.49847549483370096,0.48059861316788466,-0.017876881665816302,0.9309892703257499,0.6292967810977249,보통
15556,B0797GQSS9,2020-12,0.45547471719635796,14.0,0.5833333333333334,0.4782998220045914,0.45547471719635796,-0.022825104808233465,0.9127434640154842,0.6821563725379786,보통
15531,B0737B6HGR,2020-12,0.4525460158179891,14.0,0.5833333333333334,0.44266069914642037,0.4525460158179891,0.009885316671568722,0.9612302863834624,0.6967024192483721,보통
15623,B07TXS441N,2020-12,0.44270558182887426,15.0,0.6,0.44821588685824315,0.44270558182887426,-0.005510305029368889,0.9781999127048535,0.713459973811456,보통
15644,B07YXRTY6F,2020-12,0.4293181916654813,18.0,0.6428571428571429,0.42846579621930025,0.4293181916654813,0.0008523954461810423,0.9965962242386709,0.7489788672716013,보통
15593,B07N82GT4R,2020-12,0.4231768468373764,16.0,0.6153846153846154,0.42161298776550016,0.4231768468373764,0.001563859071876228,0.9937640882214146,0.7288984572356552,보통
15729,B09LM1H5N9,2020-12,0.41867777017966923,88.0,0.8979591836734694,0.39337776689815995,0.41867777017966923,0.025300003281509276,0.9037522524940567,0.8996971043196456,높음
15827,B0C7CC35KH,2020-12,0.4182306852621851,24.0,0.7058823529411765,0.432672573033638,0.4182306852621851,-0.014441887771452888,0.9438693233383114,0.777278444060317,높음
15651,B081DG1BRW,2020-12,0.41121539936661256,26.0,0.7222222222222222,0.38415180243815233,0.41121539936661256,0.02706359692846022,0.897399280039972,0.7747753395675472,높음
15836,B0CFMQLYHG,2020-12,0.38436471782761045,43.0,0.8113207547169812,0.35570133050662367,0.38436471782761045,0.028663387320986777,0.8916750118463231,0.8354270318557837,높음
15521,B06VW9HKXF,2020-12,0.3813957107930378,19.0,0.6551724137931034,0.38901210689633586,0.3813957107930378,-0.007616396103298062,0.9699938143990934,0.7496188339749004,보통
15618,B07SVXPYR7,2020-12,0.37876357127157706,30.0,0.75,0.39411324615046744,0.37876357127157706,-0.015349674878890385,0.9404482087733895,0.8071344626320167,높음
15473,B001TH7GZU,2020-12,0.378248778838477,12.0,0.5454545454545454,0.40035175106779675,0.378248778838477,-0.02210297222931973,0.9153837626372135,0.6564333106093458,보통
15496,B00ZYDKI1Y,2020-12,0.36645111860973045,20.0,0.6666666666666666,0.37927984761020106,0.36645111860973045,-0.012828729000470607,0.9499794596884429,0.7516605045731994,높음
15512,B01FF4ASTS,2020-12,0.35664853686010695,30.0,0.75,0.35707533208976355,0.35664853686010695,-0.0004267952296566069,0.9982942754858182,0.8244882826457454,높음
15783,B0BVR77MZJ,2020-12,0.3488505722436897,30.0,0.75,0.36227858978372646,0.3488505722436897,-0.013428017540036752,0.9477049397530272,0.8093114819259081,높음
15530,B072YQNJCR,2020-12,0.3455915393009911,22.0,0.6875,0.35343845477867786,0.3455915393009911,-0.007846915477686733,0.9690998171607786,0.7719799451482335,높음
15580,B07HR81PD2,2020-12,0.33584485374812995,20.0,0.6666666666666666,0.34874162801227176,0.33584485374812995,-0.01289677426414182,0.9497209284624228,0.7515829452053935,높음
15586,B07KQMGVG7,2020-12,0.3236478907462298,18.0,0.6428571428571429,0.34101567643437264,0.3236478907462298,-0.017367785688142845,0.9328870535486604,0.7298661160645981,보통
15597,B07PGRX339,2020-12,0.3225547702403847,24.0,0.7058823529411765,0.3189451066642689,0.3225547702403847,0.003609663576115807,0.9856650831878409,0.7898171720151759,높음
15779,B0BTSQRXNZ,2020-12,0.3151924717805999,32.0,0.7619047619047619,0.32834231015964516,0.3151924717805999,-0.013149838379045264,0.9487600537256337,0.8179613494510233,높음
15835,B0CDGZZPSY,2020-12,0.3129037732124149,36.0,0.782608695652174,0.32436468328180335,0.3129037732124149,-0.01146091006938843,0.955191303962062,0.8343834781451402,높음
15504,B01ALBMIEI,2020-12,0.3054835885047117,44.0,0.8148148148148148,0.28895305502617963,0.3054835885047117,0.01653053347853206,0.9360165379467308,0.8511753317543895,높음
15700,B08GPB9SPS,2020-12,0.29704168300517925,20.0,0.6666666666666666,0.2762829424892179,0.29704168300517925,0.020758740515961327,0.9203189704070427,0.7427623577887794,보통
15780,B0BTV3G59T,2020-12,0.2952253686024182,24.0,0.7058823529411765,0.3073398404375125,0.2952253686024182,-0.012114471835094287,0.9526974590848717,0.7799268847842851,높음
15664,B0838R8WCF,2020-12,0.2714128535413866,22.0,0.6875,0.2846030670019448,0.2714128535413866,-0.013190213460558209,0.9486068410398945,0.7658320523119683,높음
15731,B09MQLYPRR,2020-12,0.2556740075073732,46.0,0.8214285714285714,0.2447727791498125,0.2556740075073732,0.010901228357560688,0.9573321118264545,0.8621996335479363,높음
15739,B09TWWTX37,2020-12,0.243456349515733,20.0,0.6666666666666666,0.24089589103095355,0.243456349515733,0.0025604584847794543,0.9898104350464819,0.7636097971806112,높음
15814,B0C4LRKXNV,2020-12,0.23885893673063152,96.0,0.9056603773584906,0.23116115501271392,0.23885893673063152,0.007697781717917601,0.9696780916214183,0.9248656916373688,높음
15508,B01CYBRSK2,2020-12,0.23736925820212343,15.0,0.6,0.24104980958222064,0.23736925820212343,-0.003680551380097208,0.9853856362756357,0.7156156908826907,보통
15611,B07RHYHS9Y,2020-12,0.2293472253641197,24.0,0.7058823529411765,0.23339200732767298,0.2293472253641197,-0.00404478196355329,0.9839510512279708,0.7893029624272148,높음
15615,B07SBW92N5,2020-12,0.21861911011876003,38.0,0.7916666666666666,0.2204698401302554,0.21861911011876003,-0.001850730011495355,0.9926244140742627,0.8519539908889454,높음
15614,B07RZ4MGXR,2020-12,0.18767672401057844,70.0,0.875,0.1911396654237823,0.18767672401057844,-0.003462941413203857,0.9862437286231,0.9083731185869299,높음
15316,B088CP7HFJ,2020-11,0.8980602425218406,6.0,0.375,0.895663214910426,0.8980602425218406,0.0023970276114145816,0.9904577089279634,0.5596373126783889,보통
15366,B09NR62M32,2020-11,0.895818274386467,8.0,0.4444444444444444,0.885409403205017,0.895818274386467,0.010408871181449952,0.9592193669643911,0.5988769212004283,보통
15297,B0823P5GLQ,2020-11,0.8119400265428987,12.0,0.5454545454545454,0.8165386570221155,0.8119400265428987,-0.004598630479216825,0.9817736247305672,0.676350269237352,보통
15435,B0C33KRL4C,2020-11,0.7953742378100888,6.0,0.375,0.7986836989980766,0.7953742378100888,-0.0033094611879878055,0.9868493901565623,0.5585548170469686,보통
15377,B09YV4R5ZC,2020-11,0.7934570037100934,16.0,0.6153846153846154,0.7734896175216978,0.7934570037100934,0.019967386188395664,0.9232367796124779,0.7077402646529741,보통
15392,B0B9ZPWT7F,2020-11,0.7907733894914574,8.0,0.4444444444444444,0.7955929775925873,0.7907733894914574,-0.0048195881011299235,0.9809062866154525,0.6053829970957468,보통
15145,B014ITW6FK,2020-11,0.7731920586220977,7.0,0.4117647058823529,0.7772695555141504,0.7731920586220977,-0.004077496892052723,0.983822300099171,0.5833819841473984,보통
15268,B07TXS441N,2020-11,0.7672157996550866,7.0,0.4117647058823529,0.7639670596062941,0.7672157996550866,0.0032487400487924978,0.9870891097442147,0.5843620270409114,보통
15182,B0742D5HSG,2020-11,0.7459026712434151,12.0,0.5454545454545454,0.7630940986923932,0.7459026712434151,-0.01719142744897806,0.933545374994596,0.6618817943165606,보통
15462,B0C86NF3DH,2020-11,0.7127990856139039,9.0,0.47368421052631576,0.704282851298332,0.7127990856139039,0.008516234315571913,0.9665087401680887,0.6215315694188477,보통
15138,B00WA6TGDE,2020-11,0.685698541939102,11.0,0.5238095238095238,0.7001699843784724,0.685698541939102,-0.014471442439370485,0.9437577469560118,0.6497939907534702,보통
15279,B07XSF9JJZ,2020-11,0.6699696533609029,14.0,0.5833333333333334,0.6719029235652518,0.6699696533609029,-0.0019332702043489691,0.9922967425271091,0.706022356091466,보통
15169,B06VW9HKXF,2020-11,0.6379418822686489,12.0,0.5454545454545454,0.6499684087835659,0.6379418822686489,-0.01202652651491698,0.9530326591722582,0.6677279795698592,보통
15226,B07HR81PD2,2020-11,0.5970582828136829,11.0,0.5238095238095238,0.6212289081446141,0.5970582828136829,-0.024170625330931172,0.9078441997119846,0.6390199265802621,보통
15457,B0C7CC35KH,2020-11,0.5951218150547133,14.0,0.5833333333333334,0.5967868328560061,0.5951218150547133,-0.0016650178012928007,0.9933620579146328,0.7063419507077231,보통
15302,B0838R8WCF,2020-11,0.5927056555020275,11.0,0.5238095238095238,0.6097738209019881,0.5927056555020275,-0.01706816539996059,0.9340057713471552,0.6468683980708132,보통
15296,B0821T4RK8,2020-11,0.5646411832467974,15.0,0.6,0.5877798946764673,0.5646411832467974,-0.023138711429669945,0.911599212279422,0.6934797636838266,보통
15274,B07WFFXFZB,2020-11,0.5472650733983857,21.0,0.6774193548387096,0.5222498604578174,0.5472650733983857,0.0250152129405683,0.9047823587597453,0.7456282560150203,보통
15255,B07RHYHS9Y,2020-11,0.5145159547904365,12.0,0.5454545454545454,0.5156297472696855,0.5145159547904365,-0.0011137924792489207,0.9955547396307972,0.6804846037074209,보통
15385,B0B5S16LJL,2020-11,0.4868213964878218,11.0,0.5238095238095238,0.4938298352080779,0.4868213964878218,-0.007008438720256083,0.9723555445015756,0.6583733300171393,보통
15362,B09LM1H5N9,2020-11,0.4836112423127615,122.0,0.9242424242424242,0.4540614773904351,0.4836112423127615,0.02954976492232636,0.8885191666605126,0.9135254469678507,높음
15124,B001TH7GZU,2020-11,0.4822204003059862,10.0,0.5,0.4998006345419707,0.4822204003059862,-0.017580234235984538,0.9320946282962294,0.6296283884888687,보통
15303,B083BNBSYG,2020-11,0.46490964553608694,19.0,0.6551724137931034,0.463736768437171,0.46490964553608694,0.0011728770989159476,0.9953194795398032,0.7572165335171133,높음
15283,B07YXRTY6F,2020-11,0.45145208948131305,16.0,0.6153846153846154,0.45668759903742756,0.45145208948131305,-0.005235509556114515,0.9792757234841982,0.7245519478144902,보통
15371,B09TWWTX37,2020-11,0.4398247751053933,19.0,0.6551724137931034,0.43233422942293664,0.4398247751053933,0.007490545682456662,0.970482233843387,0.7497653598081885,보통
15260,B07SBW92N5,2020-11,0.43849420564664365,31.0,0.7560975609756098,0.4579770878068291,0.43849420564664365,-0.019482882160185455,0.9250277622834076,0.806776621367949,높음
15232,B07KQMGVG7,2020-11,0.4188436037376655,15.0,0.6,0.4410140003842256,0.4188436037376655,-0.02217039664656012,0.9151369190582901,0.694541075717487,보통
15291,B081DG1BRW,2020-11,0.41651273296213187,24.0,0.7058823529411765,0.39273560577911687,0.41651273296213187,0.023777127183015,0.9092742649174933,0.7668999265340715,높음
15416,B0BVR77MZJ,2020-11,0.40893293035201195,30.0,0.75,0.4269707984373613,0.40893293035201195,-0.01803786808534935,0.9303899567921257,0.8041169870376377,높음
15412,B0BTSQRXNZ,2020-11,0.4055920580689816,33.0,0.7674418604651163,0.4087443979132891,0.4055920580689816,-0.003152339844307517,0.9874698055058931,0.8334502439773493,높음
15365,B09MQLYPRR,2020-11,0.4024281530275895,33.0,0.7674418604651163,0.3986299591315773,0.4024281530275895,0.003798193896012214,0.9849220523769507,0.8326859180386665,높음
15142,B00ZYDKI1Y,2020-11,0.39585610237860824,23.0,0.696969696969697,0.40030806473556096,0.39585610237860824,-0.004451962356952721,0.9823497732954091,0.7825837198674106,높음
15449,B0C5BHXVH1,2020-11,0.39365194986964885,12.0,0.5454545454545454,0.41902811542482443,0.39365194986964885,-0.025376165555175578,0.9034769671233813,0.6528612719551962,보통
15281,B07YFDB6Y6,2020-11,0.3821614587598333,23.0,0.696969696969697,0.37775671662481636,0.3821614587598333,0.004404742135016959,0.9825353379169168,0.7826393892538629,높음
15343,B08RS7H7KY,2020-11,0.35507200405756684,56.0,0.8484848484848485,0.3446921957208962,0.35507200405756684,0.010379808336670626,0.959330884020557,0.8817386591455609,높음
15159,B01FF4ASTS,2020-11,0.3335214529221874,34.0,0.7727272727272727,0.3253953792326938,0.3335214529221874,0.008126073689493585,0.9680182924180979,0.8313145786345202,높음
15150,B01ALBMIEI,2020-11,0.3123720821961552,40.0,0.8,0.29438088035880444,0.3123720821961552,0.017991201837350757,0.9305636442361402,0.839169093270842,높음
15203,B0797GQSS9,2020-11,0.3122797938343008,13.0,0.5652173913043478,0.31716553925833085,0.3122797938343008,-0.00488574542403003,0.980646744422447,0.6898461972397776,보통
15179,B0737B6HGR,2020-11,0.2816636866775244,14.0,0.5833333333333334,0.2857238485223467,0.2816636866775244,-0.00406016184482233,0.983890520888519,0.7035004895998891,보통
15178,B072YQNJCR,2020-11,0.2786757879394819,21.0,0.6774193548387096,0.2897620487992417,0.2786757879394819,-0.011086260859759833,0.9566238237470713,0.7611806955112181,높음
15467,B0CFMQLYHG,2020-11,0.2672372745591513,27.0,0.7297297297297297,0.25474110704674896,0.2672372745591513,0.012496167512402345,0.9512440069123752,0.7961840128845233,높음
15154,B01CYBRSK2,2020-11,0.261431649012268,12.0,0.5454545454545454,0.2625504033913531,0.261431649012268,-0.0011187543790850962,0.9955349804552861,0.6804786759547676,보통
15259,B07RZ4MGXR,2020-11,0.2596734614128924,43.0,0.8113207547169812,0.26811954887891604,0.2596734614128924,-0.008446087466023655,0.9667799683906545,0.8579585188190831,높음
15466,B0CDGZZPSY,2020-11,0.25034222777806203,19.0,0.6551724137931034,0.2581828289186726,0.25034222777806203,-0.007840601140610581,0.9691242943615159,0.7493579779636271,보통
15445,B0C4LRKXNV,2020-11,0.22091681889952086,62.0,0.8611111111111112,0.20563696842086351,0.22091681889952086,0.015279850478657347,0.9407109103861582,0.8849910508936252,높음
15241,B07PGRX339,2020-11,0.21269782656755287,30.0,0.75,0.21292704238017113,0.21269782656755287,-0.0002292158126182553,0.9990835569402081,0.8247250670820623,높음
15413,B0BTV3G59T,2020-11,0.19637218825152233,21.0,0.6774193548387096,0.20010950425244106,0.19637218825152233,-0.003737316000918728,0.9851619215067403,0.7697421248391187,높음
14941,B08224KN82,2020-10,0.8592610358212716,5.0,0.3333333333333333,0.8469745492558677,0.8592610358212716,0.012286486565403876,0.9520421725626285,0.5189459851021219,보통
15016,B09NR62M32,2020-10,0.8130559614966588,16.0,0.6153846153846154,0.7948316160056956,0.8130559614966588,0.01822434549096319,0.929696228732101,0.7096780993888611,보통
14990,B08L8RRDP9,2020-10,0.7678425000031679,5.0,0.3333333333333333,0.7915107427030424,0.7678425000031679,-0.023668242699874553,0.9096703746051027,0.5062344457148641,보통
14938,B081JBKY7K,2020-10,0.725431730602977,11.0,0.5238095238095238,0.695231268313749,0.725431730602977,0.030200462289228014,0.8862095453646333,0.6325295302760566,보통
14775,B00WA6TGDE,2020-10,0.7249047743871636,10.0,0.5,0.7362934563025593,0.7249047743871636,-0.01138868191539566,0.9554673106494297,0.6366401931948289,보통
14864,B07HR81PD2,2020-10,0.7125540267426366,14.0,0.5833333333333334,0.7217647724470461,0.7125540267426366,-0.009210745704409495,0.9638274609405836,0.6974815716155084,보통
14945,B082LZJQZ5,2020-10,0.7105062710953758,7.0,0.4117647058823529,0.7013499478090475,0.7105062710953758,0.009156323286328316,0.9640372990637007,0.5774464838367572,보통
14948,B0838R8WCF,2020-10,0.6875413033404494,11.0,0.5238095238095238,0.7024346000185452,0.6875413033404494,-0.014893296678095802,0.94216657699362,0.6493166397647526,보통
14916,B07WFFXFZB,2020-10,0.6868225671366338,17.0,0.6296296296296297,0.6669607237686382,0.6868225671366338,0.01986184336799557,0.9236266259521216,0.7178287285263771,보통
14942,B0823P5GLQ,2020-10,0.667057475842692,19.0,0.6551724137931034,0.6696732164540217,0.667057475842692,-0.002615740611329631,0.989591583941559,0.7554981648376401,높음
14966,B088CP7HFJ,2020-10,0.660360142101516,22.0,0.6875,0.644044329185742,0.660360142101516,0.016315812915773997,0.9368208112764486,0.7622962433829346,높음
15113,B0C86NF3DH,2020-10,0.643759085969906,9.0,0.47368421052631576,0.6102248534876379,0.643759085969906,0.03353423248226817,0.8744703152466428,0.5939200419424138,보통
15095,B0C4LRKXNV,2020-10,0.6278958701331098,22.0,0.6875,0.608138603934547,0.6278958701331098,0.019757266198562773,0.9240130678050963,0.7584539203415288,높음
14927,B07YFDB6Y6,2020-10,0.624266350996565,18.0,0.6428571428571429,0.6202802603959454,0.624266350996565,0.003986090600619607,0.9841820760582605,0.7452546228174781,보통
14929,B07YXRTY6F,2020-10,0.5910033409090608,13.0,0.5652173913043478,0.6023826910798105,0.5910033409090608,-0.011379350170749647,0.9555029760229082,0.6823030667199159,보통
15013,B09LM1H5N9,2020-10,0.5781070230794499,148.0,0.9367088607594937,0.5485213662301572,0.5781070230794499,0.029585656849292707,0.8883916131568618,0.922213686478704,높음
15064,B0BVZ6NRP6,2020-10,0.564960000049735,13.0,0.5652173913043478,0.577413009948852,0.564960000049735,-0.012453009899117018,0.9514082347712934,0.6810746443444314,보통
14851,B07CTC362N,2020-10,0.563158301355028,9.0,0.47368421052631576,0.5821616847031235,0.563158301355028,-0.01900338334809548,0.9268036636768671,0.6096200464714812,보통
14808,B06VW9HKXF,2020-10,0.5548763926430371,12.0,0.5454545454545454,0.5712020341112752,0.5548763926430371,-0.016325641468238117,0.9367839816304451,0.6628533763073152,보통
14949,B083BNBSYG,2020-10,0.5312955267008702,18.0,0.6428571428571429,0.5381972866237575,0.5312955267008702,-0.006901759922887329,0.9727705519206722,0.7418311655762017,보통
14795,B01E9H4SZM,2020-10,0.5260009844094455,10.0,0.5,0.5507146846783552,0.5260009844094455,-0.024713700268909622,0.9058742304387274,0.6217622691316183,보통
15039,B0B9ZPWT7F,2020-10,0.4980238252409125,16.0,0.6153846153846154,0.5000241971006922,0.4980238252409125,-0.002000371859779748,0.9920304392510806,0.728378362544555,보통
14821,B0742D5HSG,2020-10,0.4951755085679161,16.0,0.6153846153846154,0.5159000228260556,0.4951755085679161,-0.020724514258139537,0.9204449753296375,0.706902723368122,보통
15029,B09YV4R5ZC,2020-10,0.49054399934161014,26.0,0.7222222222222222,0.45941214343698566,0.49054399934161014,0.031131855904624472,0.8829140483363572,0.7704297700564626,높음
15118,B0CFMQLYHG,2020-10,0.4831972682226107,29.0,0.7435897435897436,0.4508478638557048,0.4831972682226107,0.03234940436690592,0.878624539616826,0.7841001823978684,높음
15058,B0BTSQRXNZ,2020-10,0.4657948562285781,30.0,0.75,0.46597741957271327,0.4657948562285781,-0.00018256334413518926,0.9992700131935643,0.8247810039580692,높음
15085,B0C33KRL4C,2020-10,0.4638426322346299,20.0,0.6666666666666666,0.4670091835209718,0.4638426322346299,-0.003166551286341912,0.9874136736217316,0.7628907687531861,높음
14760,B001TH7GZU,2020-10,0.4600431134079615,12.0,0.5454545454545454,0.47321880565851715,0.4600431134079615,-0.013175692250555648,0.9486619423167478,0.6664167645132062,보통
14937,B081DG1BRW,2020-10,0.4583020591856152,31.0,0.7560975609756098,0.44152882526371207,0.4583020591856152,0.016773233921903108,0.9351082923662235,0.8098007803927938,높음
14924,B07XSF9JJZ,2020-10,0.4544189544694737,17.0,0.6296296296296297,0.45345274350360276,0.4544189544694737,0.0009662109658709617,0.9961426150333095,0.7395835252507336,보통
14909,B07TXS441N,2020-10,0.41707884061409595,24.0,0.7058823529411765,0.4230705316647613,0.41707884061409595,-0.0059916910506653265,0.976318157931121,0.7870130944381598,높음
15098,B0C5BHXVH1,2020-10,0.4050338686375509,10.0,0.5,0.4236677843869194,0.4050338686375509,-0.018633915749368457,0.9281743719884439,0.6284523115965331,보통
14819,B073PM5CWW,2020-10,0.4002057895148527,9.0,0.47368421052631576,0.42543037311125576,0.4002057895148527,-0.02522458359640306,0.9040249364646555,0.6027864283078177,보통
14840,B0797GQSS9,2020-10,0.3972819871577952,14.0,0.5833333333333334,0.40328586887028506,0.3972819871577952,-0.006003881712489834,0.9762705512338589,0.701214498703491,보통
14792,B01CYBRSK2,2020-10,0.3590188296674574,14.0,0.5833333333333334,0.36362525562094855,0.3590188296674574,-0.0046064259534911445,0.9817430116437176,0.7028562368264486,보통
15107,B0C7CC35KH,2020-10,0.3560262606460914,38.0,0.7916666666666666,0.3622553603710533,0.3560262606460914,-0.0062290997249619395,0.9753914524183532,0.8467841023921725,높음
14797,B01FF4ASTS,2020-10,0.3471711310461332,40.0,0.8,0.34530756186191275,0.3471711310461332,0.001863569184220426,0.9925734374780549,0.8577720312434164,높음
14817,B0737B6HGR,2020-10,0.32714091817048396,13.0,0.5652173913043478,0.32535195329170297,0.32714091817048396,0.0017889648787809964,0.9928696826857951,0.693513078718782,보통
15117,B0CDGZZPSY,2020-10,0.3111482487800058,19.0,0.6551724137931034,0.319745795675191,0.3111482487800058,-0.008597546895185215,0.9661944340094212,0.7484790198579987,보통
14879,B07PGRX339,2020-10,0.3025830237360829,21.0,0.6774193548387096,0.30967737764550407,0.3025830237360829,-0.007094353909421147,0.9720214414717476,0.765799980828621,높음
14870,B07KQMGVG7,2020-10,0.2787594994194186,28.0,0.7368421052631579,0.30046371221606977,0.2787594994194186,-0.02170421279665119,0.9168449993306963,0.7908429734834194,높음
15063,B0BVR77MZJ,2020-10,0.27730991572480934,36.0,0.782608695652174,0.28755991555311194,0.27730991572480934,-0.010249999828302603,0.9598291306069996,0.8357748261386215,높음
14816,B072YQNJCR,2020-10,0.2727964067623761,16.0,0.6153846153846154,0.2908862274674859,0.2727964067623761,-0.018089820705109783,0.9301966320976535,0.7098282203985269,보통
15059,B0BTV3G59T,2020-10,0.2686782391610567,13.0,0.5652173913043478,0.27707874944080346,0.2686782391610567,-0.008400510279746753,0.9669562369006441,0.6857390449832366,보통
15023,B09TWWTX37,2020-10,0.2637935040179398,29.0,0.7435897435897436,0.2626474171729476,0.2637935040179398,0.001146086844992178,0.9954261447012431,0.8191406639231935,높음
14782,B014ITW6FK,2020-10,0.2559744987584658,27.0,0.7297297297297297,0.2531259925973327,0.2559744987584658,0.0028485061611330798,0.9886706414190047,0.8074120032365122,높음
15015,B09MQLYPRR,2020-10,0.24770227194482405,50.0,0.8333333333333334,0.23666175806375334,0.24770227194482405,0.011040513881070718,0.956798890362834,0.8703730004421836,높음
14892,B07RHYHS9Y,2020-10,0.23780000745841204,20.0,0.6666666666666666,0.23794642574405933,0.23780000745841204,-0.00014641828564729287,0.9994144983304485,0.7664910161658012,높음
14787,B01ALBMIEI,2020-10,0.23466782943640213,69.0,0.8734177215189873,0.21046765444302842,0.23466782943640213,0.024200174993373708,0.9077369000948369,0.8837134750917421,높음
14899,B07SBW92N5,2020-10,0.22993996174906287,34.0,0.7727272727272727,0.2335747287030165,0.22993996174906287,-0.003634766953953622,0.9855661140648233,0.8365789251285378,높음
14779,B00ZYDKI1Y,2020-10,0.2102401476983743,40.0,0.8,0.21704832882948447,0.2102401476983743,-0.006808181131110175,0.9731347428492145,0.8519404228547642,높음
14896,B07RZ4MGXR,2020-10,0.16414475982773666,62.0,0.8611111111111112,0.16956448103834865,0.16414475982773666,-0.0054197212106119885,0.978554413259405,0.8963441017555992,높음
14603,B088CQKP46,2020-09,0.9125477952871048,8.0,0.4444444444444444,0.9083709751019329,0.9125477952871048,0.004176820185171959,0.9834315118503029,0.6061405646662019,보통
14571,B081JBKY7K,2020-09,0.875928804327211,14.0,0.5833333333333334,0.8606327429920072,0.875928804327211,0.015296061335203781,0.9406499134453251,0.6905283073669308,보통
14716,B0C2DQMJGQ,2020-09,0.8210532571441462,8.0,0.4444444444444444,0.8077869441211495,0.8210532571441462,0.013266313022996745,0.9483181307214642,0.5956065503275503,보통
14575,B08224KN82,2020-09,0.7617151354195754,12.0,0.5454545454545454,0.7431290609045067,0.7617151354195754,0.018586074515068662,0.9283520090150564,0.6603237845226987,보통
14579,B082LZJQZ5,2020-09,0.757769501800287,11.0,0.5238095238095238,0.7636154879857808,0.757769501800287,-0.005845986185493812,0.9768873410027582,0.6597328689674942,보통
14420,B01E9H4SZM,2020-09,0.7327194621107295,8.0,0.4444444444444444,0.7473850044494168,0.7327194621107295,-0.014665542338687332,0.9430252981946119,0.5940187005694946,보통
14552,B07WFFXFZB,2020-09,0.7221531672634558,18.0,0.6428571428571429,0.7017505414675207,0.7221531672634558,0.020402625795935103,0.9216308610823011,0.7264892583246902,보통
14563,B07YXRTY6F,2020-09,0.699154807665586,13.0,0.5652173913043478,0.6909667138617747,0.699154807665586,0.008188093803811358,0.9677781757828218,0.6859856266478899,보통
14675,B0BCWB19QY,2020-09,0.6965729034001298,5.0,0.3333333333333333,0.7106214365000267,0.6965729034001298,-0.014048533099896954,0.9453555939253392,0.516940011510935,보통
14562,B07YFDB6Y6,2020-09,0.6922033593978463,13.0,0.5652173913043478,0.6885603837109858,0.6922033593978463,0.00364297568686045,0.9855337536001336,0.6913122999930834,보통
14576,B0823P5GLQ,2020-09,0.6629994397656028,24.0,0.7058823529411765,0.6616827131546312,0.6629994397656028,0.001316726610971597,0.9947469393889572,0.7925417288755108,높음
14661,B09YV4R5ZC,2020-09,0.6591970646427527,22.0,0.6875,0.624447763855437,0.6591970646427527,0.03474930078731575,0.8702304623595579,0.7423191387078674,보통
14495,B07HR81PD2,2020-09,0.6451094352241766,17.0,0.6296296296296297,0.6537168134195744,0.6451094352241766,-0.008607378195397808,0.9661564389663294,0.7305876724306395,보통
14625,B08L8RRDP9,2020-09,0.6414191508873065,13.0,0.5652173913043478,0.6567965764838526,0.6414191508873065,-0.01537742559654609,0.94034382211626,0.6777553205479214,보통
14510,B07NL9T1GL,2020-09,0.6205172030001873,6.0,0.375,0.6159364172649797,0.6205172030001873,0.004580785735207593,0.9818437052277079,0.5570531115683124,보통
14443,B0737B6HGR,2020-09,0.6194360680368288,13.0,0.5652173913043478,0.6166227795284255,0.6194360680368288,0.0028132885084033443,0.9888099258665713,0.6922951516730148,보통
14755,B0CFMQLYHG,2020-09,0.6190003583133894,30.0,0.75,0.5854471288646653,0.6190003583133894,0.033553229448724076,0.874403868638261,0.7873211605914783,높음
14733,B0C5BHXVH1,2020-09,0.5904340508289605,12.0,0.5454545454545454,0.6054442629585488,0.5904340508289605,-0.015010212129588307,0.9417260646841183,0.6643360012234173,보통
14584,B083BNBSYG,2020-09,0.5594932158328101,13.0,0.5652173913043478,0.5668272691057954,0.5594932158328101,-0.007334053272985308,0.9710899164314623,0.6869791488424821,보통
14570,B081DG1BRW,2020-09,0.5258821593834612,29.0,0.7435897435897436,0.5031433790622397,0.5258821593834612,0.022738780321221452,0.9130586868804753,0.7944304265769631,높음
14442,B072YQNJCR,2020-09,0.5162139807982756,13.0,0.5652173913043478,0.5264700283895989,0.5162139807982756,-0.010256047591323258,0.9598059116113578,0.6835939473964507,보통
14645,B09LM1H5N9,2020-09,0.5041692092288871,164.0,0.9425287356321839,0.4630253191970597,0.5041692092288871,0.04114389003182739,0.848253660368229,0.9142462130529974,높음
14375,B00009W3I4,2020-09,0.4835719901486981,11.0,0.5238095238095238,0.4914050286685218,0.4835719901486981,-0.007833038519823698,0.9691536112830736,0.6574127500515887,보통
14729,B0C4LRKXNV,2020-09,0.4830763794486579,37.0,0.7872340425531915,0.46096032633989414,0.4830763794486579,0.022116053108763745,0.9153358677916615,0.8256645901247325,높음
14445,B073PM5CWW,2020-09,0.4810289848868495,9.0,0.47368421052631576,0.5030834961543224,0.4810289848868495,-0.022054511267472876,0.9155612213466829,0.6062473137724259,보통
14697,B0BVZ6NRP6,2020-09,0.4712901515225408,8.0,0.4444444444444444,0.4869561087828569,0.4712901515225408,-0.01566595726031611,0.9392591722782574,0.5928888627945883,보통
14406,B014ITW6FK,2020-09,0.46894602611630565,17.0,0.6296296296296297,0.4846108318515821,0.46894602611630565,-0.015664805735276455,0.9392634986100435,0.7225197903237537,보통
14434,B06VW9HKXF,2020-09,0.4417293000636087,19.0,0.6551724137931034,0.44151695721615725,0.4417293000636087,0.00021234284745147436,0.9991509892239675,0.7583659864223626,높음
14527,B07RHYHS9Y,2020-09,0.43983334693156456,14.0,0.5833333333333334,0.4404017920046965,0.43983334693156456,-0.0005684450731319179,0.9977288027877251,0.7076519741696509,보통
14742,B0C7CC35KH,2020-09,0.43974681639004565,33.0,0.7674418604651163,0.46199037812553695,0.43974681639004565,-0.022243561735491302,0.9148691339489757,0.8116700425102741,높음
14514,B07PGRX339,2020-09,0.4306745889766472,18.0,0.6428571428571429,0.44456929529033956,0.4306745889766472,-0.013894706313692384,0.945937456970562,0.7337812370911686,보통
14583,B0838R8WCF,2020-09,0.4207391374844028,19.0,0.6551724137931034,0.42973042655645566,0.4207391374844028,-0.008991289072052877,0.9646739057170728,0.7480228613702942,보통
14673,B0B9ZPWT7F,2020-09,0.4040561344157549,18.0,0.6428571428571429,0.41938244496996113,0.4040561344157549,-0.015326310554206246,0.9405361046297738,0.7321608313889321,보통
14545,B07TXS441N,2020-09,0.39927380176420385,18.0,0.6428571428571429,0.3975086221856272,0.39927380176420385,0.0017651795785766367,0.9929641499934564,0.747889244998037,보통
14417,B01CYBRSK2,2020-09,0.3822639561342877,19.0,0.6551724137931034,0.3918294679639043,0.3822639561342877,-0.009565511829616569,0.962460697597869,0.747358898934533,보통
14628,B08PNT3BLH,2020-09,0.3638503538590623,11.0,0.5238095238095238,0.36657567278320885,0.3638503538590623,-0.002725318924146569,0.9891579278825157,0.6634140450314213,보통
14750,B0C86NF3DH,2020-09,0.3637453779751771,18.0,0.6428571428571429,0.3382305479364765,0.3637453779751771,0.025514830038700587,0.902975985404876,0.7208927956214628,보통
14655,B09TWWTX37,2020-09,0.361958045432954,22.0,0.6875,0.36458729404100454,0.361958045432954,-0.0026292486080505273,0.9895381157865837,0.778111434735975,높음
14481,B07CTC362N,2020-09,0.3489211842311029,12.0,0.5454545454545454,0.36235240343964625,0.3489211842311029,-0.013431219208543344,0.9476928028825072,0.666126022682934,보통
14696,B0BVR77MZJ,2020-09,0.3484060963635059,28.0,0.7368421052631579,0.3700304356874131,0.3484060963635059,-0.021624339323907227,0.9171379725060319,0.7909308654360201,높음
14721,B0C33KRL4C,2020-09,0.34564718862997795,18.0,0.6428571428571429,0.3509798857155536,0.34564718862997795,-0.005332697085575655,0.9788951039190353,0.7436685311757105,보통
14468,B0797GQSS9,2020-09,0.34172650355092915,13.0,0.5652173913043478,0.3433160044962534,0.34172650355092915,-0.0015895009453242293,0.9936621655565308,0.6937508235800026,보통
14602,B088CP7HFJ,2020-09,0.29982162897910036,26.0,0.7222222222222222,0.2907012382399218,0.29982162897910036,0.009120390739178585,0.9641758702847069,0.7948083166409676,높음
14648,B09NR62M32,2020-09,0.2904776736797721,67.0,0.8701298701298701,0.26505392014928825,0.2904776736797721,0.025423753530483872,0.9033050049321533,0.8800824105705549,높음
14399,B00WA6TGDE,2020-09,0.2773047063987102,23.0,0.696969696969697,0.28552772391129333,0.2773047063987102,-0.008223017512583142,0.9676429916126399,0.7781716853625797,높음
14692,B0BTV3G59T,2020-09,0.27710719211270024,14.0,0.5833333333333334,0.2942683462103855,0.27710719211270024,-0.01716115409768526,0.9336584280277861,0.6884308617416691,보통
14403,B00ZYDKI1Y,2020-09,0.2727536629408941,32.0,0.7619047619047619,0.2849811321444838,0.2727536629408941,-0.012227469203589691,0.9522669471622343,0.8190134174820034,높음
14754,B0CDGZZPSY,2020-09,0.2516620861776661,26.0,0.7222222222222222,0.261281988341253,0.2516620861776661,-0.00961990216358688,0.9622513261391593,0.7942309533973033,높음
14535,B07SBW92N5,2020-09,0.23146161344469604,26.0,0.7222222222222222,0.24152879492731902,0.23146161344469604,-0.010067181482622978,0.9605312848042175,0.7937149409968207,높음
14647,B09MQLYPRR,2020-09,0.2251972775440841,40.0,0.8,0.22699970562015964,0.2251972775440841,-0.0018024280760755296,0.9928162153237883,0.8578448645971364,높음
14379,B001TH7GZU,2020-09,0.2217374780776459,22.0,0.6875,0.23524509592293893,0.2217374780776459,-0.01350761784529303,0.9474032373767897,0.7654709712130369,높음
14411,B01ALBMIEI,2020-09,0.22159368268739965,57.0,0.8507462686567164,0.20026152984549048,0.22159368268739965,0.021332152841909174,0.9182105004110297,0.8709855381830104,높음
14531,B07RZ4MGXR,2020-09,0.21350666804128487,51.0,0.8360655737704918,0.22382709118982297,0.21350666804128487,-0.010320423148538094,0.9595587912682305,0.8731135390198134,높음
14422,B01FF4ASTS,2020-09,0.1793289348769391,74.0,0.8809523809523809,0.18234383024505751,0.1793289348769391,-0.0030148953681184143,0.9880128438481374,0.9130705198211078,높음
14204,B081DG1BRW,2020-08,0.8494705936657327,14.0,0.5833333333333334,0.8373065162950306,0.8494705936657327,0.012164077370702131,0.9525084415672017,0.6940858658034939,보통
14339,B0C2DQMJGQ,2020-08,0.814084011017859,8.0,0.4444444444444444,0.7968536877759789,0.814084011017859,0.01723032324188012,0.9334001423424854,0.5911311538138566,보통
14283,B09YV4R5ZC,2020-08,0.7711686033996877,23.0,0.696969696969697,0.7521314920119975,0.7711686033996877,0.019037111387690264,0.9266786350283387,0.7658823783872895,높음
14218,B083BNBSYG,2020-08,0.7505301510468761,8.0,0.4444444444444444,0.7724445135142556,0.7505301510468761,-0.021914362467379433,0.9160746244652348,0.5859334984506814,보통
14355,B0C5BHXVH1,2020-08,0.7295503128481936,10.0,0.5,0.731612517114705,0.7295503128481936,-0.0020622042665113804,0.991785111072355,0.6475355333217065,보통
14210,B08224KN82,2020-08,0.7185659024543862,14.0,0.5833333333333334,0.692782669879071,0.7185659024543862,0.02578323257531523,0.9020070614413044,0.6789354517657247,보통
14246,B08L8RRDP9,2020-08,0.6975651241069631,12.0,0.5454545454545454,0.7064911204079405,0.6975651241069631,-0.008925996300977346,0.9649258835502565,0.6712959468832587,보통
14143,B07MLWJZH7,2020-08,0.696586036862598,9.0,0.47368421052631576,0.6850093153840071,0.696586036862598,0.011576721478590901,0.9547489182327235,0.6180036228382381,보통
14197,B07YFDB6Y6,2020-08,0.6899524858272479,9.0,0.47368421052631576,0.6933036642738747,0.6899524858272479,-0.0033511784466268013,0.9866847292903567,0.627584366155528,보통
14295,B0BCWB19QY,2020-08,0.6805814356974982,8.0,0.4444444444444444,0.6922776168401108,0.6805814356974982,-0.011696181142612616,0.9542928112741814,0.5973989544933656,보통
14198,B07YXRTY6F,2020-08,0.6750774849104577,15.0,0.6,0.672458820832003,0.6750774849104577,0.00261866407845468,0.9895800118553688,0.7168740035566106,보통
14277,B09TWWTX37,2020-08,0.6247855747179293,16.0,0.6153846153846154,0.629463242001183,0.6247855747179293,-0.004677667283253695,0.9814632887907282,0.7252082174064493,보통
14374,B0CFMQLYHG,2020-08,0.5969736800913236,40.0,0.8,0.5667853812561039,0.5969736800913236,0.030188298835219673,0.8862526638897523,0.8258757991669257,높음
14158,B07QNWTXNP,2020-08,0.5927729462122251,16.0,0.6153846153846154,0.6139372889071769,0.5927729462122251,-0.02116434269495182,0.9188270474696323,0.7064173450101205,보통
14075,B0737B6HGR,2020-08,0.565988441442575,12.0,0.5454545454545454,0.5636788373364512,0.565988441442575,0.002309604106123797,0.9908041266335605,0.6790594198082499,보통
14217,B0838R8WCF,2020-08,0.5654904737180392,17.0,0.6296296296296297,0.5812383433943759,0.5654904737180392,-0.01574786967633668,0.938951474737225,0.7224261831619082,보통
14127,B07HR81PD2,2020-08,0.529660233701874,15.0,0.6,0.5410077461447705,0.529660233701874,-0.011347512442896557,0.9556246679463862,0.7066874003839159,보통
14316,B0BVZ6NRP6,2020-08,0.5268661142750636,14.0,0.5833333333333334,0.5357878947335183,0.5268661142750636,-0.008921780458454709,0.9649421555897412,0.6978159800102557,보통
14053,B01E9H4SZM,2020-08,0.47917812820489347,18.0,0.6428571428571429,0.5102708356879785,0.47917812820489347,-0.031092707483085014,0.8830523179275367,0.7149156953782609,보통
14266,B09LM1H5N9,2020-08,0.4558362014496436,167.0,0.943502824858757,0.426687128061344,0.4558362014496436,0.029149073388299584,0.8899443969424328,0.9274352964838597,높음
14074,B072YQNJCR,2020-08,0.44933824408693146,23.0,0.696969696969697,0.4676320240774711,0.44933824408693146,-0.01829377999053966,0.9294380526168188,0.7667102036638335,높음
14369,B0C86NF3DH,2020-08,0.44576349202899623,21.0,0.6774193548387096,0.42269086084714635,0.44576349202899623,0.02307263118184988,0.9118401989343747,0.7477456080674092,보통
14101,B0797GQSS9,2020-08,0.4400309354793622,6.0,0.375,0.44376023658547076,0.4400309354793622,-0.0037293011061085846,0.9851935058897159,0.5580580517669147,보통
14163,B07RHYHS9Y,2020-08,0.43830922097552166,14.0,0.5833333333333334,0.44921101385101847,0.43830922097552166,-0.010901792875496807,0.9573299501043034,0.6955323183646244,보통
14343,B0C33KRL4C,2020-08,0.4344607890612657,18.0,0.6428571428571429,0.43737395745814134,0.4344607890612657,-0.002913168396875665,0.9884149558704798,0.7465244867611439,보통
14172,B07SKTNJ9S,2020-08,0.42540372547914856,10.0,0.5,0.4067904520239376,0.42540372547914856,0.018613273455210966,0.9282510137461878,0.6284753041238563,보통
14351,B0C4LRKXNV,2020-08,0.4005990839563713,50.0,0.8333333333333334,0.38459637863992063,0.4005990839563713,0.01600270531645065,0.9379948491842253,0.864731788088601,높음
14249,B08PNT3BLH,2020-08,0.38676489018149635,11.0,0.5238095238095238,0.38143042554078255,0.38676489018149635,0.0053344646407137986,0.9788881829392192,0.6603331215484324,보통
14051,B01CYBRSK2,2020-08,0.3523415785527518,18.0,0.6428571428571429,0.3575143779680885,0.3523415785527518,-0.005172799415336715,0.9795213963691923,0.7438564189107577,보통
14145,B07NL9T1GL,2020-08,0.35193013070949314,13.0,0.5652173913043478,0.3684881112797216,0.35193013070949314,-0.016557980570228448,0.9359137798606698,0.6764263078712444,보통
14147,B07PGRX339,2020-08,0.35042029705083266,20.0,0.6666666666666666,0.354663745782803,0.35042029705083266,-0.004243448731970356,0.9831694483236366,0.7616175011637576,높음
14040,B014ITW6FK,2020-08,0.33482972644273346,24.0,0.7058823529411765,0.33213234526365176,0.33482972644273346,0.0026973811790816926,0.9892684734272595,0.7908981890870014,높음
14211,B0823P5GLQ,2020-08,0.333526211760493,21.0,0.6774193548387096,0.3311411343792038,0.333526211760493,0.0023850773812892356,0.9905050548497482,0.7713450648420211,높음
14114,B07CTC362N,2020-08,0.3287012325286079,13.0,0.5652173913043478,0.3403209289851641,0.3287012325286079,-0.011619696456556194,0.9545848110832361,0.6820276172380142,보통
14171,B07SBW92N5,2020-08,0.3197568539144275,22.0,0.6875,0.33770331618822436,0.3197568539144275,-0.01794646227379687,0.9307301911833802,0.760469057355014,높음
14373,B0CDGZZPSY,2020-08,0.31654921039202344,22.0,0.6875,0.32472446583832293,0.31654921039202344,-0.00817525544629949,0.9678278757877953,0.7715983627363385,높음
14077,B073PM5CWW,2020-08,0.3152191282412657,15.0,0.6,0.33155852473429315,0.3152191282412657,-0.016339396493027458,0.9367324411007822,0.7010197323302346,보통
14037,B00ZYDKI1Y,2020-08,0.3138672638329446,34.0,0.7727272727272727,0.3168202218312529,0.3138672638329446,-0.002952957998308303,0.9882576538402054,0.8373863870611524,높음
14188,B07WFFXFZB,2020-08,0.3108710063284123,40.0,0.8,0.28619893104833544,0.3108710063284123,0.024672075280076866,0.906025071014757,0.831807521304427,높음
14311,B0BTV3G59T,2020-08,0.30154502097531705,22.0,0.6875,0.31736703115074977,0.30154502097531705,-0.01582201017543272,0.9386730586992176,0.7628519176097652,높음
14362,B0C7CC35KH,2020-08,0.2679266168807984,41.0,0.803921568627451,0.28013286991441866,0.2679266168807984,-0.012206253033620273,0.9523477644210802,0.8484494273655397,높음
14012,B001TH7GZU,2020-08,0.2633556316495076,23.0,0.696969696969697,0.2829635169482393,0.2633556316495076,-0.019607885298731698,0.9245653524043026,0.7652483936000787,높음
14315,B0BVR77MZJ,2020-08,0.25883301882357673,30.0,0.75,0.26992005274871766,0.25883301882357673,-0.011087033925140932,0.9566208656206014,0.8119862596861803,높음
14206,B081JBKY7K,2020-08,0.25747343550228385,87.0,0.8969072164948454,0.23295280554000516,0.25747343550228385,0.02452062996227869,0.9065740903100226,0.8998072786393985,높음
14033,B00WA6TGDE,2020-08,0.24441106591709844,22.0,0.6875,0.2563066975419932,0.24441106591709844,-0.011895631624894765,0.9535317782455682,0.7673095334736704,높음
14270,B09NR62M32,2020-08,0.24434894991692072,74.0,0.8809523809523809,0.2152205169540572,0.24434894991692072,0.02912843296286352,0.8900178752995095,0.8836720292565194,높음
14167,B07RZ4MGXR,2020-08,0.22862472295399494,51.0,0.8360655737704918,0.2315755111432958,0.22862472295399494,-0.0029507881893008625,0.9882662311988637,0.8817257709990033,높음
14055,B01FF4ASTS,2020-08,0.20261670514499616,62.0,0.8611111111111112,0.19823012358030018,0.20261670514499616,0.004386581564695985,0.9826067141177387,0.8975597920130993,높음
14045,B01ALBMIEI,2020-08,0.19358461025965168,74.0,0.8809523809523809,0.18111006476604316,0.19358461025965168,0.012474545493608519,0.9513262817333993,0.9020645511866864,높음
14268,B09MQLYPRR,2020-08,0.19303690425152029,55.0,0.8461538461538461,0.19027036067819086,0.19303690425152029,0.002766543573329422,0.9889948305758902,0.8890061414804593,높음
13852,B0823P5GLQ,2020-07,0.8369947335326922,11.0,0.5238095238095238,0.844421106050272,0.8369947335326922,-0.007426372517579827,0.9707313814848142,0.6578860811121109,보통
13844,B081DG1BRW,2020-07,0.7936985760051674,19.0,0.6551724137931034,0.7788105822031016,0.7936985760051674,0.014887993802065735,0.9421865619758049,0.7412766582479138,보통
13840,B07YXRTY6F,2020-07,0.7864430534691598,14.0,0.5833333333333334,0.8012299838452723,0.7864430534691598,-0.014786930376112561,0.9425675213801032,0.6911035897473643,보통
13731,B072YQNJCR,2020-07,0.6767498497215096,13.0,0.5652173913043478,0.6940850979578239,0.6767498497215096,-0.01733524823631427,0.9330084765203426,0.6755547168691463,보통
13831,B07WFFXFZB,2020-07,0.6520502425042944,18.0,0.6428571428571429,0.6234900358469702,0.6520502425042944,0.028560206657324283,0.8920431022787026,0.7176129306836108,보통
13839,B07YFDB6Y6,2020-07,0.6381323823467067,11.0,0.5238095238095238,0.6341343928228884,0.6381323823467067,0.003997989523818246,0.9841352343452552,0.6619072369702432,보통
13916,B09YV4R5ZC,2020-07,0.634949693429335,34.0,0.7727272727272727,0.6056037103563477,0.634949693429335,0.029345983072987303,0.8892437182371361,0.8076822063802317,높음
13881,B08MZTRS5G,2020-07,0.62909873212054,10.0,0.5,0.6133859737901696,0.62909873212054,0.015712758330370447,0.9390833553983232,0.6317250066194969,보통
14002,B0C86NF3DH,2020-07,0.6006392577108025,11.0,0.5238095238095238,0.5804060162933588,0.6006392577108025,0.02023324141744376,0.9222555121530835,0.6433433203125917,보통
13972,B0C2DQMJGQ,2020-07,0.595320765800186,18.0,0.6428571428571429,0.5742010796351552,0.595320765800186,0.021119686165030793,0.9189911886392962,0.7256973565917888,보통
13733,B0737B6HGR,2020-07,0.5724387389577741,12.0,0.5454545454545454,0.5809385577713042,0.5724387389577741,-0.008499818813530124,0.9665722051564757,0.6717898433651245,보통
13858,B083BNBSYG,2020-07,0.5596159551875957,14.0,0.5833333333333334,0.5687132590152312,0.5596159551875957,-0.009097303827635517,0.9642649137682385,0.6976128074638048,보통
13976,B0C33KRL4C,2020-07,0.5298685382393435,10.0,0.5,0.5374902982047483,0.5298685382393435,-0.007621759965404706,0.9699730029700945,0.6409919008910283,보통
13946,B0BTBTK796,2020-07,0.5267700551781302,8.0,0.4444444444444444,0.5367367979018859,0.5267700551781302,-0.00996674272375564,0.9609172606132842,0.5993862892950963,보통
13992,B0C5XCY6CX,2020-07,0.49845964868748305,9.0,0.47368421052631576,0.5164414937339201,0.49845964868748305,-0.017981845046437073,0.9305984732457157,0.6107584893421357,보통
13984,B0C4LRKXNV,2020-07,0.4746465902991511,34.0,0.7727272727272727,0.44626584733414604,0.4746465902991511,0.02838074296500509,0.8926836895708865,0.8087141977803569,높음
13819,B07SBW92N5,2020-07,0.4668505047523801,21.0,0.6774193548387096,0.48502726904948595,0.4668505047523801,-0.018176764297105852,0.9298731897975553,0.7531555053263632,높음
13766,B07CTC362N,2020-07,0.4336479215187033,11.0,0.5238095238095238,0.45068578347264837,0.4336479215187033,-0.017037861953945077,0.9341189925828846,0.6469023644415319,보통
13911,B09TWWTX37,2020-07,0.4305683377710211,23.0,0.696969696969697,0.42534694452506294,0.4305683377710211,0.005221393245958161,0.9793310200847166,0.7816780939042028,높음
13781,B07HR81PD2,2020-07,0.4148847991042075,15.0,0.6,0.42500792874904614,0.4148847991042075,-0.010123129644838635,0.9603163490150975,0.7080949047045293,보통
13857,B0838R8WCF,2020-07,0.41332185960590695,24.0,0.7058823529411765,0.42996442880667385,0.41332185960590695,-0.0166425692007669,0.9355971627683409,0.7747967958893258,높음
14006,B0CDGZZPSY,2020-07,0.38932092331685425,22.0,0.6875,0.40632934719489844,0.38932092331685425,-0.017008423878044188,0.9342289937224177,0.7615186981167252,높음
14007,B0CFMQLYHG,2020-07,0.37246964929015963,52.0,0.8387096774193549,0.3436092000402261,0.37246964929015963,0.02886044924993353,0.8909724279964467,0.8543885025924823,높음
13947,B0BTV3G59T,2020-07,0.3724008516976106,13.0,0.5652173913043478,0.3891455425903193,0.3724008516976106,-0.01674469089270869,0.9352150617543068,0.6762166924393355,보통
13987,B0C5BHXVH1,2020-07,0.3595259857026458,36.0,0.782608695652174,0.37082587382548887,0.3595259857026458,-0.01129988812284305,0.9558067291870704,0.8345681057126428,높음
13812,B07RHYHS9Y,2020-07,0.3447949187137556,20.0,0.6666666666666666,0.34752624434565516,0.3447949187137556,-0.0027313256318995394,0.9891341618376509,0.7634069152179619,높음
13688,B00WA6TGDE,2020-07,0.3375940773852486,19.0,0.6551724137931034,0.3469146389754364,0.3375940773852486,-0.009320561590187793,0.9634041796479673,0.7476419435495626,보통
13669,B001TH7GZU,2020-07,0.3365257239417252,15.0,0.6,0.3580518628545938,0.3365257239417252,-0.021526138912868586,0.9174982965728589,0.6952494889718577,보통
13928,B0BCWB19QY,2020-07,0.32716003211565126,20.0,0.6666666666666666,0.33780848382120926,0.32716003211565126,-0.010648451705558004,0.958300566173571,0.7541568365187379,높음
13883,B08PNT3BLH,2020-07,0.32258206482714247,13.0,0.5652173913043478,0.3219781238317418,0.32258206482714247,0.0006039409954006758,0.997587151627924,0.6949283194014206,보통
13702,B01ALBMIEI,2020-07,0.3204651942599835,49.0,0.8305084745762712,0.29757454383475623,0.3204651942599835,0.022890650425227255,0.9125041900495505,0.8551071892182549,높음
13754,B0797GQSS9,2020-07,0.3066665513315557,15.0,0.6,0.3187581071961413,0.3066665513315557,-0.012091555864585601,0.9527847910349077,0.7058354373104723,보통
13905,B09NR62M32,2020-07,0.3058784887601826,52.0,0.8387096774193549,0.2773230092999432,0.3058784887601826,0.028555479460239397,0.8920599698923859,0.8547147651612641,높음
13696,B014ITW6FK,2020-07,0.3016788799005856,25.0,0.7142857142857143,0.31165634998004865,0.3016788799005856,-0.009977470079463036,0.960876029092861,0.7882628087278583,높음
13851,B08224KN82,2020-07,0.2943519129551661,22.0,0.6875,0.2682413266192628,0.2943519129551661,0.026110586335903296,0.9008267327654528,0.7514980198296357,높음
13692,B00ZYDKI1Y,2020-07,0.2937775952748015,34.0,0.7727272727272727,0.2978882195166309,0.2937775952748015,-0.004110624241829397,0.983691943034316,0.8360166738193857,높음
13798,B07NL9T1GL,2020-07,0.28940947993367816,14.0,0.5833333333333334,0.29173537063260785,0.28940947993367816,-0.002325890698929689,0.9907395814425823,0.705555207766108,보통
13707,B01CYBRSK2,2020-07,0.2861210667416032,20.0,0.6666666666666666,0.29441354495256006,0.2861210667416032,-0.008292478210956855,0.9673741763266688,0.7568789195646672,높음
13800,B07PGRX339,2020-07,0.26215456515893915,27.0,0.7297297297297297,0.26602560530517966,0.26215456515893915,-0.003871040146240512,0.9846351026722697,0.8062013416124918,높음
13951,B0BVR77MZJ,2020-07,0.23610150150912024,25.0,0.7142857142857143,0.2512648976687291,0.23610150150912024,-0.015163396159608877,0.9411492118563932,0.782344763556918,높음
13735,B073PM5CWW,2020-07,0.2360785247139696,22.0,0.6875,0.25066170080517775,0.2360785247139696,-0.014583176091208155,0.9433360432019623,0.7642508129605886,높음
13902,B09LM1H5N9,2020-07,0.2358092725841072,101.0,0.9099099099099099,0.21283145286271982,0.2358092725841072,0.022977819721387377,0.912186076120349,0.9105927597730415,높음
13846,B081JBKY7K,2020-07,0.23251335940168089,87.0,0.8969072164948454,0.2087307181702099,0.23251335940168089,0.023782641231470975,0.9092542100092355,0.9006113145491623,높음
13995,B0C7CC35KH,2020-07,0.2270459044450145,42.0,0.8076923076923077,0.23036999210846404,0.2270459044450145,-0.0033240876634495486,0.9867916553319345,0.8614221119841957,높음
13816,B07RZ4MGXR,2020-07,0.2128849564688077,49.0,0.8305084745762712,0.22114822986736105,0.2128849564688077,-0.008263273398553345,0.9674871908530509,0.8716020894593051,높음
13903,B09MQLYPRR,2020-07,0.19200698617978576,57.0,0.8507462686567164,0.18167861090750034,0.19200698617978576,0.010328375272285417,0.9595282696326527,0.8833808689494973,높음
13711,B01FF4ASTS,2020-07,0.18550070799284823,38.0,0.7916666666666666,0.1914476503154678,0.18550070799284823,-0.005946942322619553,0.9764929295552117,0.8471145455332301,높음
13523,B0823P5GLQ,2020-06,0.8815956340857145,13.0,0.5652173913043478,0.8841419978794893,0.8815956340857145,-0.0025463637937748196,0.9898662409085405,0.6926120461856056,보통
13397,B01E9H4SZM,2020-06,0.8459137625495899,10.0,0.5,0.8549833277525178,0.8459137625495899,-0.009069565202927898,0.9643719092341899,0.639311572770257,보통
13504,B07VRDN8B9,2020-06,0.8397526909676118,5.0,0.3333333333333333,0.8319977079447078,0.8397526909676118,0.007754983022904005,0.9694562495926633,0.5241702082111322,보통
13545,B08MZTRS5G,2020-06,0.7226986542095236,8.0,0.4444444444444444,0.7112659483579515,0.7226986542095236,0.011432705851572078,0.9552990717353321,0.5977008326317107,보통
13379,B00WA6TGDE,2020-06,0.7038076993296901,11.0,0.5238095238095238,0.7201481641469936,0.7038076993296901,-0.016340464817303446,0.9367284381733073,0.6476851981186589,보통
13660,B0C86NF3DH,2020-06,0.6703501378230281,9.0,0.47368421052631576,0.6556708254228444,0.6703501378230281,0.01467931240018372,0.9429733575596814,0.6144709546363254,보통
13567,B09NR62M32,2020-06,0.656078568549982,25.0,0.7142857142857143,0.6255130141340376,0.656078568549982,0.03056555441594444,0.8849162973932434,0.765474889217973,높음
13645,B0C5BHXVH1,2020-06,0.6411627022858689,27.0,0.7297297297297297,0.6464307913375532,0.6411627022858689,-0.005268089051684299,0.979148114562868,0.8045552451796711,높음
13363,B0028BAAWW,2020-06,0.5897061719616304,9.0,0.47368421052631576,0.6073465543698396,0.5897061719616304,-0.0176403824082092,0.9318704001182113,0.6111400674038845,보통
13421,B0737B6HGR,2020-06,0.5572233336155729,21.0,0.6774193548387096,0.5598127732754383,0.5572233336155729,-0.0025894396598654668,0.9896956982189464,0.7711022578527806,높음
13527,B0838R8WCF,2020-06,0.5555766160911769,15.0,0.6,0.5806632789593218,0.5555766160911769,-0.02508666286814487,0.9045238091721801,0.691357142751654,보통
13481,B07NL9T1GL,2020-06,0.5546451728560245,6.0,0.375,0.5723258752277565,0.5546451728560245,-0.017680702371731916,0.9317201203149268,0.5420160360944779,보통
13547,B08PNT3BLH,2020-06,0.5239501738701368,9.0,0.47368421052631576,0.5194720869857019,0.5239501738701368,0.004478086884434851,0.9822471249641826,0.6262530848576758,보통
13634,B0C33KRL4C,2020-06,0.48778884022914304,8.0,0.4444444444444444,0.4956192899939622,0.48778884022914304,-0.00783044976481917,0.9691636469400787,0.6018602051931347,보통
13473,B07KQMGVG7,2020-06,0.4756467635410768,10.0,0.5,0.47975048118968733,0.4756467635410768,-0.004103717648610505,0.9837191192501173,0.6451157357750352,보통
13650,B0C5XCY6CX,2020-06,0.4749133869674285,15.0,0.6,0.48847956815286414,0.4749133869674285,-0.013566181185435622,0.9471813309767936,0.704154399293038,보통
13506,B07WFFXFZB,2020-06,0.44124087298809134,17.0,0.6296296296296297,0.4113028348645352,0.44124087298809134,0.02993803812355611,0.8871402849785155,0.7068828262342953,보통
13604,B0BTBTK796,2020-06,0.43876025757299364,9.0,0.47368421052631576,0.45609081755155495,0.43876025757299364,-0.01733055997856131,0.9330259734212966,0.61148673939481,보통
13572,B09TWWTX37,2020-06,0.4356017843177094,28.0,0.7368421052631579,0.43104143178290993,0.4356017843177094,0.004560352534799472,0.9819239573440718,0.810366660887432,높음
13653,B0C7CC35KH,2020-06,0.4318424957431612,35.0,0.7777777777777778,0.434139218252335,0.4318424957431612,-0.0022967225091737875,0.9908551805065229,0.8417009985964012,높음
13609,B0BVZ6NRP6,2020-06,0.4312158165179952,10.0,0.5,0.45271968169257765,0.4312158165179952,-0.02150386517458247,0.91758004468222,0.6252740134046659,보통
13420,B072YQNJCR,2020-06,0.4034952845921424,27.0,0.7297297297297297,0.4231960672414235,0.4034952845921424,-0.0197007826492811,0.9242218575411879,0.7880773680731672,높음
13385,B014ITW6FK,2020-06,0.3730624794774984,18.0,0.6428571428571429,0.3810173422977511,0.3730624794774984,-0.007954862820252706,0.9686814604884859,0.7406044381465458,보통
13665,B0CFMQLYHG,2020-06,0.36825652761572186,46.0,0.8214285714285714,0.34622504201324705,0.36825652761572186,0.02203148560247481,0.915645550853981,0.8496936652561943,높음
13400,B01FF4ASTS,2020-06,0.35931765815218847,13.0,0.5652173913043478,0.35696710237102414,0.35931765815218847,0.002350555781164332,0.9906418395712866,0.6928447257844295,보통
13605,B0BTV3G59T,2020-06,0.3356303523276774,17.0,0.6296296296296297,0.33730528812691474,0.3356303523276774,-0.0016749357992373315,0.993322650044938,0.7387375357542221,보통
13512,B07YXRTY6F,2020-06,0.3224520914909488,24.0,0.7058823529411765,0.32382934578319317,0.3224520914909488,-0.0013772542922443898,0.9945061296386675,0.7924694859504238,높음
13382,B00ZYDKI1Y,2020-06,0.3177645176190074,27.0,0.7297297297297297,0.3321687177029645,0.3177645176190074,-0.014404200083957097,0.9440116230723171,0.794014297732506,높음
13628,B0C195VN2X,2020-06,0.31185176472891407,19.0,0.6551724137931034,0.3244305340138896,0.31185176472891407,-0.012578769284975533,0.9509297610652797,0.7438996179747563,보통
13642,B0C4LRKXNV,2020-06,0.30990963487693673,49.0,0.8305084745762712,0.2924612284890036,0.30990963487693673,0.017448406387933157,0.9325862620229841,0.861131810810285,높음
13439,B0797GQSS9,2020-06,0.30680385532878185,10.0,0.5,0.31544348839778324,0.30680385532878185,-0.008639633069001396,0.9660317939920375,0.6398095381976112,보통
13483,B07PGRX339,2020-06,0.2899641584003623,19.0,0.6551724137931034,0.3009800915922217,0.2899641584003623,-0.011015933191859395,0.9568929700924945,0.7456885806829208,보통
13390,B01ALBMIEI,2020-06,0.2851362695008368,58.0,0.8529411764705882,0.271795404212423,0.2851362695008368,0.013340865288413828,0.9480353758236705,0.8814694362765129,높음
13361,B001TH7GZU,2020-06,0.27121108591334153,18.0,0.6428571428571429,0.28436763454459696,0.27121108591334153,-0.013156548631255427,0.9487345883904031,0.7346203765171209,보통
13564,B09LM1H5N9,2020-06,0.27104209183577443,100.0,0.9090909090909091,0.24651710285738535,0.27104209183577443,0.02452498897838909,0.9065582833635687,0.908331121372707,높음
13608,B0BVR77MZJ,2020-06,0.27087497845835656,27.0,0.7297297297297297,0.2828847687535278,0.27087497845835656,-0.012009790295171241,0.9530964619639046,0.7967397493999822,높음
13495,B07SBW92N5,2020-06,0.2697805586650958,32.0,0.7619047619047619,0.2823971973824614,0.2697805586650958,-0.01261663871736557,0.9507857272933322,0.8185690515213329,높음
13518,B081JBKY7K,2020-06,0.25997533221503033,37.0,0.7872340425531915,0.23190486055684167,0.25997533221503033,0.028070471658188656,0.8937922738921509,0.8192015119548792,높음
13577,B09YV4R5ZC,2020-06,0.25938359256420007,55.0,0.8461538461538461,0.23465216694565694,0.25938359256420007,0.024731425618543135,0.9058100049657581,0.8640506937974197,높음
13423,B073PM5CWW,2020-06,0.2585193662315385,15.0,0.6,0.28183366263790244,0.2585193662315385,-0.023314296406363955,0.9109591845584669,0.6932877553675401,보통
13494,B07RZ4MGXR,2020-06,0.2440982694663004,40.0,0.8,0.2520445652207055,0.2440982694663004,-0.007946295754405114,0.9687146560886898,0.8506143968266069,높음
13516,B081DG1BRW,2020-06,0.23309100084025497,53.0,0.8412698412698413,0.21972288552487945,0.23309100084025497,0.013368115315375517,0.9479320454970739,0.8732685025380111,높음
13394,B01CYBRSK2,2020-06,0.23205877418922524,23.0,0.696969696969697,0.23731680561607774,0.23205877418922524,-0.005258031426852494,0.979187506972815,0.7816350399706323,높음
13664,B0CDGZZPSY,2020-06,0.20636252699519694,33.0,0.7674418604651163,0.2104993030040309,0.20636252699519694,-0.00413677600883397,0.9835890472862271,0.8322860165114495,높음
13565,B09MQLYPRR,2020-06,0.16583934971781833,55.0,0.8461538461538461,0.16632453266953723,0.16583934971781833,-0.0004851829517188988,0.9980611501954134,0.8917260373663163,높음
13210,B0823P5GLQ,2020-05,0.8818173998199452,7.0,0.4117647058823529,0.8823062673459044,0.8818173998199452,-0.0004888675259592246,0.9980464405821938,0.5876492262923052,보통
13292,B0BTSQRXNZ,2020-05,0.8162481311305342,7.0,0.4117647058823529,0.8277575191207648,0.8162481311305342,-0.011509387990230602,0.9550060991656388,0.5747371238673387,보통
13148,B07GXBTH82,2020-05,0.8013623609980399,5.0,0.3333333333333333,0.7914435305465761,0.8013623609980399,0.0099188304514638,0.9611014371791178,0.5216637644870686,보통
13195,B07VRDN8B9,2020-05,0.7575146292109151,11.0,0.5238095238095238,0.7465376227313859,0.7575146292109151,0.01097700647952915,0.9570419764823617,0.6537792596113752,보통
13296,B0BVR77MZJ,2020-05,0.7440325855409039,8.0,0.4444444444444444,0.7556093154353436,0.7440325855409039,-0.011576729894439697,0.9547488860926339,0.5975357769389011,보통
13193,B07TXS441N,2020-05,0.7211824220043321,9.0,0.47368421052631576,0.7198096804509666,0.7211824220043321,0.0013727415533655307,0.9945240815865978,0.6299361718444003,보통
13315,B0C195VN2X,2020-05,0.6812819568285432,13.0,0.5652173913043478,0.6876448226040197,0.6812819568285432,-0.006362865775476512,0.9748696949684854,0.688113082403589,보통
13075,B014ITW6FK,2020-05,0.6255861674979267,12.0,0.5454545454545454,0.6307837437758733,0.6255861674979267,-0.005197576277946592,0.9794243233113583,0.6756454788115893,보통
13206,B081JBKY7K,2020-05,0.5746239852979117,11.0,0.5238095238095238,0.5457372255201155,0.5746239852979117,0.0288867597777962,0.8908786651108686,0.6339302661999272,보통
13174,B07PGRX339,2020-05,0.566380422505466,17.0,0.6296296296296297,0.573015884926591,0.566380422505466,-0.006635462421124894,0.9738072894549349,0.7328829275772212,보통
13231,B08MZTRS5G,2020-05,0.5559228041423177,14.0,0.5833333333333334,0.5423026855876774,0.5559228041423177,0.013620118554640293,0.9469769991432186,0.6924264330762989,보통
13050,B001TH7GZU,2020-05,0.5555665895452669,15.0,0.6,0.5754913360651143,0.5555665895452669,-0.019924746519847325,0.9233942590829382,0.6970182777248815,보통
13338,B0C5XCY6CX,2020-05,0.5354579873538394,9.0,0.47368421052631576,0.5447661844359852,0.5354579873538394,-0.009308197082145808,0.9634518289011845,0.6206144960387764,보통
13090,B01FF4ASTS,2020-05,0.5252666479502005,14.0,0.5833333333333334,0.5335649285848048,0.5252666479502005,-0.00829828063460425,0.9673517241280378,0.6985388505717447,보통
13108,B072YQNJCR,2020-05,0.5231758515184404,21.0,0.6774193548387096,0.5461645175301175,0.5231758515184404,-0.02298866601167715,0.9121465016389082,0.7478374988787692,보통
13214,B0838R8WCF,2020-05,0.5207552630586506,14.0,0.5833333333333334,0.5280747374494796,0.5207552630586506,-0.007319474390829028,0.9711465477045067,0.6996772976446853,보통
13258,B09TWWTX37,2020-05,0.5074656509702974,23.0,0.696969696969697,0.500729263448469,0.5074656509702974,0.006736387521828369,0.9734142424018837,0.7799030605993529,높음
13254,B09NR62M32,2020-05,0.5068479356443724,39.0,0.7959183673469388,0.47478431656005515,0.5068479356443724,0.03206361908431721,0.8796295057658323,0.8210317088726067,높음
13343,B0C7CC35KH,2020-05,0.5018348582704476,36.0,0.782608695652174,0.5021543810008273,0.5018348582704476,-0.0003195227303797177,0.9987227254888303,0.8474429046031708,높음
13291,B0BTBTK796,2020-05,0.5010561897983913,13.0,0.5652173913043478,0.5105089901149165,0.5010561897983913,-0.009452800316525178,0.9628947170345612,0.6845205890234118,보통
13255,B09QGFDJ69,2020-05,0.49815173092529624,12.0,0.5454545454545454,0.5046358737120328,0.49815173092529624,-0.006484142786736535,0.9743968925259967,0.6741372495759808,보통
13161,B07KQMGVG7,2020-05,0.4903288333592665,11.0,0.5238095238095238,0.49690430257977214,0.4903288333592665,-0.006575469220505614,0.9740410047607949,0.6588789680949051,보통
13244,B09883GQK6,2020-05,0.47697599615260977,7.0,0.4117647058823529,0.4742909646575893,0.47697599615260977,0.0026850314950204734,0.9893173432466974,0.5850304970916562,보통
13071,B00WA6TGDE,2020-05,0.4733399126025718,16.0,0.6153846153846154,0.49179017082458854,0.4733399126025718,-0.018450258222016735,0.9288564873494505,0.709426176974066,보통
13341,B0C6CLBBQ1,2020-05,0.454039426274877,9.0,0.47368421052631576,0.4642108425462346,0.454039426274877,-0.010171416271357647,0.96013088517898,0.619618212922115,보통
13203,B07YXRTY6F,2020-05,0.44325858527495027,12.0,0.5454545454545454,0.44843622022305646,0.44325858527495027,-0.005177634948106191,0.9795024505211773,0.6756689169745349,보통
13197,B07WFFXFZB,2020-05,0.439378835486101,23.0,0.696969696969697,0.40470120736000537,0.439378835486101,0.03467762812609565,0.870479985058209,0.7490227833962506,보통
13297,B0BVZ6NRP6,2020-05,0.42649209496576174,10.0,0.5,0.4371345450944136,0.42649209496576174,-0.010642450128651837,0.9583235717078973,0.6374970715123691,보통
13180,B07RHYHS9Y,2020-05,0.42581258316546705,14.0,0.5833333333333334,0.42446160842215674,0.42581258316546705,0.001350974743310307,0.9946106758234207,0.7067165360803596,보통
13101,B01NBMCGJY,2020-05,0.3696005776382388,11.0,0.5238095238095238,0.3802676620493233,0.3696005776382388,-0.010667084411084493,0.9582291459060881,0.6541354104384931,보통
13052,B0028BAAWW,2020-05,0.339665711874652,21.0,0.6774193548387096,0.3482238218662523,0.339665711874652,-0.008558109991600282,0.9663468608985474,0.7640976066566609,높음
13356,B0CFMQLYHG,2020-05,0.33047019424019725,36.0,0.782608695652174,0.3020636207861011,0.33047019424019725,0.02840657345409614,0.8925914605103912,0.815603525109639,높음
13184,B07RZ4MGXR,2020-05,0.3253728033158443,36.0,0.782608695652174,0.3217243417834476,0.3253728033158443,0.003648461532396674,0.9855121278936331,0.8434797253246116,높음
13351,B0C86NF3DH,2020-05,0.3209945108057094,21.0,0.6774193548387096,0.2958421380203611,0.3209945108057094,0.02515237278534832,0.90428609567538,0.7454793770897107,보통
13322,B0C33KRL4C,2020-05,0.3188466383854002,14.0,0.5833333333333334,0.3339774817070131,0.3188466383854002,-0.015130843321612852,0.9412717681466248,0.6907148637773208,보통
13128,B0797GQSS9,2020-05,0.30346742723172,9.0,0.47368421052631576,0.31855437630915595,0.30346742723172,-0.015086949077435963,0.941437048307207,0.614010061860583,보통
13085,B01CYBRSK2,2020-05,0.3022077758343017,23.0,0.696969696969697,0.3121336015197516,0.3022077758343017,-0.009925825685449918,0.9610745450376033,0.7762011513900688,높음
13355,B0CDGZZPSY,2020-05,0.2982639669329114,22.0,0.6875,0.2958151335235799,0.2982639669329114,0.0024488334093314967,0.9902524843846844,0.7783257453154053,높음
13074,B00ZYDKI1Y,2020-05,0.29730898003380957,25.0,0.7142857142857143,0.3050812529900951,0.29730898003380957,-0.00777227295628552,0.9693892045752107,0.7908167613725632,높음
13233,B08PNT3BLH,2020-05,0.291056514202273,14.0,0.5833333333333334,0.27990522149110375,0.291056514202273,0.01115129271116927,0.9563750120364041,0.6952458369442545,보통
13170,B07NL9T1GL,2020-05,0.28832211805688074,14.0,0.5833333333333334,0.28943943847421366,0.28832211805688074,-0.0011173204173329232,0.9955406907080023,0.706995540545734,보통
13332,B0C5BHXVH1,2020-05,0.28824494390539607,53.0,0.8412698412698413,0.29603097747601725,0.28824494390539607,-0.007786033570621187,0.9693358484797082,0.8796896434328014,높음
13293,B0BTV3G59T,2020-05,0.28238500710056536,20.0,0.6666666666666666,0.2908154176040332,0.28238500710056536,-0.008430410503467822,0.9668405949849731,0.7567188451621585,높음
13251,B09LM1H5N9,2020-05,0.251675866215833,59.0,0.855072463768116,0.23199469502159123,0.251675866215833,0.01968117119424176,0.9242943617265981,0.8758390331556605,높음
13330,B0C4LRKXNV,2020-05,0.24532507068983508,27.0,0.7297297297297297,0.2282103683395587,0.24532507068983508,0.017114702350276373,0.9338319244075667,0.7909603881330808,높음
13185,B07SBW92N5,2020-05,0.24363877162616254,35.0,0.7777777777777778,0.25688411502997277,0.24363877162616254,-0.013245343403810228,0.9483976775378261,0.8289637477057923,높음
13205,B081DG1BRW,2020-05,0.2322350536356608,27.0,0.7297297297297297,0.21540660018907287,0.2322350536356608,0.016828453446587927,0.934901770233438,0.7912813418808422,높음
13109,B0737B6HGR,2020-05,0.2211078717271012,37.0,0.7872340425531915,0.2272510576826701,0.2211078717271012,-0.006143185955568897,0.9757267082464817,0.8437818422611785,높음
13081,B01ALBMIEI,2020-05,0.18173365697238242,97.0,0.9065420560747663,0.16970812257974885,0.18173365697238242,0.012025534392633569,0.9530364412795148,0.9204903716361909,높음
13263,B09YV4R5ZC,2020-05,0.17855191323613256,83.0,0.8924731182795699,0.15774335215100235,0.17855191323613256,0.02080856108513021,0.920135585420648,0.9007718584218932,높음
13253,B09MQLYPRR,2020-05,0.1630995697475512,66.0,0.868421052631579,0.15995068841834872,0.1630995697475512,0.003148881329202463,0.9874834663173376,0.9041397767373065,높음
12889,B07TXS441N,2020-04,0.8407944607622766,5.0,0.3333333333333333,0.8466689521443234,0.8407944607622766,-0.005874491382046765,0.9767759618899844,0.5263661219003286,보통
12838,B07GXBTH82,2020-04,0.8109077992006258,9.0,0.47368421052631576,0.8028513853697297,0.8109077992006258,0.00805641383089617,0.9682880580695049,0.6220653647892724,보통
12742,B00W0WXHCO,2020-04,0.7920896260647154,14.0,0.5833333333333334,0.8007423649563038,0.7920896260647154,-0.008652738891588352,0.9659811527542176,0.6981276791595986,보통
12943,B09QGFDJ69,2020-04,0.7801298878358107,8.0,0.4444444444444444,0.7915195682107918,0.7801298878358107,-0.011389680374981115,0.9554634946750703,0.5977501595136321,보통
12764,B01FF4ASTS,2020-04,0.7779547343736928,7.0,0.4117647058823529,0.7866298848169961,0.7779547343736928,-0.008675150443303359,0.9658945600893849,0.5780036621444624,보통
12962,B0B5TGFST7,2020-04,0.776185163422244,5.0,0.3333333333333333,0.7854942923934118,0.776185163422244,-0.009309128971167868,0.9634482375871474,0.5223678046094775,보통
12930,B092T5Y46X,2020-04,0.7665236874713146,5.0,0.3333333333333333,0.7802872299061238,0.7665236874713146,-0.01376354243480915,0.9464338784884673,0.5172634968798735,보통
12961,B0B5S16LJL,2020-04,0.7621117583589634,5.0,0.3333333333333333,0.7708796201135419,0.7621117583589634,-0.008767861754578554,0.9655364290941997,0.5229942620615932,보통
12869,B07P4MVBVS,2020-04,0.7578464166667732,7.0,0.4117647058823529,0.7601134351172061,0.7578464166667732,-0.002267018450432867,0.9909729171828408,0.5855271692724993,보통
12722,B0028BAAWW,2020-04,0.7524968698369905,6.0,0.375,0.7606376132273991,0.7524968698369905,-0.0081407433904086,0.9679614919292864,0.5528884475787859,보통
12787,B0737B6HGR,2020-04,0.7402345075572248,14.0,0.5833333333333334,0.7392287083343274,0.7402345075572248,0.0010057992228973411,0.9959848853226123,0.7071287989301169,보통
12986,B0BTBTK796,2020-04,0.725722655708101,10.0,0.5,0.7303814829941333,0.725722655708101,-0.0046588272860322855,0.9815372546402609,0.6444611763920782,보통
12817,B07BFGZQ65,2020-04,0.7200851167175399,7.0,0.4117647058823529,0.7362061125918983,0.7200851167175399,-0.016120995874358335,0.9375511304318831,0.5695006332472119,보통
12992,B0BVR77MZJ,2020-04,0.6915422002024099,19.0,0.6551724137931034,0.7015758639669458,0.6915422002024099,-0.01003366376453596,0.9606600727046489,0.746818711466567,보통
12746,B00ZYDKI1Y,2020-04,0.6653574493445443,19.0,0.6551724137931034,0.6740857688649601,0.6653574493445443,-0.00872831952041575,0.9656891590427359,0.7483274373679931,보통
12987,B0BTSQRXNZ,2020-04,0.6496944961597831,19.0,0.6551724137931034,0.6561693014681701,0.6496944961597831,-0.006474805308386955,0.9744332868452062,0.7509506757087343,높음
12917,B08MZTRS5G,2020-04,0.6481052612289008,15.0,0.6,0.6287089762653518,0.6481052612289008,0.01939628496354895,0.925348237028731,0.6976044711086193,보통
12948,B09TWWTX37,2020-04,0.6427469632161245,19.0,0.6551724137931034,0.6417460546898414,0.6427469632161245,0.0010009085262830952,0.9960043697528225,0.757422000581019,높음
12720,B001TH7GZU,2020-04,0.6347394786586762,18.0,0.6428571428571429,0.651611283357392,0.6347394786586762,-0.016871804698715853,0.9347396676391201,0.730421900291736,보통
12988,B0BTV3G59T,2020-04,0.6333692518963301,15.0,0.6,0.6395147059455638,0.6333692518963301,-0.006145454049233723,0.9757178561283744,0.7127153568385123,보통
12880,B07RZ4MGXR,2020-04,0.6021929652436423,38.0,0.7916666666666666,0.6123325906346349,0.6021929652436423,-0.010139625390992557,0.960252986566659,0.8422425626366643,높음
12760,B01CYBRSK2,2020-04,0.5832913998146777,9.0,0.47368421052631576,0.5912266694901083,0.5832913998146777,-0.007935269675430567,0.9687573815280783,0.6222061618268445,보통
12890,B07VRDN8B9,2020-04,0.5322248581157767,23.0,0.696969696969697,0.5103002831624125,0.5322248581157767,0.021924574953364195,0.9160372036325061,0.7626899489685397,높음
12749,B014ITW6FK,2020-04,0.5220522388473945,16.0,0.6153846153846154,0.5389756186523593,0.5220522388473945,-0.016923379804964833,0.934546850338255,0.7111332858707073,보통
12901,B0823P5GLQ,2020-04,0.5110362256259985,18.0,0.6428571428571429,0.5242534076409755,0.5110362256259985,-0.013217182014977014,0.9485045163382337,0.7345513549014702,보통
12789,B073PM5CWW,2020-04,0.49875337826680893,12.0,0.5454545454545454,0.528472183042336,0.49875337826680893,-0.029718804775527075,0.8879185891284765,0.6481937585567248,보통
12762,B01E9H4SZM,2020-04,0.4945441939597186,39.0,0.7959183673469388,0.519303049264483,0.4945441939597186,-0.024758855304764404,0.9057106260808718,0.8288560449671185,높음
12811,B0797GQSS9,2020-04,0.4881617992436069,11.0,0.5238095238095238,0.48753832510542777,0.4881617992436069,0.0006234741381791475,0.9975092106237623,0.6659194298537954,보통
13010,B0C195VN2X,2020-04,0.43211224290320893,20.0,0.6666666666666666,0.43517919543861333,0.43211224290320893,-0.003066952535404399,0.9878071326667918,0.7630088064667042,높음
12919,B08PNT3BLH,2020-04,0.42930193342088135,11.0,0.5238095238095238,0.4211758968050024,0.42930193342088135,0.008126036615878962,0.9680184359698569,0.6570721974576237,보통
12831,B07FYDT939,2020-04,0.42794438624580927,11.0,0.5238095238095238,0.4396319541383726,0.42794438624580927,-0.01168756789256331,0.9543256900909801,0.6529643736939607,보통
12931,B09883GQK6,2020-04,0.4161866982372994,10.0,0.5,0.4308094401948601,0.4161866982372994,-0.014622741957560692,0.9431867593841177,0.6329560278152353,보통
12871,B07PGRX339,2020-04,0.40803427948279236,25.0,0.7142857142857143,0.41084163468385365,0.40803427948279236,-0.00280735520106129,0.9888333937978273,0.7966500181393481,높음
12743,B00WA6TGDE,2020-04,0.40330263838690733,16.0,0.6153846153846154,0.4103513217796755,0.40330263838690733,-0.007048683392768151,0.9721990285779627,0.7224289393426195,보통
12881,B07SBW92N5,2020-04,0.39037076479682836,22.0,0.6875,0.40986338792906696,0.39037076479682836,-0.019492623132238596,0.9249917203072567,0.7587475160921769,높음
13023,B0C5BHXVH1,2020-04,0.34127096128175144,45.0,0.8181818181818182,0.34942119272651345,0.34127096128175144,-0.008150231444762013,0.9679247563413995,0.8631046996296926,높음
13022,B0C4LRKXNV,2020-04,0.32312287252032196,19.0,0.6551724137931034,0.3060511611372685,0.32312287252032196,0.017071711383053467,0.9339925235664129,0.7388184467250962,보통
12941,B09NR62M32,2020-04,0.3095929823078774,45.0,0.8181818181818182,0.28277653292959876,0.3095929823078774,0.02681644937827865,0.8982868788378069,0.8422133363786148,높음
12786,B072YQNJCR,2020-04,0.30937343244940735,28.0,0.7368421052631579,0.31954555796888834,0.30937343244940735,-0.01017212551948099,0.96012816129873,0.8038279220738295,높음
13032,B0C6CLBBQ1,2020-04,0.2972186533504838,19.0,0.6551724137931034,0.30433606478515046,0.2972186533504838,-0.007117411434666654,0.9719317959701144,0.7502002284462067,높음
13045,B0CDGZZPSY,2020-04,0.2913714083253978,32.0,0.7619047619047619,0.29114430210404285,0.2913714083253978,0.00022710622135496683,0.9990919876075506,0.8330609296155984,높음
13029,B0C5XCY6CX,2020-04,0.2836348880789391,15.0,0.6,0.28910303788530567,0.2836348880789391,-0.005468149806366562,0.9783648715540606,0.7135094614662181,보통
12865,B07NL9T1GL,2020-04,0.27856628572048947,14.0,0.5833333333333334,0.27861970577350076,0.27856628572048947,-5.342005301128827e-05,0.9997863426159453,0.7082692361181169,보통
13034,B0C7CC35KH,2020-04,0.25559490625216097,59.0,0.855072463768116,0.2635992818677494,0.25559490625216097,-0.008004375615588422,0.9684896309775489,0.8890976139309458,높음
12938,B09LM1H5N9,2020-04,0.22030041089127486,35.0,0.7777777777777778,0.19782045114216326,0.22030041089127486,0.0224799597491116,0.9140044498486602,0.8186457793990425,높음
12993,B0BVZ6NRP6,2020-04,0.19913056060998305,20.0,0.6666666666666666,0.2102940814274158,0.19913056060998305,-0.011163520817432743,0.9563282345593137,0.7535651370344607,높음
12755,B01ALBMIEI,2020-04,0.1978629756201338,106.0,0.9137931034482759,0.18547945286903975,0.1978629756201338,0.012383522751094056,0.9516727141047793,0.9251569866452269,높음
12940,B09MQLYPRR,2020-04,0.19148231266810606,53.0,0.8412698412698413,0.19645078540278954,0.19148231266810606,-0.004968472734683482,0.9803222930359204,0.882985576799665,높음
12523,B07SXTHB93,2020-03,0.8342749957567189,14.0,0.5833333333333334,0.8375538520228688,0.8342749957567189,-0.0032788562661498766,0.9869702073454188,0.7044243955369589,보통
12542,B07YXRTY6F,2020-03,0.8213896308165146,9.0,0.47368421052631576,0.8258318538607194,0.8213896308165146,-0.004442223044204829,0.9823880436875386,0.6262953604746826,보통
12489,B07NYTQPKV,2020-03,0.8181120048539254,7.0,0.4117647058823529,0.8314969029753854,0.8181120048539254,-0.013384898121459932,0.9478684117941988,0.5725958176559067,보통
12587,B097BBJCX8,2020-03,0.8003557055947077,8.0,0.4444444444444444,0.8016247170930738,0.8003557055947077,-0.0012690114983661127,0.9949368153571948,0.6095921557182695,보통
12518,B07SKTNJ9S,2020-03,0.789861912104103,7.0,0.4117647058823529,0.7792494019704533,0.789861912104103,0.01061251013364961,0.9584383473923167,0.5757667983353421,보통
12453,B07GXBTH82,2020-03,0.7581236355811407,17.0,0.6296296296296297,0.7442086969085696,0.7581236355811407,0.013914938672571098,0.9458609058837969,0.7244990125058798,보통
12700,B0C6L6LLS9,2020-03,0.7577920636651277,8.0,0.4444444444444444,0.7638719575444235,0.7577920636651277,-0.00607989387929575,0.9759737625952879,0.6039032398896974,보통
12460,B07HKCQN2X,2020-03,0.7391232307221538,8.0,0.4444444444444444,0.7437568459914128,0.7391232307221538,-0.004633615269258984,0.9816362457666193,0.6056019848410968,보통
12652,B0BTSQRXNZ,2020-03,0.7322022265345308,21.0,0.6774193548387096,0.7418178362629918,0.7322022265345308,-0.009615609728460983,0.962267847886565,0.7628739027530662,높음
12545,B081JBKY7K,2020-03,0.7247428656629938,15.0,0.6,0.7095273545841566,0.7247428656629938,0.01521551107883723,0.9409530406433666,0.70228591219301,보통
12602,B09NR62M32,2020-03,0.715843262589064,16.0,0.6153846153846154,0.6945423226740809,0.715843262589064,0.021300939914983164,0.9183251477168448,0.7062667750842841,보통
12350,B0183RU1WI,2020-03,0.71449681852112,8.0,0.4444444444444444,0.715859905295493,0.71449681852112,-0.0013630867743730235,0.9945624899690837,0.6094798581018361,보통
12535,B07WFFXFZB,2020-03,0.7094349372811799,9.0,0.47368421052631576,0.6811363161404195,0.7094349372811799,0.028298621140760427,0.8929769729904322,0.5994720392655507,보통
12585,B092T5Y46X,2020-03,0.6880454218659994,11.0,0.5238095238095238,0.7023728667579165,0.6880454218659994,-0.014327444891917174,0.9443014987426329,0.6499571162894565,보통
12604,B09QGFDJ69,2020-03,0.6631277786750972,15.0,0.6,0.6766712665326836,0.6631277786750972,-0.013543487857586411,0.9472673136651073,0.7041801940995321,보통
12420,B0797GQSS9,2020-03,0.6588017214995886,12.0,0.5454545454545454,0.6638819582081743,0.6588017214995886,-0.005080236708585706,0.9798841321237289,0.6757834214553005,보통
12716,B0CFMQLYHG,2020-03,0.654057981455817,7.0,0.4117647058823529,0.6272531538004745,0.654057981455817,0.026804827655342423,0.8983286383733273,0.5577338856296452,보통
12596,B09GPXGW3M,2020-03,0.6463414734636593,11.0,0.5238095238095238,0.6443365295397057,0.6463414734636593,0.0020049439239536726,0.9920122969096541,0.6642703557395628,보통
12569,B08MWBF3NQ,2020-03,0.6357265245467271,12.0,0.5454545454545454,0.6383460201584186,0.6357265245467271,-0.0026194956116915025,0.9895767203861613,0.6786911979340302,보통
12656,B0BVR77MZJ,2020-03,0.634162609757527,45.0,0.8181818181818182,0.6419847278251323,0.634162609757527,-0.007822118067605244,0.9691959465905258,0.8634860567044305,높음
12508,B07RHYHS9Y,2020-03,0.6095552848926001,11.0,0.5238095238095238,0.6105967630590288,0.6095552848926001,-0.0010414781664286332,0.9958427527112106,0.6654194924800299,보통
12570,B08MZTRS5G,2020-03,0.6052682058777746,19.0,0.6551724137931034,0.5786540797784351,0.6052682058777746,0.026614126099339552,0.8990141504730943,0.7283249347971006,보통
12293,B00009W3I4,2020-03,0.5941829124890455,5.0,0.3333333333333333,0.6015824975073635,0.5941829124890455,-0.007399585018317945,0.9708354009222159,0.5245839536099981,보통
12514,B07SBW92N5,2020-03,0.5822980460866328,16.0,0.6153846153846154,0.6057863666602449,0.5822980460866328,-0.023488320573612054,0.9103252895562037,0.7038668176360918,보통
12609,B09TWWTX37,2020-03,0.5800179719667987,22.0,0.6875,0.5760821691466993,0.5800179719667987,0.003935802820099421,0.9843800652994027,0.7765640195898207,높음
12715,B0CDGZZPSY,2020-03,0.5770331264763239,13.0,0.5652173913043478,0.5934135132124829,0.5770331264763239,-0.016380386736159047,0.9365788661292372,0.6766258337518145,보통
12428,B07BFGZQ65,2020-03,0.5661455226622545,11.0,0.5238095238095238,0.5703536822472569,0.5661455226622545,-0.0042081595850024245,0.9833082389636378,0.661659138355758,보통
12361,B01FF4ASTS,2020-03,0.5538544962823955,14.0,0.5833333333333334,0.5516424117725955,0.5538544962823955,0.0022120845097999275,0.9911906932981703,0.7056905413227844,보통
12493,B07P4MVBVS,2020-03,0.5479633636911767,13.0,0.5652173913043478,0.5569117441591559,0.5479633636911767,-0.008948380467979189,0.9648394911694701,0.6851040212638844,보통
12651,B0BTBTK796,2020-03,0.5406772987182793,15.0,0.6,0.5547484076595994,0.5406772987182793,-0.014071108941320132,0.9452702289878598,0.703581068696358,보통
12439,B07CTC362N,2020-03,0.5300872797829858,14.0,0.5833333333333334,0.5480460447351246,0.5300872797829858,-0.017958764952138884,0.9306843904136723,0.687538650457435,보통
12297,B001TH7GZU,2020-03,0.5216379610705001,21.0,0.6774193548387096,0.5447233405368439,0.5216379610705001,-0.023085379466343814,0.9117937025268076,0.747731659145139,보통
12622,B0B5S16LJL,2020-03,0.5152687373764205,14.0,0.5833333333333334,0.5222511331963053,0.5152687373764205,-0.006982395819884801,0.9724568416119088,0.700070385816906,보통
12377,B01NBMCGJY,2020-03,0.5143073023111049,15.0,0.6,0.5404774604464673,0.5143073023111049,-0.026170158135362387,0.900612102860361,0.6901836308581082,보통
12357,B01CYBRSK2,2020-03,0.4884510022314726,11.0,0.5238095238095238,0.49716426869729735,0.4884510022314726,-0.008713266465824765,0.9657473070798455,0.6563908587906202,보통
12657,B0BVZ6NRP6,2020-03,0.48277587861762766,10.0,0.5,0.49482629865443906,0.48277587861762766,-0.012050420036811393,0.9529415782979812,0.6358824734893943,보통
12623,B0B5TGFST7,2020-03,0.45869806134208146,14.0,0.5833333333333334,0.45695714003498855,0.45869806134208146,0.001740921307092913,0.9930605050438913,0.7062514848465007,보통
12530,B07TXS441N,2020-03,0.4555198092915425,28.0,0.7368421052631579,0.4770648152080155,0.4555198092915425,-0.021545005916473015,0.9174290574108888,0.7910181909074772,높음
12532,B07VRDN8B9,2020-03,0.4320518959267156,23.0,0.696969696969697,0.41255818576433223,0.4320518959267156,0.019493710162383382,0.9249876983404661,0.7653750973809277,높음
12653,B0BTV3G59T,2020-03,0.42112264737139266,28.0,0.7368421052631579,0.43274158001834184,0.42112264737139266,-0.011618932646949187,0.954587727571889,0.8021657919557772,높음
12632,B0BCWB19QY,2020-03,0.41759472183295493,10.0,0.5,0.4397817073306242,0.41759472183295493,-0.022186985497669287,0.9150761967925586,0.6245228590377676,보통
12337,B00ZYDKI1Y,2020-03,0.410704435057939,30.0,0.75,0.41886284004542945,0.410704435057939,-0.00815840498749043,0.9678931113612902,0.815367933408387,높음
12572,B08PNT3BLH,2020-03,0.4034811513596637,20.0,0.6666666666666666,0.3875927693423414,0.4034811513596637,0.015888382017322344,0.9384238859374393,0.7481938324478984,보통
12497,B07PGRX339,2020-03,0.3854759760426787,34.0,0.7727272727272727,0.3915039694848792,0.3854759760426787,-0.006027993442200508,0.9761763974877278,0.8337620101554093,높음
12392,B073PM5CWW,2020-03,0.3835196295365649,17.0,0.6296296296296297,0.4067432771153301,0.3835196295365649,-0.023223647578765216,0.9112895539783306,0.7141276069342399,보통
12333,B00WA6TGDE,2020-03,0.3821318828089974,15.0,0.6,0.3947562949610616,0.3821318828089974,-0.012624412152064224,0.9507561642698928,0.7052268492809679,보통
12388,B072YQNJCR,2020-03,0.37434758312735544,27.0,0.7297297297297297,0.3796912830144336,0.37434758312735544,-0.005343699887078168,0.9788520225129937,0.8044664175647089,높음
12299,B0028BAAWW,2020-03,0.36992982143099457,19.0,0.6551724137931034,0.3802588479725718,0.36992982143099457,-0.010329026541577246,0.959525769990722,0.746478420652389,보통
12448,B07FYDT939,2020-03,0.361569034030697,17.0,0.6296296296296297,0.3679837565825644,0.361569034030697,-0.006414722551867369,0.9746675015402803,0.7331409912028248,보통
12390,B0737B6HGR,2020-03,0.3610638059930054,43.0,0.8113207547169812,0.3620209735252385,0.3610638059930054,-0.0009571675322330719,0.9961786498835948,0.8667781232669652,높음
12378,B06VW9HKXF,2020-03,0.32133464354862523,14.0,0.5833333333333334,0.334540049350032,0.32133464354862523,-0.013205405801406778,0.94854919655758,0.6928980923006073,보통
12691,B0C5BHXVH1,2020-03,0.32047363961426034,36.0,0.782608695652174,0.32215233382138564,0.32047363961426034,-0.0016786942071252975,0.993307716910455,0.8458184020296582,높음
12512,B07RZ4MGXR,2020-03,0.31702494471808057,56.0,0.8484848484848485,0.327781609990118,0.31702494471808057,-0.010756665272037447,0.9578858514474656,0.8813051493736336,높음
12588,B09883GQK6,2020-03,0.31338757284790564,19.0,0.6551724137931034,0.3280990351098391,0.31338757284790564,-0.014711462261933483,0.942852099504391,0.7414763195064897,보통
12696,B0C5XCY6CX,2020-03,0.30290304730273293,19.0,0.6551724137931034,0.30810738120226344,0.30290304730273293,-0.005204333899530511,0.9793978493533738,0.7524400444611845,높음
12676,B0C195VN2X,2020-03,0.2688030582050058,27.0,0.7297297297297297,0.27806381580674794,0.2688030582050058,-0.009260757601742164,0.9636346688649297,0.7999012114702897,높음
12701,B0C7CC35KH,2020-03,0.2620694981078577,54.0,0.84375,0.26352231617665967,0.2620694981078577,-0.0014528180688019865,0.9942055805063498,0.8888866741519048,높음
12487,B07NL9T1GL,2020-03,0.25229587592748387,16.0,0.6153846153846154,0.2500019146644871,0.25229587592748387,0.0022939612629967465,0.9908661245472778,0.7280290681334141,보통
12344,B014ITW6FK,2020-03,0.2346751622195581,27.0,0.7297297297297297,0.24160259177690233,0.2346751622195581,-0.006927429557344239,0.9726706743904863,0.8026120131279566,높음
12601,B09MQLYPRR,2020-03,0.22151001394796707,59.0,0.855072463768116,0.22391172605828055,0.22151001394796707,-0.002401712110313481,0.9904391499096559,0.8956824696105778,높음
12352,B01ALBMIEI,2020-03,0.1953862752964176,77.0,0.8850574712643678,0.18241947811486117,0.1953862752964176,0.012966797181556439,0.9494549567918237,0.9043767169226045,높음
12085,B07RX7P8Z1,2020-02,0.8949888895945505,9.0,0.47368421052631576,0.8935845322137617,0.8949888895945505,0.0014043573807888121,0.9943983187320319,0.6298984429880305,보통
12108,B07VNBVH1G,2020-02,0.8907813400185821,5.0,0.3333333333333333,0.8842647655189907,0.8907813400185821,0.006516574499591421,0.9742704952838317,0.5256144819184828,보통
12117,B07X2W3HBS,2020-02,0.8588124656467646,6.0,0.375,0.8680641993688359,0.8588124656467646,-0.009251733722071331,0.9636694523858844,0.5516008357157653,보통
12120,B07YXRTY6F,2020-02,0.8469201729758612,6.0,0.375,0.8563837408539575,0.8469201729758612,-0.009463567878096324,0.9628532458150466,0.551355973744514,보통
12169,B09GPXGW3M,2020-02,0.838197849862938,9.0,0.47368421052631576,0.8414175331060895,0.838197849862938,-0.003219683243151472,0.9872038430373004,0.6277401002796111,보통
12234,B0BW9R4245,2020-02,0.8352389728146876,7.0,0.4117647058823529,0.8467484188062443,0.8352389728146876,-0.011509445991556677,0.9550058775991839,0.5747370573974022,보통
12257,B0C33KRL4C,2020-02,0.825286793474473,5.0,0.3333333333333333,0.8330810665331203,0.825286793474473,-0.0077942730586473274,0.9693039016816942,0.5241245038378416,보통
12047,B07MKJXJ7B,2020-02,0.8238437552247956,5.0,0.3333333333333333,0.8405810358259642,0.8238437552247956,-0.016737280601168636,0.9352427830301913,0.5139061682423907,보통
12292,B0CFMQLYHG,2020-02,0.8150658464515603,9.0,0.47368421052631576,0.8017105328481791,0.8150658464515603,0.01335531360338127,0.9479805873520473,0.6159731235740352,보통
12056,B07NYTQPKV,2020-02,0.8102046624720397,11.0,0.5238095238095238,0.8130962271186843,0.8102046624720397,-0.00289156464664464,0.9885003734404312,0.6632167786987959,보통
11882,B0183RU1WI,2020-02,0.8086252163384758,10.0,0.5,0.8102649822975566,0.8086252163384758,-0.0016397659590807745,0.9934623998699694,0.6480387199609907,보통
12023,B07HR81PD2,2020-02,0.7751454168962453,13.0,0.5652173913043478,0.7799298104869705,0.7751454168962453,-0.004784393590725244,0.9810443864019744,0.6899654898336358,보통
11870,B010JRV0UM,2020-02,0.766789808507135,9.0,0.47368421052631576,0.7824642078592542,0.766789808507135,-0.015674399352119228,0.939227455565134,0.6133471840379612,보통
12145,B08MZTRS5G,2020-02,0.7581144482099414,14.0,0.5833333333333334,0.7412772005610658,0.7581144482099414,0.01683724764887562,0.9348688839507124,0.6887939985185471,보통
12052,B07N82GT4R,2020-02,0.7522469853282893,9.0,0.47368421052631576,0.7567639922383277,0.7522469853282893,-0.004517006910038424,0.9820942205335697,0.626207213528492,보통
12144,B08MWBF3NQ,2020-02,0.7438734755514999,10.0,0.5,0.7452231930673701,0.7438734755514999,-0.001349717515870208,0.9946156776433329,0.6483847032929999,보통
12018,B07HKCQN2X,2020-02,0.7371801431941261,10.0,0.5,0.7446665414841569,0.7371801431941261,-0.007486398290030838,0.9704983338595969,0.6411495001578791,보통
12112,B07WFFXFZB,2020-02,0.7293860451137858,8.0,0.4444444444444444,0.7100801733197288,0.7293860451137858,0.01930587179405696,0.9256829522183795,0.5888159967766249,보통
12036,B07KPL5XR7,2020-02,0.6981470813993077,13.0,0.5652173913043478,0.7097427729200929,0.6981470813993077,-0.011595691520785212,0.9546764744722253,0.682055116254711,보통
11884,B01A4JYDFY,2020-02,0.6913857794204552,9.0,0.47368421052631576,0.6989656465877254,0.6913857794204552,-0.007579867167270216,0.9701355561221643,0.6226196142050703,보통
12081,B07RHYHS9Y,2020-02,0.6685891878013145,13.0,0.5652173913043478,0.6734323399731127,0.6685891878013145,-0.004843152171798204,0.9808138343923953,0.6898963242307621,보통
12099,B07SXTHB93,2020-02,0.6682723441019185,42.0,0.8076923076923077,0.6703585109199179,0.6682723441019185,-0.0020861668179994464,0.9916900528209476,0.8628916312308996,높음
11815,B001TH7GZU,2020-02,0.6669302639000255,27.0,0.7297297297297297,0.678101005187453,0.6669302639000255,-0.011170741287427455,0.9563006144008858,0.7977009951310765,높음
11834,B0081E9HRY,2020-02,0.6333381038485703,9.0,0.47368421052631576,0.6458047088219949,0.6333381038485703,-0.012466604973424666,0.9513564983154337,0.616985896863051,보통
11919,B01NBMCGJY,2020-02,0.626481427945598,11.0,0.5238095238095238,0.6519130926036144,0.626481427945598,-0.025431664658016384,0.903276420740043,0.6376495928886795,보통
12063,B07PGRX339,2020-02,0.6015017147742345,31.0,0.7560975609756098,0.6017068358570484,0.6015017147742345,-0.00020512108281389718,0.9991798521739746,0.8290222483351191,높음
11810,B00009W3I4,2020-02,0.6013539156816279,11.0,0.5238095238095238,0.5942124551812437,0.6013539156816279,0.007141460500384222,0.9718383042604258,0.6582181579447943,보통
11969,B0797GQSS9,2020-02,0.5974103212336359,26.0,0.7222222222222222,0.6035671508904823,0.5974103212336359,-0.006156829656846385,0.975673459604569,0.7982575934369263,높음
12109,B07VRDN8B9,2020-02,0.5844693050966322,16.0,0.6153846153846154,0.5706062211020845,0.5844693050966322,0.01386308399454772,0.9460571154827826,0.7145863654140656,보통
11933,B073PM5CWW,2020-02,0.583531511861766,12.0,0.5454545454545454,0.5956114450622392,0.583531511861766,-0.01207993320047318,0.9528290876549796,0.6676669081146757,보통
11818,B0028BAAWW,2020-02,0.5780744834383374,14.0,0.5833333333333334,0.5885059518672151,0.5780744834383374,-0.010431468428877655,0.9591326680132745,0.6960731337373156,보통
12147,B08PNT3BLH,2020-02,0.5772159417431122,22.0,0.6875,0.5684101823332225,0.5772159417431122,0.008805759409889702,0.9653900739203952,0.7708670221761185,높음
12225,B0BTSQRXNZ,2020-02,0.5771243395819546,38.0,0.7916666666666666,0.5903410486510635,0.5771243395819546,-0.013216709069108878,0.9485063107050986,0.8387185598781961,높음
12226,B0BTV3G59T,2020-02,0.5676843352860675,24.0,0.7058823529411765,0.5819236986094266,0.5676843352860675,-0.014239363323359067,0.9446342595881893,0.7775079249352803,높음
11977,B07BFGZQ65,2020-02,0.5540998029326203,21.0,0.6774193548387096,0.5591309181418175,0.5540998029326203,-0.00503111520919719,0.9800766845512251,0.7682165537524642,높음
12053,B07NL9T1GL,2020-02,0.551368769820332,15.0,0.6,0.5742405628675005,0.551368769820332,-0.022871793047168465,0.9125730223914809,0.6937719067174442,보통
12007,B07GXBTH82,2020-02,0.5509458975631378,20.0,0.6666666666666666,0.5266800463163518,0.5509458975631378,0.02426585124678604,0.9074984643806074,0.7389162059808488,보통
12224,B0BTBTK796,2020-02,0.5467526373597279,15.0,0.6,0.556838190182674,0.5467526373597279,-0.010085552822946098,0.960460702409139,0.7081382107227416,보통
12229,B0BVR77MZJ,2020-02,0.5325289285498956,80.0,0.8888888888888888,0.5489787805119106,0.5325289285498956,-0.016449851962014983,0.9363186636310917,0.9031178213115496,높음
12194,B0B5TGFST7,2020-02,0.49489396105379974,11.0,0.5238095238095238,0.4968164070692455,0.49489396105379974,-0.0019224460154457779,0.9923397066867633,0.6643685786726956,보통
12277,B0C7CC35KH,2020-02,0.4875791038896816,44.0,0.8148148148148148,0.505995998462954,0.4875791038896816,-0.018416894573272335,0.9289804557876569,0.8490645071066674,높음
11896,B01FF4ASTS,2020-02,0.4767029790139908,15.0,0.6,0.47339554667399364,0.4767029790139908,0.0033074323399971406,0.9868573988586683,0.7160572196576005,보통
12276,B0C6L6LLS9,2020-02,0.46402565230322984,15.0,0.6,0.4641969085304215,0.46402565230322984,-0.0001712562271916629,0.9993152096672296,0.7197945629001689,보통
12174,B09NR62M32,2020-02,0.4562612180541571,21.0,0.6774193548387096,0.42441984966128754,0.4562612180541571,0.03184136839286955,0.8804118465293551,0.7383171023459032,보통
12204,B0BCWB19QY,2020-02,0.42973430021197323,11.0,0.5238095238095238,0.43627302481300495,0.42973430021197323,-0.00653872460103172,0.9741841783465427,0.6589219201706294,보통
12060,B07P4MVBVS,2020-02,0.4242761524744066,17.0,0.6296296296296297,0.4340044063135481,0.4242761524744066,-0.009728253839141499,0.9618343703274405,0.7292910518389728,보통
12160,B092T5Y46X,2020-02,0.42277105515106056,19.0,0.6551724137931034,0.4363027174070613,0.42277105515106056,-0.01353166225600072,0.9473121227482739,0.7428143264796545,보통
12250,B0C195VN2X,2020-02,0.4162500186194883,24.0,0.7058823529411765,0.4211402606465154,0.4162500186194883,-0.004890242027027092,0.980629106264711,0.7883063789382369,높음
12105,B07TXS441N,2020-02,0.407176000785627,19.0,0.6551724137931034,0.4228293933651776,0.407176000785627,-0.015653392579550618,0.939306379431156,0.7404126034845192,보통
12176,B09QGFDJ69,2020-02,0.398466892607488,19.0,0.6551724137931034,0.4002001047367094,0.398466892607488,-0.0017332121292213953,0.9930911282363304,0.7565480281260715,높음
12273,B0C5XCY6CX,2020-02,0.3965299502602409,15.0,0.6,0.41629533825769915,0.3965299502602409,-0.01976538799745825,0.9239830496994469,0.697194914909834,보통
11875,B014ITW6FK,2020-02,0.38148392659786384,22.0,0.6875,0.3905304390012483,0.38148392659786384,-0.009046512403384444,0.964460839223533,0.7705882517670599,높음
11991,B07CTC362N,2020-02,0.38064256994776147,18.0,0.6428571428571429,0.39499206242715623,0.38064256994776147,-0.014349492479394765,0.9442182241351003,0.7332654672405301,보통
12163,B097BBJCX8,2020-02,0.3722794019800233,16.0,0.6153846153846154,0.3746682882321819,0.3722794019800233,-0.0023888862521586063,0.9904899641413081,0.7279162200116231,보통
12093,B07SKTNJ9S,2020-02,0.3661754010014947,16.0,0.6153846153846154,0.35711735729936167,0.3661754010014947,0.009058043702133034,0.964416354305205,0.7200941370607923,보통
11862,B00WA6TGDE,2020-02,0.3451937805978233,17.0,0.6296296296296297,0.3674479454505433,0.3451937805978233,-0.022254164852720026,0.9148303329131006,0.7151898406146708,보통
12291,B0CDGZZPSY,2020-02,0.341967637946275,28.0,0.7368421052631579,0.35430056600381277,0.341967637946275,-0.012332928057537773,0.9518653319523478,0.8013490732699148,높음
12123,B081JBKY7K,2020-02,0.326984970776797,31.0,0.7560975609756098,0.3011619447397285,0.326984970776797,0.025823026037068486,0.9018634969334625,0.7998273417629655,높음
12230,B0BVZ6NRP6,2020-02,0.3238480449513641,11.0,0.5238095238095238,0.33055863448354067,0.3238480449513641,-0.00671058953217657,0.9735146961070115,0.65872107549877,보통
11920,B06VW9HKXF,2020-02,0.32347933292335007,16.0,0.6153846153846154,0.3297802948398994,0.32347933292335007,-0.00630096191654933,0.9751111176415209,0.7233025660616871,보통
11867,B00ZYDKI1Y,2020-02,0.3116264212606602,40.0,0.8,0.3212684566309213,0.3116264212606602,-0.009642035370261093,0.9621661390802446,0.8486498417240733,높음
11891,B01CYBRSK2,2020-02,0.309278983688303,20.0,0.6666666666666666,0.31540590897207216,0.309278983688303,-0.00612692528376918,0.9757901741975334,0.7594037189259266,높음
12089,B07SBW92N5,2020-02,0.2980584025793105,34.0,0.7727272727272727,0.321878535478723,0.2980584025793105,-0.02382013289941254,0.9091178624056246,0.8136444496307782,높음
12182,B09TWWTX37,2020-02,0.2801158285511018,31.0,0.7560975609756098,0.27162296886081905,0.2801158285511018,0.008492859690282739,0.966599111511376,0.8192480261363395,높음
11929,B072YQNJCR,2020-02,0.27719922882536746,32.0,0.7619047619047619,0.2895814942619003,0.27719922882536746,-0.012382265436532813,0.9516775003246587,0.8188365834307307,높음
11885,B01ALBMIEI,2020-02,0.2583639169214857,40.0,0.8,0.2444544118989597,0.2583639169214857,0.013909505022525998,0.9458814640158231,0.8437644392047469,높음
12086,B07RZ4MGXR,2020-02,0.22204993991498098,81.0,0.8901098901098901,0.224766840354805,0.22204993991498098,-0.002716900439824005,0.9891912372853756,0.9198342942625357,높음
12267,B0C5BHXVH1,2020-02,0.21657097733619216,26.0,0.7222222222222222,0.21675475611669473,0.21657097733619216,-0.0001837787805025748,0.9992651550089146,0.8053351020582299,높음
12173,B09MQLYPRR,2020-02,0.19940271781534522,76.0,0.8837209302325582,0.19860795166628825,0.19940271781534522,0.0007947661490569635,0.9968259832790349,0.9176524461465011,높음
11931,B0737B6HGR,2020-02,0.16574054511651073,98.0,0.9074074074074074,0.16910984739050727,0.16574054511651073,-0.0033693022739965384,0.9866132018682813,0.9311691457456696,높음
11552,B07H1FYLZ3,2020-01,0.8597605509183118,20.0,0.6666666666666666,0.863425001604723,0.8597605509183118,-0.0036644506864111914,0.9854490998883992,0.7623013966331864,높음
11590,B07N82GT4R,2020-01,0.785319243105165,9.0,0.47368421052631576,0.7916313710748806,0.785319243105165,-0.006312127969715586,0.9750675660437966,0.62409921718156,보통
11595,B07NYTQPKV,2020-01,0.7631440801252154,13.0,0.5652173913043478,0.77050871990521,0.7631440801252154,-0.007364639779994575,0.9709711147049279,0.6869435083245218,보통
11423,B013WHR5NW,2020-01,0.746064175323322,11.0,0.5238095238095238,0.7607976731282017,0.746064175323322,-0.014733497804879647,0.9427689981350903,0.6494973661071937,보통
11432,B0183RU1WI,2020-01,0.7203395962133723,18.0,0.6428571428571429,0.7175615344169864,0.7203395962133723,0.0027780617963858445,0.9889492657733084,0.7466847797319925,보통
11751,B0BVR77MZJ,2020-01,0.7159507333933157,42.0,0.8076923076923077,0.7221284517685422,0.7159507333933157,-0.006177718375226515,0.9755919407377511,0.8580621976059407,높음
11655,B081JBKY7K,2020-01,0.6923759933412781,16.0,0.6153846153846154,0.6700085924330901,0.6923759933412781,0.022367400908188007,0.9144160596282424,0.7050940486577035,보통
11693,B09GPXGW3M,2020-01,0.6627521148468722,13.0,0.5652173913043478,0.660399522528419,0.6627521148468722,0.002352592318453195,0.9906337696879711,0.6928423048194348,보통
11776,B0C33KRL4C,2020-01,0.6565505386416087,12.0,0.5454545454545454,0.6664221240337432,0.6565505386416087,-0.009871585392134508,0.9612830835200454,0.6702031068741954,보통
11809,B0CFMQLYHG,2020-01,0.6230311728023233,14.0,0.5833333333333334,0.5894073742786519,0.6230311728023233,0.03362379852367148,0.874157079982633,0.6705804573281232,보통
11512,B0797GQSS9,2020-01,0.6229800726702381,28.0,0.7368421052631579,0.634528340714052,0.6229800726702381,-0.011548268043813814,0.954857587960954,0.8022467500724966,높음
11616,B07RHYHS9Y,2020-01,0.5997026573442187,10.0,0.5,0.6063256193502102,0.5997026573442187,-0.006622962005991551,0.9738559826538075,0.6421567947961422,보통
11631,B07SXTHB93,2020-01,0.5886838175370862,27.0,0.7297297297297297,0.591634990738435,0.5886838175370862,-0.0029511732013487446,0.9882647092224136,0.8072902235775349,높음
11747,B0BTSQRXNZ,2020-01,0.5606674710092815,32.0,0.7619047619047619,0.5723095239519381,0.5606674710092815,-0.011642052942656633,0.9544994502517868,0.8196831684088692,높음
11542,B07FYDT939,2020-01,0.5499711864239907,8.0,0.4444444444444444,0.5670600814178419,0.5499711864239907,-0.017088894993851245,0.9339283283165986,0.5912896096060907,보통
11365,B00009W3I4,2020-01,0.5390242456331712,15.0,0.6,0.5301088978637702,0.5390242456331712,0.00891534776940095,0.9649669846005415,0.7094900953801624,보통
11373,B0028BAAWW,2020-01,0.513059154344175,16.0,0.6153846153846154,0.5236150056364833,0.513059154344175,-0.010555851292308294,0.9586555880336343,0.7183659071793211,보통
11585,B07MKJXJ7B,2020-01,0.5069966470748721,15.0,0.6,0.5131165678468385,0.5069966470748721,-0.006119920771966325,0.9758175143157091,0.7127452542947127,보통
11641,B07VRDN8B9,2020-01,0.5027000237066882,17.0,0.6296296296296297,0.48502603868437194,0.5027000237066882,0.017673985022316263,0.9317451554096872,0.7202642873636469,보통
11808,B0CDGZZPSY,2020-01,0.499696483771288,32.0,0.7619047619047619,0.5190216087886229,0.499696483771288,-0.01932512501733491,0.9256116654411606,0.8110168329656814,높음
11599,B07P4MVBVS,2020-01,0.4886366436565936,11.0,0.5238095238095238,0.5056603868177632,0.4886366436565936,-0.017023743161169558,0.9341717486025091,0.6469181912474193,보통
11752,B0BVZ6NRP6,2020-01,0.47334016720212424,10.0,0.5,0.4831162715277243,0.47334016720212424,-0.009776104325600055,0.9616502909745247,0.6384950872923574,보통
11521,B07BFGZQ65,2020-01,0.473142092785547,30.0,0.75,0.48393093412471117,0.473142092785547,-0.01078884133916419,0.9577625753828899,0.8123287726148669,높음
11602,B07PGRX339,2020-01,0.4693299980241647,34.0,0.7727272727272727,0.47855475513530504,0.4693299980241647,-0.009224757111140347,0.963773444140006,0.8300411241510927,높음
11756,B0BW9R4245,2020-01,0.4667285165937149,16.0,0.6153846153846154,0.4750572283888835,0.4667285165937149,-0.008328711795168586,0.9672339807517618,0.7209394249947594,보통
11727,B0BCWB19QY,2020-01,0.45681528902118373,13.0,0.5652173913043478,0.4690843291369201,0.45681528902118373,-0.012269040115736374,0.9521086139043123,0.6812847580843371,보통
11672,B08MWBF3NQ,2020-01,0.45392192849830004,21.0,0.6774193548387096,0.4461789015183726,0.45392192849830004,0.007743026979927459,0.9695026141436636,0.7650443326301958,높음
11746,B0BTBTK796,2020-01,0.4532839973951347,13.0,0.5652173913043478,0.4467955637682146,0.4532839973951347,0.006488433626920087,0.9743801687441506,0.6879662245362885,보통
11419,B010JRV0UM,2020-01,0.4323005260427955,15.0,0.6,0.4363104507556107,0.4323005260427955,-0.004009924712815194,0.9840882521066661,0.7152264756319998,보통
11385,B0081E9HRY,2020-01,0.39173009378503787,13.0,0.5652173913043478,0.4102115044087655,0.39173009378503787,-0.018481410623727657,0.9287407501188828,0.6742743989487082,보통
11698,B09NR62M32,2020-01,0.37800490830555744,29.0,0.7435897435897436,0.3475067246413023,0.37800490830555744,0.030498183664255163,0.8851547994324733,0.7860592603425625,높음
11792,B0C5XCY6CX,2020-01,0.3772499249564709,21.0,0.6774193548387096,0.3928826116558164,0.3772499249564709,-0.015632686699345477,0.9393841793144153,0.7560088021814213,높음
11467,B01NBMCGJY,2020-01,0.37639052290595476,20.0,0.6666666666666666,0.39623833998030533,0.37639052290595476,-0.01984781707435057,0.9236784476389363,0.7437702009583476,보통
11644,B07WFFXFZB,2020-01,0.3693733779297801,16.0,0.6153846153846154,0.34161526809802845,0.3693733779297801,0.027758109831751643,0.894909718189175,0.6992421462259832,보통
11480,B073PM5CWW,2020-01,0.3679442924594179,19.0,0.6551724137931034,0.39078168748359554,0.3679442924594179,-0.022837395024177642,0.9126985938613235,0.7324302678135695,보통
11591,B07NL9T1GL,2020-01,0.3670956140081065,21.0,0.6774193548387096,0.3575983100203799,0.3670956140081065,0.00949730398772658,0.9627233228907971,0.7630105452543359,높음
11718,B0B5TGFST7,2020-01,0.3658555374427522,14.0,0.5833333333333334,0.36510254685931315,0.3658555374427522,0.0007529905834390282,0.9969925690741755,0.707431104055586,보통
11701,B09QGFDJ69,2020-01,0.36479250035559824,23.0,0.696969696969697,0.37122910558500943,0.36479250035559824,-0.006436605229411196,0.9745821919353453,0.7802534454593915,높음
11547,B07GXBTH82,2020-01,0.35035221306487296,33.0,0.7674418604651163,0.3314123817626603,0.35035221306487296,0.018939831302212662,0.9270392947010988,0.815321090735911,높음
11748,B0BTV3G59T,2020-01,0.345841061176738,34.0,0.7727272727272727,0.35361354348084884,0.345841061176738,-0.007772482304110817,0.9693883928174633,0.8317256087543299,높음
11424,B014ITW6FK,2020-01,0.34363893636619336,28.0,0.7368421052631579,0.3574870306671448,0.34363893636619336,-0.013848094300951463,0.9461138416085226,0.7996236261667673,높음
11371,B001TH7GZU,2020-01,0.34178487796747997,37.0,0.7872340425531915,0.36122697159520384,0.34178487796747997,-0.019442093627723867,0.9251786966954981,0.8286174387958835,높음
11434,B01A4JYDFY,2020-01,0.33058623840197515,19.0,0.6551724137931034,0.32267581100916987,0.33058623840197515,0.007910427392805286,0.9688536508897695,0.7492767849221031,보통
11652,B07YXRTY6F,2020-01,0.32243067478731297,22.0,0.6875,0.34707872488940134,0.32243067478731297,-0.02464805010208837,0.9061121448529916,0.7530836434558974,높음
11687,B097BBJCX8,2020-01,0.3182342301549805,15.0,0.6,0.31599329245696867,0.3182342301549805,0.0022409376980118134,0.9910763038527873,0.7173228911558363,보통
11627,B07SKTNJ9S,2020-01,0.3095574217218972,19.0,0.6551724137931034,0.29529881258416724,0.3095574217218972,0.014258609137729972,0.9445615413648343,0.7419891520646227,보통
11534,B07CTC362N,2020-01,0.29625010419534226,19.0,0.6551724137931034,0.3131222707060122,0.29625010419534226,-0.016872166510669917,0.9347383148401562,0.7390421841072192,보통
11416,B00ZYDKI1Y,2020-01,0.2905024016982955,39.0,0.7959183673469388,0.29890509147763034,0.2905024016982955,-0.008402689779334838,0.96694780701451,0.84722719924721,높음
11411,B00WA6TGDE,2020-01,0.28950894288113904,14.0,0.5833333333333334,0.30131476235422305,0.28950894288113904,-0.011805819473084012,0.9538743947474306,0.6944956517575624,보통
11674,B08PNT3BLH,2020-01,0.2845713901268852,39.0,0.7959183673469388,0.2768132142624473,0.2845713901268852,0.007758175864437888,0.9694438683910099,0.8479760176601601,높음
11673,B08MZTRS5G,2020-01,0.2787664478708526,26.0,0.7222222222222222,0.2594211535353102,0.2787664478708526,0.019345294335542385,0.9255369926285332,0.7832166533441155,높음
11444,B01FF4ASTS,2020-01,0.26824790088378186,25.0,0.7142857142857143,0.27533100784957487,0.26824790088378186,-0.007083106965793007,0.9720651715368297,0.7916195514610489,높음
11439,B01CYBRSK2,2020-01,0.2663591229663735,21.0,0.6774193548387096,0.2769619209640949,0.2663591229663735,-0.010602797997721403,0.9584755820496028,0.7617362230019775,높음
11477,B072YQNJCR,2020-01,0.2595300721956922,27.0,0.7297297297297297,0.2645291380892541,0.2595300721956922,-0.004999065893561916,0.9802023357531628,0.8048715115367597,높음
11794,B0C6CLBBQ1,2020-01,0.2519058497435798,12.0,0.5454545454545454,0.25867512567693157,0.2519058497435798,-0.006769275933351748,0.9732861946318966,0.6738040402077508,보통
11707,B09TWWTX37,2020-01,0.24836764038383213,26.0,0.7222222222222222,0.24300854003210023,0.24836764038383213,0.005359100351731899,0.9787917252663283,0.799193073135454,높음
11620,B07RZ4MGXR,2020-01,0.23710426413474672,101.0,0.9099099099099099,0.2415592729971412,0.23710426413474672,-0.004455008862394472,0.9823378024326276,0.9316382776667251,높음
11623,B07SBW92N5,2020-01,0.2290411070396289,36.0,0.782608695652174,0.2399986782698714,0.2290411070396289,-0.010957571230242491,0.957116380772019,0.8349610011881274,높음
11770,B0C195VN2X,2020-01,0.22035189522985663,37.0,0.7872340425531915,0.22673612787739794,0.22035189522985663,-0.006384232647541316,0.9747863788647362,0.8434997434466549,높음
11786,B0C5BHXVH1,2020-01,0.20576662003926993,23.0,0.696969696969697,0.2139086683136256,0.20576662003926993,-0.008142048274355662,0.967956439632823,0.7782657197686347,높음
11795,B0C7CC35KH,2020-01,0.20255923941577544,55.0,0.8461538461538461,0.20408544819569582,0.20255923941577544,-0.0015262087799203794,0.9939137615238459,0.890481820764846,높음
11435,B01ALBMIEI,2020-01,0.17847234992618582,68.0,0.8717948717948718,0.16640491830360646,0.17847234992618582,0.012067431622579367,0.9528767363145718,0.8961194311507817,높음
11697,B09MQLYPRR,2020-01,0.17240357287921987,84.0,0.8936170212765957,0.174979100425239,0.17240357287921987,-0.0025755275460191407,0.9897507747883025,0.9224571473301078,높음
11478,B0737B6HGR,2020-01,0.1483553324407101,132.0,0.9295774647887324,0.14445126043537723,0.1483553324407101,0.0039040720053328815,0.9845050139547278,0.9460557295385309,높음
11200,B07P4MVBVS,2019-12,0.6454719025765678,13.0,0.5652173913043478,0.6566587978749022,0.6454719025765678,-0.011186895298334387,0.9562388240350104,0.6825238211235465,보통
11072,B01FF4ASTS,2019-12,0.634454895257255,14.0,0.5833333333333334,0.6334411289305899,0.634454895257255,0.0010137663266650554,0.9959531453686362,0.7071192769439242,보통
11164,B07H1FYLZ3,2019-12,0.6216518776989013,57.0,0.8507462686567164,0.6285093985517742,0.6216518776989013,-0.006857520852872945,0.9729427050102255,0.8874051995627692,높음
11166,B07H74MTSV,2019-12,0.6179466828792107,5.0,0.3333333333333333,0.6332065156445554,0.6179466828792107,-0.015259832765344705,0.940786236927105,0.5155692044114648,보통
11089,B01MZAT7WE,2019-12,0.6038334963571972,14.0,0.5833333333333334,0.5947944311737831,0.6038334963571972,0.00903906518341413,0.9644895698595474,0.6976802042911976,보통
11363,B0CDGZZPSY,2019-12,0.5717556437574263,26.0,0.7222222222222222,0.5902708088625445,0.5717556437574263,-0.018515165105118192,0.9286153619344335,0.7841401641358856,높음
11162,B07GXBTH82,2019-12,0.5594545908904972,16.0,0.6153846153846154,0.5336599961457517,0.5594545908904972,0.025794594744745547,0.9019660673446374,0.701359050972622,보통
11333,B0C33KRL4C,2019-12,0.5577025721670124,15.0,0.6,0.56958669932968,0.5577025721670124,-0.011884127162667624,0.9535756587365042,0.7060726976209513,보통
11312,B0BVR77MZJ,2019-12,0.5542744782136868,64.0,0.8648648648648649,0.5773137458186632,0.5542744782136868,-0.023039267604976432,0.9119618960569905,0.8789939742225026,높음
11150,B07CMDTDMZ,2019-12,0.5340299786262556,9.0,0.47368421052631576,0.5530689266097655,0.5340299786262556,-0.019038947983509913,0.9266718273169158,0.6095804955634958,보통
11057,B013WHR5NW,2019-12,0.5194348382554299,17.0,0.6296296296296297,0.5324565357396965,0.5194348382554299,-0.013021697484266626,0.9492464782255841,0.7255146842084159,보통
11247,B08MZTRS5G,2019-12,0.5139857233769284,17.0,0.6296296296296297,0.5078146346981881,0.5139857233769284,0.0061710886787402774,0.9756178125946408,0.7334260845191329,보통
11053,B00ZYDKI1Y,2019-12,0.5139329639097353,26.0,0.7222222222222222,0.5239660675630051,0.5139329639097353,-0.010033103653269815,0.9606622250131786,0.7937542230595092,높음
11195,B07N82GT4R,2019-12,0.500579779140258,14.0,0.5833333333333334,0.5027923952544041,0.500579779140258,-0.0022126161141461376,0.9911885856152893,0.7056899090179201,보통
11261,B097BBJCX8,2019-12,0.4713040670519203,12.0,0.5454545454545454,0.4739763172583238,0.4713040670519203,-0.0026722502064034925,0.9893679235416404,0.6786285588806739,보통
11233,B081JBKY7K,2019-12,0.4638148143670593,13.0,0.5652173913043478,0.4316273756336262,0.4638148143670593,0.032187438733433105,0.879193951967949,0.6594103595034282,보통
11228,B07WFFXFZB,2019-12,0.46192613568804497,9.0,0.47368421052631576,0.4325337938801722,0.46192613568804497,0.029392341807872757,0.8890788366698811,0.5983025983693853,보통
11201,B07PGRX339,2019-12,0.44050477647758074,44.0,0.8148148148148148,0.4462164349104094,0.44050477647758074,-0.00571165843282867,0.9774123743677263,0.8635940826806883,높음
11350,B0C7CC35KH,2019-12,0.436347888755549,47.0,0.8245614035087719,0.4521400413120156,0.436347888755549,-0.0157921525564666,0.9387851715640123,0.8588285339253441,높음
11103,B073PM5CWW,2019-12,0.405432124319895,15.0,0.6,0.4223536989241545,0.405432124319895,-0.01692157460425947,0.9345535985411524,0.7003660795623456,보통
11275,B09TWWTX37,2019-12,0.4030259329624935,14.0,0.5833333333333334,0.39510767806469216,0.4030259329624935,0.007918254897801347,0.9688233165374854,0.698980328294579,보통
11284,B0B5TGFST7,2019-12,0.39976206573695505,18.0,0.6428571428571429,0.394154936898268,0.39976206573695505,0.0056071288386870255,0.9778211338919123,0.7433463401675737,보통
11226,B07VRDN8B9,2019-12,0.38877767346689923,18.0,0.6428571428571429,0.3769316555101712,0.38877767346689923,0.011846017956728017,0.9537210298608101,0.736116308958243,보통
11348,B0C5XCY6CX,2019-12,0.3873774275526224,23.0,0.696969696969697,0.3874669521436892,0.3873774275526224,-8.95245910668141e-05,0.9996419657452993,0.7877713776023776,높음
11292,B0BCWB19QY,2019-12,0.3774465421745694,17.0,0.6296296296296297,0.3837998476717343,0.3774465421745694,-0.006353305497164896,0.9749069757837165,0.7332128334758556,보통
11016,B001TH7GZU,2019-12,0.3744957495313096,33.0,0.7674418604651163,0.39409857765680495,0.3744957495313096,-0.019602828125495353,0.9245840553420916,0.8145845189282088,높음
11329,B0C195VN2X,2019-12,0.3734636556066881,16.0,0.6153846153846154,0.3893845377987649,0.3734636556066881,-0.015920882192076824,0.9383018981057157,0.7122598002009455,보통
11018,B0028BAAWW,2019-12,0.3673887176403777,20.0,0.6666666666666666,0.366175167902872,0.3673887176403777,0.0012135497375057036,0.9951575636333639,0.7652139357566758,높음
11196,B07NL9T1GL,2019-12,0.36011731258892404,20.0,0.6666666666666666,0.37203612109871786,0.36011731258892404,-0.011918808509793821,0.9534433827580077,0.752699681494069,높음
11313,B0BVZ6NRP6,2019-12,0.3506672508362466,17.0,0.6296296296296297,0.3704317137741871,0.3506672508362466,-0.019764462937940486,0.9239864686630299,0.7179366813396497,보통
11157,B07FYDT939,2019-12,0.34374554303871857,12.0,0.5454545454545454,0.3565240669057168,0.34374554303871857,-0.012778523866998237,0.950170254227811,0.6668692580865251,보통
11308,B0BTSQRXNZ,2019-12,0.34344682997988923,43.0,0.8113207547169812,0.3642631796306247,0.34344682997988923,-0.020816349650735477,0.9201069197216885,0.8439566042183932,높음
11309,B0BTV3G59T,2019-12,0.34072855285997694,33.0,0.7674418604651163,0.3548822354195974,0.34072855285997694,-0.014153682559620462,0.9449580630117297,0.8206967212291003,높음
11058,B014ITW6FK,2019-12,0.336543030184433,20.0,0.6666666666666666,0.34660582387314876,0.336543030184433,-0.010062793688715765,0.9605481434054377,0.7548311096882979,높음
11092,B06VW9HKXF,2019-12,0.3279699387286712,15.0,0.6,0.33071160113353654,0.3279699387286712,-0.0027416624048653415,0.9890932648620877,0.7167279794586263,보통
11364,B0CFMQLYHG,2019-12,0.32492196013360736,22.0,0.6875,0.3082061353831783,0.32492196013360736,0.016715824750429042,0.9353230521928603,0.761846915657858,높음
11099,B072YQNJCR,2019-12,0.32277333265069447,17.0,0.6296296296296297,0.341108326761425,0.32277333265069447,-0.01833499411073053,0.929284841359658,0.7195261931486381,보통
11133,B0797GQSS9,2019-12,0.3187302260402684,41.0,0.803921568627451,0.32720540801435816,0.3187302260402684,-0.008475181974089752,0.9666674629870062,0.8527453369353175,높음
11271,B09NR62M32,2019-12,0.3064608751984379,30.0,0.75,0.28345422952315735,0.3064608751984379,0.023006645675280546,0.9120809036487701,0.798624271094631,높음
11141,B07BFGZQ65,2019-12,0.30489928839567143,44.0,0.8148148148148148,0.3187955203674953,0.30489928839567143,-0.01389623197182388,0.9459316842794838,0.8541498756542154,높음
11011,B00009W3I4,2019-12,0.27981752668245513,24.0,0.7058823529411765,0.26991256675325925,0.27981752668245513,0.009904959929195878,0.9611547625739507,0.7824640758310087,높음
11068,B01CYBRSK2,2019-12,0.2620532119206841,22.0,0.6875,0.26807987378075016,0.2620532119206841,-0.006026661860066063,0.9761815969377786,0.7741044790813335,높음
11248,B08PNT3BLH,2019-12,0.24657792745630108,32.0,0.7619047619047619,0.23920875314565973,0.24657792745630108,0.007369174310641352,0.9709535032715405,0.8246193843147953,높음
11215,B07SBW92N5,2019-12,0.23729775406145087,28.0,0.7368421052631579,0.24542007438550553,0.23729775406145087,-0.00812232032405466,0.968032825832808,0.8061993214340528,높음
11064,B01ALBMIEI,2019-12,0.2273359795751857,61.0,0.8591549295774648,0.20993365322174873,0.2273359795751857,0.01740232635343697,0.9327581722942586,0.8812359023925029,높음
11027,B0081E9HRY,2019-12,0.21475178843569492,18.0,0.6428571428571429,0.21781072154224657,0.21475178843569492,-0.0030589331065516423,0.9878388197710967,0.7463516459313291,보통
11214,B07RZ4MGXR,2019-12,0.20409121208066422,47.0,0.8245614035087719,0.21129178939210258,0.20409121208066422,-0.007200577311438361,0.9716085235036752,0.868675539507243,높음
11270,B09MQLYPRR,2019-12,0.19931899748594784,96.0,0.9056603773584906,0.19343870704922364,0.19931899748594784,0.005880290436724195,0.9767533046439242,0.9269882555441207,높음
11101,B0737B6HGR,2019-12,0.15335243138614152,113.0,0.9186991869918699,0.15997986511166623,0.15335243138614152,-0.006627433725524712,0.9738385635663139,0.9352409999642031,높음
10929,B09NR62M32,2019-11,0.7863694378134436,13.0,0.5652173913043478,0.7646019752638797,0.7863694378134436,0.021767462549563854,0.9166130677924909,0.6706360942507907,보통
10730,B0028BAAWW,2019-11,0.7691168847591006,11.0,0.5238095238095238,0.7700631207024038,0.7691168847591006,-0.0009462359433032308,0.9962222100979574,0.6655333296960538,보통
10922,B097BBJCX8,2019-11,0.7543208093047473,8.0,0.4444444444444444,0.7467720604736949,0.7543208093047473,0.007548748831052388,0.9702563196555779,0.6021880070077844,보통
10966,B0BVR77MZJ,2019-11,0.7309704171820102,24.0,0.7058823529411765,0.7457351124302443,0.7309704171820102,-0.014764695248234094,0.9426513575457516,0.7769130543225491,높음
10870,B07MG2J742,2019-11,0.7191306928802962,6.0,0.375,0.7200104952178947,0.7191306928802962,-0.0008798023375985453,0.9964869758090807,0.5614460927427242,보통
10850,B07H74MTSV,2019-11,0.6984913277472504,7.0,0.4117647058823529,0.7119439693475008,0.6984913277472504,-0.013452641600250392,0.9476115989759555,0.5725187738104336,보통
10941,B0B5TGFST7,2019-11,0.6874565385575436,13.0,0.5652173913043478,0.6916085463700086,0.6874565385575436,-0.004152007812464942,0.9835291217709056,0.6907109104443151,보통
10785,B01N1YY7EO,2019-11,0.6677227358246988,8.0,0.4444444444444444,0.6813971670948648,0.6677227358246988,-0.013674431270165988,0.9467712899198254,0.5951424980870587,보통
10983,B0C33KRL4C,2019-11,0.6018415595579637,13.0,0.5652173913043478,0.6187614968738904,0.6018415595579637,-0.01691993731592667,0.9345597190960077,0.6760200896418457,보통
11010,B0CFMQLYHG,2019-11,0.5969801343139988,20.0,0.6666666666666666,0.5645509246503965,0.5969801343139988,0.0324292096636023,0.8783441088106593,0.7301698993098644,보통
10877,B07P4MVBVS,2019-11,0.5965295480143062,10.0,0.5,0.602356692605715,0.5965295480143062,-0.005827144591408762,0.9769609682362163,0.6430882904708648,보통
10728,B001TH7GZU,2019-11,0.5899213733543146,15.0,0.6,0.6102888150656379,0.5899213733543146,-0.02036744171132332,0.9217605771627587,0.6965281731488275,보통
10896,B07VRDN8B9,2019-11,0.5835850842318928,14.0,0.5833333333333334,0.5724412950997002,0.5835850842318928,0.011143789132192605,0.9564037174089245,0.6952544485560106,보통
10897,B07WFFXFZB,2019-11,0.5641239230918966,8.0,0.4444444444444444,0.5330705281204879,0.5641239230918966,0.031053394971408688,0.8831911888642185,0.5760684677703767,보통
10836,B07CMDTDMZ,2019-11,0.532297797536701,8.0,0.4444444444444444,0.551124569068851,0.532297797536701,-0.018826771532149955,0.9274586329125074,0.5893487009848632,보통
10769,B01G4S8VDY,2019-11,0.5245331831574226,12.0,0.5454545454545454,0.5354464489959969,0.5245331831574226,-0.010913265838574326,0.9572860174677039,0.669003987058493,보통
10991,B0C5BHXVH1,2019-11,0.5185663457999642,10.0,0.5,0.5265852366001701,0.5185663457999642,-0.008018890800205902,0.9684334013867555,0.6405300204160267,보통
10724,B00009W3I4,2019-11,0.4799568530157712,8.0,0.4444444444444444,0.47296082363482755,0.4799568530157712,0.006996029380943625,0.9724038108590092,0.6028322543688138,보통
10878,B07PGRX339,2019-11,0.4658358050177022,38.0,0.7916666666666666,0.459932911042682,0.4658358050177022,0.005902893975020196,0.9766649963132368,0.8471661655606376,높음
10963,B0BTV3G59T,2019-11,0.4610357855722247,24.0,0.7058823529411765,0.46805850109886427,0.4610357855722247,-0.007022715526639578,0.9723000175597064,0.7858076523267354,높음
10844,B07FYDT939,2019-11,0.4095723156550842,13.0,0.5652173913043478,0.4201526925756882,0.4095723156550842,-0.01058037692060404,0.9585615461241205,0.6832206377502795,보통
10888,B07RZ4MGXR,2019-11,0.392461597758849,22.0,0.6875,0.403599817097833,0.392461597758849,-0.011138219338984012,0.9564250255300069,0.7681775076590021,높음
10967,B0BVZ6NRP6,2019-11,0.3741349514388872,16.0,0.6153846153846154,0.3890406542243767,0.3741349514388872,-0.014905702785489527,0.9421198236747351,0.7134051778716513,보통
10849,B07H1FYLZ3,2019-11,0.3719139098586256,73.0,0.8795180722891566,0.37662915571226063,0.3719139098586256,-0.004715245853635031,0.9813157719288534,0.9100573821810656,높음
10822,B0797GQSS9,2019-11,0.3589790889417242,29.0,0.7435897435897436,0.3695036098273661,0.3589790889417242,-0.010524520885641875,0.9587757358397407,0.8081455412647427,높음
10793,B072YQNJCR,2019-11,0.34255245044163946,15.0,0.6,0.35337773031589337,0.34255245044163946,-0.010825279874253912,0.957622987695036,0.7072868963085108,보통
10757,B014ITW6FK,2019-11,0.3371413482668067,21.0,0.6774193548387096,0.34616262866044706,0.3371413482668067,-0.009021280393640363,0.9645581852770958,0.7635610039702254,높음
10962,B0BTSQRXNZ,2019-11,0.33713896538673904,31.0,0.7560975609756098,0.34708200019931923,0.33713896538673904,-0.009943034812580187,0.9610083902984512,0.8175708097724621,높음
10764,B01CYBRSK2,2019-11,0.3338170481469221,16.0,0.6153846153846154,0.3383294585515765,0.3338170481469221,-0.004512410404654388,0.9821122775050563,0.7254029140207476,보통
10827,B07BFGZQ65,2019-11,0.310687509381966,21.0,0.6774193548387096,0.30800849978366296,0.310687509381966,0.002679009598303028,0.9893411738011538,0.7709959005274428,높음
10756,B013WHR5NW,2019-11,0.30509552660343564,22.0,0.6875,0.32172490960135564,0.30509552660343564,-0.016629382997919995,0.9356465119656716,0.7619439535897015,높음
10752,B00ZYDKI1Y,2019-11,0.3001292057232829,41.0,0.803921568627451,0.29826004233745995,0.3001292057232829,0.0018691633858229362,0.9925512271028963,0.8605104661700846,높음
10997,B0C5XCY6CX,2019-11,0.2851934233225145,33.0,0.7674418604651163,0.2885046129290717,0.2851934233225145,-0.0033111896065571855,0.9868425674249028,0.8332620725530522,높음
11009,B0CDGZZPSY,2019-11,0.26961588293305,47.0,0.8245614035087719,0.27537842120031586,0.26961588293305,-0.00576253826726586,0.9772134722894837,0.8703570241429854,높음
10949,B0BCWB19QY,2019-11,0.26759230254423205,11.0,0.5238095238095238,0.2809101489870553,0.26759230254423205,-0.013317846442823245,0.948122670562179,0.6511034678353204,보통
10981,B0C195VN2X,2019-11,0.2572532788901139,22.0,0.6875,0.2561344949701736,0.2572532788901139,0.0011187839199403027,0.9955348628194742,0.7799104588458422,높음
10873,B07NL9T1GL,2019-11,0.2553148993268448,22.0,0.6875,0.26969569695103157,0.2553148993268448,-0.014380797624186759,0.9440999959846663,0.7644799987953999,높음
10761,B01ALBMIEI,2019-11,0.2547183021330639,63.0,0.863013698630137,0.23753766507708543,0.2547183021330639,0.01718063705597847,0.9335856691500858,0.8841852897861217,높음
10797,B073PM5CWW,2019-11,0.2509314072083361,22.0,0.6875,0.26706774473508627,0.2509314072083361,-0.016136337526750144,0.93749359786302,0.762498079358906,높음
10999,B0C7CC35KH,2019-11,0.22476720282516235,60.0,0.8571428571428571,0.22408381167707916,0.22476720282516235,0.00068339114808319,0.9972701681933126,0.8991810504579938,높음
10889,B07SBW92N5,2019-11,0.21628215795736042,24.0,0.7058823529411765,0.22323563498603766,0.21628215795736042,-0.006953477028677241,0.9725693372237013,0.785888448225934,높음
10912,B08PNT3BLH,2019-11,0.18380216844047878,21.0,0.6774193548387096,0.17993063835262196,0.18380216844047878,0.003871530087856817,0.9846331730193059,0.7695835002928885,높음
10795,B0737B6HGR,2019-11,0.1716841901949729,92.0,0.9019607843137255,0.16764013582427653,0.1716841901949729,0.004044054370696382,0.9839539148951636,0.9265587234881569,높음
10928,B09MQLYPRR,2019-11,0.16475078065316712,54.0,0.84375,0.1679198472011679,0.16475078065316712,-0.003169066548000782,0.9874037392566879,0.8868461217770063,높음
10640,B09NR62M32,2019-10,0.886863815334799,11.0,0.5238095238095238,0.8784592725821578,0.886863815334799,0.008404542752641131,0.9669406401271702,0.6567488587048177,보통
10612,B081JBKY7K,2019-10,0.8865047429448223,6.0,0.375,0.8777634062737621,0.8865047429448223,0.00874133667106014,0.9656388782667366,0.5521916634800209,보통
10589,B07PY8GNN4,2019-10,0.8677415288007055,5.0,0.3333333333333333,0.8580189214931642,0.8677415288007055,0.009722607307541375,0.9618560946854386,0.5218901617389649,보통
10655,B0B5TGFST7,2019-10,0.7882484700604034,9.0,0.47368421052631576,0.7947884289228466,0.7882484700604034,-0.006539958862443185,0.9741793687666593,0.6238327579984189,보통
10723,B0CFMQLYHG,2019-10,0.760265884594871,22.0,0.6875,0.7378633082451841,0.760265884594871,0.022402576349686898,0.9142874087247148,0.7555362226174144,높음
10720,B0C86NF3DH,2019-10,0.7461939876137229,7.0,0.4117647058823529,0.72712133997652,0.7461939876137229,0.019072647637202955,0.9265469216569892,0.5661993706147438,보통
10711,B0C5XCY6CX,2019-10,0.70886989231668,15.0,0.6,0.7289364316586147,0.70886989231668,-0.020066539341934697,0.9228706848635273,0.6968612054590582,보통
10464,B01A4JYDFY,2019-10,0.6895268766360286,7.0,0.4117647058823529,0.7056278623864819,0.6895268766360286,-0.016100985750453267,0.9376261754923141,0.5695231467653412,보통
10682,B0BVR77MZJ,2019-10,0.6761531107259092,28.0,0.7368421052631579,0.6920369296075081,0.6761531107259092,-0.015883818881598843,0.9384410147159915,0.7973217780990078,높음
10449,B00WA6TGDE,2019-10,0.6415228711199633,9.0,0.47368421052631576,0.6541250909066395,0.6415228711199633,-0.012602219786676194,0.9508405661287609,0.6168311172070493,보통
10528,B0797GQSS9,2019-10,0.6393742321867575,19.0,0.6551724137931034,0.6466595735531133,0.6393742321867575,-0.007285341366355835,0.9712791494320162,0.7500044344847772,높음
10706,B0C5BHXVH1,2019-10,0.6292998716285882,13.0,0.5652173913043478,0.6441973317256148,0.6292998716285882,-0.014897460097026527,0.9421508865876217,0.6782974398893299,보통
10480,B01G4WRZTQ,2019-10,0.623798890531439,6.0,0.375,0.6528790290012496,0.623798890531439,-0.029080138469810612,0.8901898237556842,0.5295569471267052,보통
10579,B07MG2J742,2019-10,0.6177979454975553,13.0,0.5652173913043478,0.6334131434936059,0.6177979454975553,-0.0156151979960506,0.9394498960577575,0.6774871427303706,보통
10460,B014ITW6FK,2019-10,0.6132138688017231,15.0,0.6,0.6279233273735284,0.6132138688017231,-0.014709458571805278,0.9428596562684503,0.702857896880535,보통
10474,B01FF4ASTS,2019-10,0.5948852461386768,11.0,0.5238095238095238,0.6063070555912482,0.5948852461386768,-0.01142180945257143,0.9553407099221405,0.6532688796433088,보통
10664,B0BCWB19QY,2019-10,0.5326498672531471,10.0,0.5,0.545540616825982,0.5326498672531471,-0.01289074957283487,0.9497438158398874,0.6349231447519662,보통
10558,B07H74MTSV,2019-10,0.5013353274618765,21.0,0.6774193548387096,0.5248105275135715,0.5013353274618765,-0.02347520005169501,0.9103730665815648,0.7473054683615661,보통
10477,B01G4S8VDY,2019-10,0.4965308757247309,10.0,0.5,0.5042948004001802,0.4965308757247309,-0.00776392467544923,0.9694215760489779,0.6408264728146933,보통
10585,B07P4MVBVS,2019-10,0.4945324229682169,11.0,0.5238095238095238,0.497551422843816,0.4945324229682169,-0.00301899987559906,0.9879966227568627,0.6630656534937254,보통
10454,B00ZYDKI1Y,2019-10,0.4900070102200734,31.0,0.7560975609756098,0.5027978945289622,0.4900070102200734,-0.01279088430888875,0.950123277292278,0.8143052758706102,높음
10713,B0C7CC35KH,2019-10,0.47085349686874883,25.0,0.7142857142857143,0.47850465295276084,0.47085349686874883,-0.007651156084012012,0.969858955909543,0.7909576867728629,높음
10551,B07FYDT939,2019-10,0.46648294941628743,12.0,0.5454545454545454,0.4840846891173775,0.46648294941628743,-0.01760173970109008,0.9320144512307533,0.6614225171874077,보통
10534,B07BFGZQ65,2019-10,0.46406418412854955,14.0,0.5833333333333334,0.4687635221561679,0.46406418412854955,-0.004699338027618349,0.9813782163178104,0.7027467982286764,보통
10425,B001TH7GZU,2019-10,0.4455782077545565,22.0,0.6875,0.4513710949230101,0.4455782077545565,-0.005792887168453609,0.9770948500692981,0.7743784550207894,높음
10541,B07CMDTDMZ,2019-10,0.43416507271973287,14.0,0.5833333333333334,0.4591830163718639,0.43416507271973287,-0.025017943652131003,0.9047724760151241,0.6797650761378706,보통
10543,B07CTC362N,2019-10,0.4273595082139568,12.0,0.5454545454545454,0.4373730159665655,0.4273595082139568,-0.01001350775260873,0.9607375281305257,0.6700394402573395,보통
10582,B07NL9T1GL,2019-10,0.42493937738663573,21.0,0.6774193548387096,0.41897441986333583,0.42493937738663573,0.005964957523299896,0.9764225652261417,0.7671203179549392,높음
10696,B0C195VN2X,2019-10,0.41910248949011786,16.0,0.6153846153846154,0.4315655237604203,0.41910248949011786,-0.012463034270302431,0.9513700864589475,0.7161802567069151,보통
10597,B07RZ4MGXR,2019-10,0.4086666342720776,21.0,0.6774193548387096,0.4228410979408225,0.4086666342720776,-0.014174463668744863,0.9448795171698127,0.7576574035380406,높음
10459,B013WHR5NW,2019-10,0.4046660608724404,16.0,0.6153846153846154,0.42193769437930057,0.4046660608724404,-0.017271633506860173,0.9332459190559956,0.7107430064860294,보통
10499,B072YQNJCR,2019-10,0.39994033213675456,16.0,0.6153846153846154,0.4172817059116513,0.39994033213675456,-0.01734137377489675,0.9329856160827259,0.7106649155940485,보통
10470,B01CYBRSK2,2019-10,0.3786142366045174,13.0,0.5652173913043478,0.3794387057641582,0.3786142366045174,-0.0008244691596408504,0.9967075553835778,0.6946644405281168,보통
10466,B01ALBMIEI,2019-10,0.37354582568702377,52.0,0.8387096774193549,0.3544344529962936,0.37354582568702377,0.019111372690730155,0.9264034104556875,0.8650177973302546,높음
10421,B00009W3I4,2019-10,0.3728397691598573,12.0,0.5454545454545454,0.36472887074392174,0.3728397691598573,0.008110898415935541,0.9680770539711117,0.6722412980095153,보통
10624,B08PNT3BLH,2019-10,0.33966558456702334,11.0,0.5238095238095238,0.33669024634155187,0.33966558456702334,0.002975338225471469,0.9881691880768775,0.6631174230897299,보통
10678,B0BTSQRXNZ,2019-10,0.33018049494311746,18.0,0.6428571428571429,0.3423379823819717,0.33018049494311746,-0.012157487438854253,0.9525335497609806,0.7357600649282942,보통
10606,B07VRDN8B9,2019-10,0.32960167428860526,15.0,0.6,0.3159648039069535,0.32960167428860526,0.013636870381651789,0.9469135468896307,0.7040740640668892,보통
10679,B0BTV3G59T,2019-10,0.3221558656307879,21.0,0.6774193548387096,0.32807984911124677,0.3221558656307879,-0.005923983480458861,0.9765826102612418,0.7671683314654693,높음
10608,B07WFFXFZB,2019-10,0.3085890735004851,13.0,0.5652173913043478,0.2882162744866224,0.3085890735004851,0.020372799013862686,0.9217408247732756,0.672174421345026,보통
10634,B097BBJCX8,2019-10,0.28640213157716937,16.0,0.6153846153846154,0.2933427753763929,0.28640213157716937,-0.006940643799223545,0.9726192633269735,0.7225550097673228,보통
10598,B07SBW92N5,2019-10,0.27732590229961507,24.0,0.7058823529411765,0.29184898040789614,0.27732590229961507,-0.014523078108281073,0.9435628408347061,0.7771864993092354,높음
10722,B0CDGZZPSY,2019-10,0.19970528496249332,35.0,0.7777777777777778,0.2018121127814743,0.19970528496249332,-0.002106827818980972,0.9916080989708725,0.8419268741357062,높음
10586,B07PGRX339,2019-10,0.19907499267317216,50.0,0.8333333333333334,0.1970818379659344,0.19907499267317216,0.0019931547072377653,0.9920590782044875,0.8809510567946797,높음
10639,B09MQLYPRR,2019-10,0.17545283176197687,66.0,0.868421052631579,0.17791971273582846,0.17545283176197687,-0.0024668809738515873,0.9901810003825272,0.9049490369568634,높음
10501,B0737B6HGR,2019-10,0.16824414586447997,76.0,0.8837209302325582,0.16172917204737028,0.16824414586447997,0.006514973817109693,0.9742767332946589,0.9108876711511883,높음
10300,B081JBKY7K,2019-09,0.881483309756683,9.0,0.47368421052631576,0.8712891671533317,0.881483309756683,0.010194142603351275,0.9600436081329988,0.6195920298083206,보통
10212,B07817ST8Q,2019-09,0.7953922273099242,6.0,0.375,0.7877965304947541,0.7953922273099242,0.007595696815170139,0.9700741304498038,0.553522239134941,보통
10248,B07FYDT939,2019-09,0.7810376717505715,6.0,0.375,0.7932778841846279,0.7810376717505715,-0.012240212434056374,0.9522184085706278,0.5481655225711883,보통
10348,B0B5TGFST7,2019-09,0.769817842514725,11.0,0.5238095238095238,0.7799658037041297,0.769817842514725,-0.010147961189404753,0.9602209691991597,0.6547329574264145,보통
10195,B0742D5HSG,2019-09,0.7483464776331021,8.0,0.4444444444444444,0.7614510706914063,0.7483464776331021,-0.013104593058304137,0.9489317770762699,0.595790644233992,보통
10132,B00WA6TGDE,2019-09,0.7458939883163888,10.0,0.5,0.7602320098982482,0.7458939883163888,-0.014338021581859484,0.9442615492510487,0.6332784647753146,보통
10255,B07GXHC382,2019-09,0.7196181923959502,12.0,0.5454545454545454,0.7196486077718929,0.7196181923959502,-3.0415375942727252e-05,0.9998783458966897,0.6817816855871887,보통
10189,B072YQNJCR,2019-09,0.7190731752819435,7.0,0.4117647058823529,0.7367650441051108,0.7190731752819435,-0.01769186882316731,0.9316785052144202,0.5677388456819731,보통
10417,B0C86NF3DH,2019-09,0.7094289676409207,6.0,0.375,0.6855710979497486,0.7094289676409207,0.023857869691172096,0.9089806439964163,0.5351941931989248,보통
10377,B0BVR77MZJ,2019-09,0.7083890246268483,28.0,0.7368421052631579,0.7242530363834959,0.7083890246268483,-0.015864011756647645,0.9385153689351905,0.7973440843647677,높음
10296,B07WFFXFZB,2019-09,0.6904090931856134,9.0,0.47368421052631576,0.6723855566138941,0.6904090931856134,0.01802353657171929,0.9304432939063023,0.6107119355403117,보통
10402,B0C5BHXVH1,2019-09,0.6563619982771928,24.0,0.7058823529411765,0.6657605139047226,0.6563619982771928,-0.009398515627529802,0.9631038214970791,0.7830487935079473,높음
10283,B07P4MVBVS,2019-09,0.6553578617906319,9.0,0.47368421052631576,0.6590643948349363,0.6553578617906319,-0.00370653304430435,0.9852832337620383,0.6271639174970325,보통
10143,B013WHR5NW,2019-09,0.6334108733894033,13.0,0.5652173913043478,0.6498654397321417,0.6334108733894033,-0.016454566342738453,0.9363010071469356,0.6765424760571241,보통
10323,B092T5Y46X,2019-09,0.6300511053300408,9.0,0.47368421052631576,0.6563442844785639,0.6300511053300408,-0.026293179148523027,0.9001690350291741,0.6016296578771733,보통
10224,B0797GQSS9,2019-09,0.6029968919588803,29.0,0.7435897435897436,0.6182716782876223,0.6029968919588803,-0.015274786328742018,0.9407299661834692,0.8027318103678613,높음
10293,B07SBW92N5,2019-09,0.5925143207911088,16.0,0.6153846153846154,0.6055697780109884,0.5925143207911088,-0.013055457219879663,0.9491183016396482,0.7155047212611252,보통
10420,B0CFMQLYHG,2019-09,0.5825157815843034,34.0,0.7727272727272727,0.543836456560315,0.5825157815843034,0.03867932502398841,0.8566573201973603,0.7979062869682989,높음
10280,B07NL9T1GL,2019-09,0.5786004255128423,16.0,0.6153846153846154,0.5889613944226814,0.5786004255128423,-0.010360968909839063,0.9594031797205289,0.7185901846853895,보통
10181,B01N1YY7EO,2019-09,0.5596932265656431,21.0,0.6774193548387096,0.5724220030228845,0.5596932265656431,-0.012728776457241353,0.9503593470768493,0.7593013525101515,높음
10336,B09TWWTX37,2019-09,0.5407804830451775,9.0,0.47368421052631576,0.5373652403851537,0.5407804830451775,0.0034152426600237984,0.986431916959975,0.6275085224564135,보통
10314,B08PNT3BLH,2019-09,0.5257476027494017,16.0,0.6153846153846154,0.5218661335600261,0.5257476027494017,0.003881469189375597,0.9845940283211756,0.7261474392655834,보통
10162,B01G4S8VDY,2019-09,0.5206905389542293,14.0,0.5833333333333334,0.5271627299634897,0.5206905389542293,-0.006472191009260331,0.974443476738848,0.7006663763549877,보통
10276,B07MG2J742,2019-09,0.5153223223361457,16.0,0.6153846153846154,0.5179813264301146,0.5153223223361457,-0.0026590040939689086,0.9894203460454345,0.7275953345828612,보통
10257,B07H74MTSV,2019-09,0.5129508532697661,28.0,0.7368421052631579,0.5291532612172519,0.5129508532697661,-0.016202407947485842,0.9372458682138748,0.7969632341483729,높음
10138,B00ZYDKI1Y,2019-09,0.5049040181938033,36.0,0.782608695652174,0.5001748938234378,0.5049040181938033,0.004729124370365434,0.9812612966115065,0.8422044759399736,높음
10096,B00009W3I4,2019-09,0.4956771343898611,10.0,0.5,0.4951423586984647,0.4956771343898611,0.0005347756913964274,0.9978631834842702,0.649358955045281,보통
10378,B0BVZ6NRP6,2019-09,0.4842788860848415,8.0,0.4444444444444444,0.4919705458088562,0.4842788860848415,-0.007691659724014699,0.9697018373656184,0.6020216623207966,보통
10331,B09NR62M32,2019-09,0.4825630274211848,27.0,0.7297297297297297,0.4543884166414664,0.4825630274211848,0.02817461077971839,0.8934200364575595,0.7788368217480787,높음
10144,B014ITW6FK,2019-09,0.47224968209397045,24.0,0.7058823529411765,0.4882315163793848,0.47224968209397045,-0.01598183428541433,0.9380731601314771,0.7755395950982666,높음
10149,B01A4JYDFY,2019-09,0.4652396449366902,14.0,0.5833333333333334,0.4686574214231084,0.4652396449366902,-0.0034177764864182225,0.9864219192217302,0.7042599090998524,보통
10232,B07BFGZQ65,2019-09,0.46370207786080325,18.0,0.6428571428571429,0.4800387077964101,0.46370207786080325,-0.01633662993560686,0.9367428072544834,0.7310228421763451,보통
10357,B0BCWB19QY,2019-09,0.4420510838254396,14.0,0.5833333333333334,0.45113578437568946,0.4420510838254396,-0.009084700550249847,0.9643135265863159,0.6976273913092281,보통
10292,B07RZ4MGXR,2019-09,0.4247753274983565,20.0,0.6666666666666666,0.4437916888371537,0.4247753274983565,-0.019016361338797194,0.9267555527283267,0.7446933324851646,보통
10100,B001TH7GZU,2019-09,0.4143403689364443,22.0,0.6875,0.43213050616442966,0.4143403689364443,-0.017790137227985336,0.9313123589383128,0.7606437076814938,높음
10419,B0CDGZZPSY,2019-09,0.39887773166039237,11.0,0.5238095238095238,0.4124568183684013,0.39887773166039237,-0.013579086708008947,0.9471324367586236,0.6508063976942537,보통
10165,B01G4WRZTQ,2019-09,0.38580909898946764,18.0,0.6428571428571429,0.4000712312649689,0.38580909898946764,-0.014262132275501271,0.944548230176854,0.7333644690530562,보통
10407,B0C5XCY6CX,2019-09,0.38536793238706546,33.0,0.7674418604651163,0.4064733920652116,0.38536793238706546,-0.021105459678146143,0.9190434861916722,0.8129223481830831,높음
10324,B097BBJCX8,2019-09,0.3661695894568985,12.0,0.5454545454545454,0.3722429981085477,0.3661695894568985,-0.006073408651649237,0.975999080571782,0.6746179059897164,보통
10409,B0C7CC35KH,2019-09,0.34281838593761604,36.0,0.782608695652174,0.3438423367853479,0.34281838593761604,-0.0010239508477318804,0.9959125729719004,0.8465998588480919,높음
10374,B0BTV3G59T,2019-09,0.32917737465216534,19.0,0.6551724137931034,0.3387244477798785,0.32917737465216534,-0.009547073127713135,0.9625316863193036,0.7473801955509635,보통
10241,B07CMDTDMZ,2019-09,0.32713501059049943,19.0,0.6551724137931034,0.3412090035617487,0.32713501059049943,-0.014073992971249283,0.9452593243002327,0.7421984869452423,보통
10156,B01CYBRSK2,2019-09,0.26123658710655584,22.0,0.6875,0.2638100752687532,0.26123658710655584,-0.0025734881621973793,0.989758848748105,0.7781776546244314,높음
10373,B0BTSQRXNZ,2019-09,0.23302385854797175,12.0,0.5454545454545454,0.24372215326804023,0.23302385854797175,-0.010698294720068474,0.9581095268620533,0.6692510398767977,보통
10284,B07PGRX339,2019-09,0.23157021667688563,29.0,0.7435897435897436,0.22658501373034032,0.23157021667688563,0.0049852029465453085,0.9802566912323876,0.8145898278825368,높음
10394,B0C195VN2X,2019-09,0.22605092841375285,28.0,0.7368421052631579,0.23633444771787274,0.22605092841375285,-0.010283519304119887,0.9597004473566542,0.8036996078912066,높음
10330,B09MQLYPRR,2019-09,0.21698583914117628,60.0,0.8571428571428571,0.22318471915559657,0.21698583914117628,-0.006198880014420288,0.9755093637341289,0.8926528091202386,높음
10151,B01ALBMIEI,2019-09,0.21000198516510038,88.0,0.8979591836734694,0.19644355903652772,0.21000198516510038,0.013558426128572665,0.9472107132128381,0.91273464253528,높음
10190,B0737B6HGR,2019-09,0.16549373745658447,93.0,0.9029126213592233,0.1652441613409537,0.16549373745658447,0.0002495761156307563,0.999002193677598,0.9317394930547357,높음
9948,B07MG2J742,2019-08,0.8350435702540622,9.0,0.47368421052631576,0.8417215916155081,0.8350435702540622,-0.006678021361445907,0.9736415267394419,0.6236714053902537,보통
9852,B0742D5HSG,2019-08,0.7782901513362888,9.0,0.47368421052631576,0.7937496671141345,0.7782901513362888,-0.015459515777845767,0.9400351008256411,0.6135894776161134,보통
9985,B08PNT3BLH,2019-08,0.7607656172696378,13.0,0.5652173913043478,0.7526985449374672,0.7607656172696378,0.008067072332170522,0.9682467769514974,0.6861262069984926,보통
9949,B07MKLWGBD,2019-08,0.7553277490870105,8.0,0.4444444444444444,0.7511094637608278,0.7553277490870105,0.004218285326182736,0.9832684128712679,0.6060916349724914,보통
9868,B07817ST8Q,2019-08,0.7157315073267839,11.0,0.5238095238095238,0.6933342230629947,0.7157315073267839,0.022397284263789174,0.9143067628795706,0.6409586955305377,보통
10048,B0BVZ6NRP6,2019-08,0.7018785979201885,6.0,0.375,0.7099346791049198,0.7018785979201885,-0.008056081184731334,0.968289346459598,0.5529868039378794,보통
9969,B07WFFXFZB,2019-08,0.7007222686886674,11.0,0.5238095238095238,0.682160765867382,0.7007222686886674,0.018561502821285436,0.9284432582244325,0.6451996441339964,보통
9800,B01A4JYDFY,2019-08,0.6913511979623403,9.0,0.47368421052631576,0.7029446747453174,0.6913511979623403,-0.011593476782977064,0.9546849319420176,0.6179844269510263,보통
10047,B0BVR77MZJ,2019-08,0.6466821042231543,31.0,0.7560975609756098,0.6517180356078934,0.6466821042231543,-0.005035931384739123,0.9800578038476618,0.8232856338372253,높음
10043,B0BTSQRXNZ,2019-08,0.6349811930399615,7.0,0.4117647058823529,0.6422164022112042,0.6349811930399615,-0.007235209171242762,0.9714739383850733,0.5796774756331691,보통
9816,B01G4WRZTQ,2019-08,0.6246116412509767,8.0,0.4444444444444444,0.6353412554375285,0.6246116412509767,-0.010729614186551828,0.9579895044634296,0.5985079624501399,보통
9811,B01G4S8VDY,2019-08,0.6127791559116578,13.0,0.5652173913043478,0.625352503404174,0.6127791559116578,-0.012573347492516262,0.9509503842641397,0.6809372891922854,보통
9919,B07GXHC382,2019-08,0.6119839417709648,16.0,0.6153846153846154,0.6053888833638701,0.6119839417709648,0.006595058407094734,0.9739646850669647,0.7229586362893201,보통
9901,B07CMDTDMZ,2019-08,0.602315782729047,12.0,0.5454545454545454,0.6193222013442651,0.602315782729047,-0.017006418615218122,0.9342364872511593,0.6620891279935295,보통
10018,B0B5TGFST7,2019-08,0.5870002807878839,16.0,0.6153846153846154,0.5942677936160314,0.5870002807878839,-0.0072675128281475265,0.9713484178516024,0.7221737561247115,보통
10028,B0BCWB19QY,2019-08,0.576108677122185,13.0,0.5652173913043478,0.5883329012296084,0.576108677122185,-0.012224224107423298,0.9522793080337371,0.6813359663231645,보통
9994,B092T5Y46X,2019-08,0.5698476636939055,9.0,0.47368421052631576,0.5843683796603011,0.5698476636939055,-0.014520715966395592,0.9435717561940563,0.6146504742266379,보통
9793,B013WHR5NW,2019-08,0.5671896185203741,18.0,0.6428571428571429,0.5931289159318617,0.5671896185203741,-0.025939297411487594,0.901444150823611,0.7204332452470833,보통
10044,B0BTV3G59T,2019-08,0.5423490328152935,9.0,0.47368421052631576,0.548023240445713,0.5423490328152935,-0.005674207630419592,0.9775588048461489,0.6248465888222656,보통
9890,B07BFGZQ65,2019-08,0.5315334095006459,19.0,0.6551724137931034,0.5464564123774986,0.5315334095006459,-0.014923002876852776,0.9420546308943445,0.7412370789234757,보통
9912,B07FYDT939,2019-08,0.529299076051647,14.0,0.5833333333333334,0.5509044698889788,0.529299076051647,-0.021605393837331732,0.9172074776401997,0.6834955766253932,보통
9747,B00009W3I4,2019-08,0.5292273385412638,11.0,0.5238095238095238,0.5346734992674892,0.5292273385412638,-0.005446160726225391,0.9784509287129123,0.6602019452805403,보통
9959,B07PY8GNN4,2019-08,0.5169057530744003,21.0,0.6774193548387096,0.4874416025158333,0.5169057530744003,0.029464150558567048,0.8888234987805063,0.7408405980212486,보통
9955,B07P4MVBVS,2019-08,0.5100879568496944,11.0,0.5238095238095238,0.5197114269376732,0.5100879568496944,-0.009623470087978814,0.9622375932772443,0.65533794464984,보통
9965,B07RZ4MGXR,2019-08,0.4953471694259935,19.0,0.6551724137931034,0.5171577184953426,0.4953471694259935,-0.02181054906934915,0.9164551067365425,0.7335572216761351,보통
10090,B0C86NF3DH,2019-08,0.48033752491703885,18.0,0.6428571428571429,0.45747433272452204,0.48033752491703885,0.022863192192516812,0.912604418563244,0.7237813255689732,보통
9966,B07SBW92N5,2019-08,0.4756242658356061,29.0,0.7435897435897436,0.49063880736727133,0.4756242658356061,-0.01501454153166526,0.9417097563822077,0.8030257474274829,높음
9835,B01N1YY7EO,2019-08,0.45653677652001834,31.0,0.7560975609756098,0.46318202779446893,0.45653677652001834,-0.006645251274450592,0.9737691603745239,0.8213990407952839,높음
9782,B00WA6TGDE,2019-08,0.45483119999985916,20.0,0.6666666666666666,0.4733758889698088,0.45483119999985916,-0.018544688969949652,0.9285057031519584,0.7452183776122541,보통
9921,B07H74MTSV,2019-08,0.4507764293913444,26.0,0.7222222222222222,0.46798719542712436,0.4507764293913444,-0.01721076603577998,0.9334731639944779,0.7855975047538989,높음
9845,B072YQNJCR,2019-08,0.4040926753419051,14.0,0.5833333333333334,0.4049785010175757,0.4040926753419051,-0.0008858256756705818,0.9964629673865448,0.7072722235492968,보통
9848,B073PM5CWW,2019-08,0.39747254202492716,10.0,0.5,0.4226070570783401,0.39747254202492716,-0.025134515053412965,0.9043506919771972,0.6213052075931591,보통
10094,B0CDGZZPSY,2019-08,0.39421470755819643,10.0,0.5,0.4072433475317864,0.39421470755819643,-0.013028639973589995,0.9492201180574348,0.6347660354172304,보통
9752,B001TH7GZU,2019-08,0.38213637482184465,19.0,0.6551724137931034,0.39741913672886203,0.38213637482184465,-0.015282761907017384,0.9406999552002564,0.7408306762152492,보통
10003,B09NR62M32,2019-08,0.38160325589752875,23.0,0.696969696969697,0.3483839482074672,0.38160325589752875,0.03321930769006154,0.8755725788904606,0.750550561545926,높음
9952,B07NL9T1GL,2019-08,0.35808274774357657,26.0,0.7222222222222222,0.37162218088322574,0.35808274774357657,-0.01353943313964917,0.9472826773967705,0.7897403587745867,높음
9972,B081JBKY7K,2019-08,0.3522912968362666,27.0,0.7297297297297297,0.3257156803838324,0.3522912968362666,0.02657561645243417,0.8991526440094855,0.7805566040136565,높음
10081,B0C7CC35KH,2019-08,0.33759675722821497,42.0,0.8076923076923077,0.3470537610231902,0.33759675722821497,-0.009457003794975216,0.9628785271418985,0.854248173527185,높음
9794,B014ITW6FK,2019-08,0.33316977149758076,25.0,0.7142857142857143,0.3488535935191341,0.33316977149758076,-0.01568382202155333,0.939192056112904,0.7817576168338711,높음
9805,B01CYBRSK2,2019-08,0.3209889711220349,15.0,0.6,0.3173301140864692,0.3209889711220349,0.003658857035565677,0.9854711491678335,0.71564134475035,보통
9881,B0797GQSS9,2019-08,0.30740233368604725,39.0,0.7959183673469388,0.31210697609190274,0.30740233368604725,-0.004704642405855497,0.9813573941336965,0.851550075382966,높음
10078,B0C5XCY6CX,2019-08,0.2945330385115821,31.0,0.7560975609756098,0.30552730766637426,0.2945330385115821,-0.01099426915479218,0.9569758943444845,0.8163610609862721,높음
10063,B0C195VN2X,2019-08,0.2633377536681765,21.0,0.6774193548387096,0.27608931829839506,0.2633377536681765,-0.012751564630218537,0.9502727232121418,0.7592753653507393,높음
10095,B0CFMQLYHG,2019-08,0.2605922449602548,62.0,0.8611111111111112,0.23472946764402378,0.2605922449602548,0.025862777316231017,0.9017201074230651,0.8732938100046972,높음
9801,B01ALBMIEI,2019-08,0.2404410794570178,70.0,0.875,0.22682725988765726,0.2404410794570178,0.01361381956936053,0.9470008594205199,0.8966002578261558,높음
9788,B00ZYDKI1Y,2019-08,0.2352723948824339,54.0,0.84375,0.24602658399736393,0.2352723948824339,-0.010754189114930035,0.9578953389978875,0.8779936016993661,높음
10073,B0C5BHXVH1,2019-08,0.21937070105514261,59.0,0.855072463768116,0.23568340929863948,0.21937070105514261,-0.01631270824349687,0.9368324454350945,0.8796004582682094,높음
9957,B07PGRX339,2019-08,0.21325180678672956,24.0,0.7058823529411765,0.22196703225248454,0.21325180678672956,-0.008715225465754983,0.9657397395138665,0.7838395689129836,높음
10002,B09MQLYPRR,2019-08,0.18144350972747691,62.0,0.8611111111111112,0.18343040876515695,0.18144350972747691,-0.00198689903768004,0.9920839024901712,0.900402948524829,높음
9846,B0737B6HGR,2019-08,0.16251960430945953,96.0,0.9056603773584906,0.15895803349274878,0.16251960430945953,0.0035615708167107407,0.9858547148418739,0.9297186786035055,높음
9559,B07BFGZQ65,2019-07,0.7897736697259448,12.0,0.5454545454545454,0.8027350335066845,0.7897736697259448,-0.012961363780739754,0.9494755920934131,0.6666608594462058,보통
9527,B075M3WDST,2019-07,0.7729225582405269,8.0,0.4444444444444444,0.7799123487055649,0.7729225582405269,-0.006989790465038004,0.97242807814422,0.6028395345543771,보통
9645,B08MZTRS5G,2019-07,0.7232507339815615,11.0,0.5238095238095238,0.7173088931147121,0.7232507339815615,0.005941840866849346,0.976512855900478,0.65962052343681,보통
9656,B09883GQK6,2019-07,0.7046836874900887,12.0,0.5454545454545454,0.7135610433311531,0.7046836874900887,-0.008877355841064416,0.9651136395697737,0.6713522736891139,보통
9594,B07HJH4MW5,2019-07,0.6780032911137763,15.0,0.6,0.6589868535996155,0.6780032911137763,0.019016437514160822,0.9267552703446048,0.6980265811033814,보통
9536,B07817ST8Q,2019-07,0.5583754879619555,14.0,0.5833333333333334,0.5341411790311977,0.5583754879619555,0.02423430893075773,0.9076129700174363,0.6806172243385642,보통
9623,B07PY8GNN4,2019-07,0.5464800604159907,17.0,0.6296296296296297,0.5209088492933582,0.5464800604159907,0.025571211122632498,0.9027723653070961,0.7115724503328695,보통
9700,B0BVR77MZJ,2019-07,0.5457801188293838,21.0,0.6774193548387096,0.5629319235858605,0.5457801188293838,-0.017151804756476707,0.9336933450455478,0.754301551900761,높음
9697,B0BTV3G59T,2019-07,0.533304906547138,14.0,0.5833333333333334,0.5533871337264008,0.533304906547138,-0.02008222717926278,0.9228127752997819,0.6851771659232679,보통
9616,B07MKLWGBD,2019-07,0.5273147357631652,12.0,0.5454545454545454,0.5336403125899308,0.5273147357631652,-0.0063255768267656,0.9750151132774295,0.6743227158014107,보통
9646,B08PNT3BLH,2019-07,0.5263100514768205,34.0,0.7727272727272727,0.5261216112135304,0.5263100514768205,0.00018844026329012387,0.9992465229533399,0.8406830477950928,높음
9505,B01N1YY7EO,2019-07,0.51756982242967,19.0,0.6551724137931034,0.5329171900788485,0.51756982242967,-0.015347367649178545,0.9404568881336389,0.7407577560952641,보통
9485,B01G4WRZTQ,2019-07,0.5115445130028298,14.0,0.5833333333333334,0.5145352652826666,0.5115445130028298,-0.002990752279836806,0.9881082631807475,0.7047658122875575,보통
9522,B0742D5HSG,2019-07,0.49855288365000444,17.0,0.6296296296296297,0.5160624025254589,0.49855288365000444,-0.017509518875454433,0.9323583192192211,0.720448236506507,보통
9589,B07GXHC382,2019-07,0.49559987106403,23.0,0.696969696969697,0.47899597850941256,0.49559987106403,0.016603892554617417,0.9357419170068806,0.768601362980852,높음
9696,B0BTSQRXNZ,2019-07,0.49237186787024606,18.0,0.6428571428571429,0.5011185797875419,0.49237186787024606,-0.008746711917295868,0.9656181163029568,0.739685434890887,보통
9481,B01G4S8VDY,2019-07,0.4729566498430668,16.0,0.6153846153846154,0.4858366070015561,0.4729566498430668,-0.01287995715848933,0.9497848168400113,0.7157046758212342,보통
9420,B00009W3I4,2019-07,0.45838721298509494,9.0,0.47368421052631576,0.4603069464316043,0.45838721298509494,-0.001919733446509364,0.9923504739046277,0.6292840895398093,보통
9591,B07H74MTSV,2019-07,0.4354129337203997,28.0,0.7368421052631579,0.4591528815730387,0.4354129337203997,-0.023739947852639,0.9094094998063204,0.7886123236261066,높음
9582,B07FYDT939,2019-07,0.43477834807107024,19.0,0.6551724137931034,0.4501705442841157,0.43477834807107024,-0.01539219621304544,0.9402882659255786,0.740707169432846,보통
9621,B07P4MVBVS,2019-07,0.4104608456026009,18.0,0.6428571428571429,0.42317535888521746,0.4104608456026009,-0.01271451328261658,0.9504135691888881,0.7351240707566664,보통
9454,B00WA6TGDE,2019-07,0.3929660077674608,20.0,0.6666666666666666,0.41067373719626277,0.3929660077674608,-0.017707729428801944,0.9316193991479581,0.746152486411054,보통
9518,B073PM5CWW,2019-07,0.3832332760866851,12.0,0.5454545454545454,0.40323222102306844,0.3832332760866851,-0.019998944936383323,0.9231202421807405,0.6587542544724039,보통
9471,B01A4JYDFY,2019-07,0.37877897921170056,15.0,0.6,0.39286314757275337,0.37877897921170056,-0.014084168361052807,0.9452208515548277,0.7035662554664484,보통
9476,B01CYBRSK2,2019-07,0.3622354064289911,16.0,0.6153846153846154,0.3611037252523805,0.3622354064289911,0.0011316811766106105,0.9954835054696234,0.7294142824101177,보통
9515,B072YQNJCR,2019-07,0.3352104342433782,15.0,0.6,0.3518127534441003,0.3352104342433782,-0.016602319200722082,0.9357478060381722,0.7007243418114517,보통
9570,B07CMDTDMZ,2019-07,0.3285136440347666,21.0,0.6774193548387096,0.34741127487267226,0.3285136440347666,-0.018897630837905632,0.9271957938640709,0.7523522865463179,높음
9628,B07SBW92N5,2019-07,0.3170564285551565,36.0,0.782608695652174,0.33806111113424486,0.3170564285551565,-0.021004682579088385,0.9194140350181113,0.8236502974619551,높음
9615,B07MG2J742,2019-07,0.31574130631880865,18.0,0.6428571428571429,0.32422876711277954,0.31574130631880865,-0.008487460793970891,0.9666199860102864,0.7399859958030859,보통
9663,B09NR62M32,2019-07,0.30941961693266956,21.0,0.6774193548387096,0.29038922882217105,0.30941961693266956,0.01903038811049851,0.9267035566327708,0.752204615376928,높음
9627,B07RZ4MGXR,2019-07,0.30421806376813554,24.0,0.7058823529411765,0.3094063856175543,0.30421806376813554,-0.005188321849418753,0.9794605800320187,0.7879558210684292,높음
9731,B0C6CLBBQ1,2019-07,0.29827694654400316,18.0,0.6428571428571429,0.3022630009768302,0.29827694654400316,-0.003986054432827013,0.9841822184410436,0.7452546655323131,보통
9701,B0BVZ6NRP6,2019-07,0.29649066395768986,20.0,0.6666666666666666,0.3055158228285727,0.29649066395768986,-0.009025158870882843,0.9645432213252882,0.7560296330642531,높음
9619,B07NL9T1GL,2019-07,0.2912058484021766,29.0,0.7435897435897436,0.29349839586810733,0.2912058484021766,-0.0022925474659307166,0.9908717280976013,0.8177743389421009,높음
9732,B0C7CC35KH,2019-07,0.2878138050889555,48.0,0.8275862068965517,0.3000660369901725,0.2878138050889555,-0.012252231901216992,0.9521726290395615,0.8649621335394546,높음
9465,B014ITW6FK,2019-07,0.28495305095630324,26.0,0.7222222222222222,0.28750359873887066,0.28495305095630324,-0.002550547782567414,0.9898496746901341,0.8025104579625957,높음
9460,B00ZYDKI1Y,2019-07,0.27699104297563915,53.0,0.8412698412698413,0.2815027577348336,0.27699104297563915,-0.0045117147591944295,0.9821150103166465,0.8835233919838829,높음
9728,B0C5XCY6CX,2019-07,0.272607667989687,27.0,0.7297297297297297,0.28462174351374875,0.272607667989687,-0.012014075524061751,0.9530801251579419,0.7967348483581933,높음
9716,B0C195VN2X,2019-07,0.27236413229803486,19.0,0.6551724137931034,0.28534959035893886,0.27236413229803486,-0.01298545806090401,0.9493840887791969,0.7434359162889315,보통
9655,B092T5Y46X,2019-07,0.26804477668380505,20.0,0.6666666666666666,0.2664088593144949,0.26804477668380505,0.0016359173693101803,0.9934776937046069,0.7647099747780487,높음
9745,B0CDGZZPSY,2019-07,0.26296179674608006,23.0,0.696969696969697,0.27397746791887534,0.26296179674608006,-0.011015671172795283,0.9568939729898219,0.7749469797757345,높음
9464,B013WHR5NW,2019-07,0.2487543275318496,29.0,0.7435897435897436,0.26790042273302556,0.2487543275318496,-0.019146095201175967,0.9262747511822539,0.7983952458674968,높음
9630,B07WFFXFZB,2019-07,0.24168496265885706,28.0,0.7368421052631579,0.22389667285122844,0.24168496265885706,0.017788289807628616,0.9313192410653827,0.7951852460038252,높음
9550,B0797GQSS9,2019-07,0.22830302136676417,39.0,0.7959183673469388,0.23601515802342843,0.22830302136676417,-0.007712136656664259,0.9696224145414789,0.8480295815053007,높음
9724,B0C5BHXVH1,2019-07,0.22676200927451223,38.0,0.7916666666666666,0.23337279738576908,0.22676200927451223,-0.006610788111256843,0.9739034062893371,0.8463376885534677,높음
9425,B001TH7GZU,2019-07,0.2263826613827789,24.0,0.7058823529411765,0.2337854854829221,0.2263826613827789,-0.007402824100143202,0.9708228225424911,0.7853644938215709,높음
9633,B081JBKY7K,2019-07,0.21488061814861367,35.0,0.7777777777777778,0.19507227536223606,0.21488061814861367,0.01980834278637761,0.9238243053500379,0.8215917360494558,높음
9684,B0BCWB19QY,2019-07,0.20324323985991305,28.0,0.7368421052631579,0.20940823736987013,0.20324323985991305,-0.006164997509957082,0.9756415834952823,0.8084819487327952,높음
9472,B01ALBMIEI,2019-07,0.20139183605168487,83.0,0.8924731182795699,0.19089115225178918,0.20139183605168487,0.010500683799895688,0.9588671578758476,0.9123913301584532,높음
9746,B0CFMQLYHG,2019-07,0.19681060557617536,110.0,0.9166666666666666,0.17606681160256882,0.19681060557617536,0.02074379397360654,0.9203739943977475,0.9177788649859908,높음
9662,B09MQLYPRR,2019-07,0.15786277914708727,78.0,0.8863636363636364,0.1531736897355502,0.15786277914708727,0.004689089411537062,0.9814184482167256,0.9148800799195631,높음
9516,B0737B6HGR,2019-07,0.15445969859149034,129.0,0.9280575539568345,0.15231975819709603,0.15445969859149034,0.002139940394394302,0.9914767688765893,0.947083318432761,높음
9306,B07M9CVX8K,2019-06,0.8653685823390617,5.0,0.3333333333333333,0.8649628438230124,0.8653685823390617,0.0004057385160493032,0.9983783622135676,0.5328468419974036,보통
9294,B07HJH4MW5,2019-06,0.7613785031851972,9.0,0.47368421052631576,0.7439917470404449,0.7613785031851972,0.01738675614475227,0.932816267060915,0.6114238274866955,보통
9290,B07GXHC382,2019-06,0.7386572875872858,8.0,0.4444444444444444,0.7476284776096928,0.7386572875872858,-0.008971190022406983,0.9647514649496572,0.6005365505960083,보통
9346,B09NR62M32,2019-06,0.661954843685561,10.0,0.5,0.6426929933777986,0.661954843685561,0.019261850307762396,0.9258459663277818,0.6277537898983345,보통
9193,B01E9H4SZM,2019-06,0.6122927511378004,10.0,0.5,0.6329595147927924,0.6122927511378004,-0.020666763654992093,0.9206576248999311,0.6261972874699793,보통
9146,B00009W3I4,2019-06,0.5720121665598208,11.0,0.5238095238095238,0.5714027979079571,0.5720121665598208,0.0006093686518636732,0.9975654936216255,0.6659363147531543,보통
9277,B07CMDTDMZ,2019-06,0.5491341570453253,15.0,0.6,0.5684970477813046,0.5491341570453253,-0.0193628907359793,0.9254718504429302,0.6976415551328791,보통
9251,B07817ST8Q,2019-06,0.5340588927288664,15.0,0.6,0.5121205500523917,0.5340588927288664,0.021938342676474765,0.9159867580352464,0.6947960274105739,보통
9159,B0081E9HRY,2019-06,0.5204269841168162,10.0,0.5,0.5384172428061837,0.5204269841168162,-0.017990258689367544,0.9305671548796596,0.6291701464638979,보통
9330,B08PNT3BLH,2019-06,0.4945203466299128,29.0,0.7435897435897436,0.4800472639540043,0.4945203466299128,0.014473082675908466,0.943751555032566,0.8036382870225903,높음
9198,B01G4S8VDY,2019-06,0.4874292260611814,19.0,0.6551724137931034,0.5061908449136604,0.4874292260611814,-0.01876161885247901,0.9277003700716594,0.7369308006766702,보통
9173,B00WA6TGDE,2019-06,0.48677760319027125,12.0,0.5454545454545454,0.5054683802505968,0.48677760319027125,-0.01869077706032557,0.927963287148123,0.6602071679626187,보통
9151,B001TH7GZU,2019-06,0.4626310838400765,12.0,0.5454545454545454,0.47102060366970694,0.4626310838400765,-0.008389519829630432,0.9669987469721922,0.6719178059098394,보통
9219,B01N1YY7EO,2019-06,0.4622987746022093,17.0,0.6296296296296297,0.4821642210098814,0.4622987746022093,-0.01986544640767207,0.9236133145945263,0.7178247351190986,보통
9228,B072YQNJCR,2019-06,0.45690923327789545,13.0,0.5652173913043478,0.48096405215336,0.45690923327789545,-0.024054818875464568,0.9082648340043341,0.6681316241143436,보통
9372,B0BTSQRXNZ,2019-06,0.4222975593352868,15.0,0.6,0.4377872062089088,0.4222975593352868,-0.015489646873622032,0.9399218105022773,0.7019765431506831,보통
9186,B01A4JYDFY,2019-06,0.41374156537530166,13.0,0.5652173913043478,0.42964404787666255,0.41374156537530166,-0.015902482501360893,0.9383709585059579,0.6771634614648308,보통
9316,B07SBW92N5,2019-06,0.39063607690039015,38.0,0.7916666666666666,0.4048676577492213,0.39063607690039015,-0.014231580848831138,0.9446636664141564,0.8375657665909135,높음
9291,B07H74MTSV,2019-06,0.37969628439464925,25.0,0.7142857142857143,0.39323607301989477,0.37969628439464925,-0.013539788625245519,0.9472813304163382,0.7841843991249015,높음
9362,B0BCWB19QY,2019-06,0.3671485024929827,24.0,0.7058823529411765,0.3966531131359888,0.3671485024929827,-0.02950461064300608,0.8886796629247937,0.7607215459362617,높음
9373,B0BTV3G59T,2019-06,0.3564679847767117,12.0,0.5454545454545454,0.3663102335640248,0.3564679847767117,-0.009842248787313101,0.9613958932665968,0.6702369497981608,보통
9377,B0BVZ6NRP6,2019-06,0.340900649684716,16.0,0.6153846153846154,0.3586411143195566,0.340900649684716,-0.01774046463484058,0.9314974201222267,0.7102184568058988,보통
9181,B014ITW6FK,2019-06,0.3307656661349752,17.0,0.6296296296296297,0.3297048514743886,0.3307656661349752,0.0010608146605866065,0.9957657312596184,0.7394704601186262,보통
9232,B073PM5CWW,2019-06,0.3285429821144578,12.0,0.5454545454545454,0.3545802052993567,0.3285429821144578,-0.026037223184898872,0.9010911215068366,0.6521455182702327,보통
9180,B013WHR5NW,2019-06,0.3068176388926856,28.0,0.7368421052631579,0.32082457561891997,0.3068176388926856,-0.014006936726234376,0.9455129004698556,0.7994433438251671,높음
9191,B01CYBRSK2,2019-06,0.30289514805802487,17.0,0.6296296296296297,0.31282716249919623,0.30289514805802487,-0.009932014441171366,0.961050753909722,0.7290559669136574,보통
9407,B0C7CC35KH,2019-06,0.2994566244225942,38.0,0.7916666666666666,0.31340900766414237,0.2994566244225942,-0.013952383241548183,0.9457192470770353,0.8378824407897771,높음
9263,B0797GQSS9,2019-06,0.2861057257041708,20.0,0.6666666666666666,0.3090834316981384,0.2861057257041708,-0.02297770599396759,0.9121864910827185,0.7403226139914822,보통
9404,B0C5XCY6CX,2019-06,0.2851621695988273,30.0,0.75,0.2988383785549051,0.2851621695988273,-0.013676208956077796,0.9467645576958259,0.8090293673087476,높음
9177,B00ZYDKI1Y,2019-06,0.2798229379461429,42.0,0.8076923076923077,0.28461431725988523,0.2798229379461429,-0.00479137931374235,0.9810169735675696,0.8596897074548862,높음
9315,B07RZ4MGXR,2019-06,0.279069127625822,25.0,0.7142857142857143,0.2876255452560064,0.279069127625822,-0.008556417630184443,0.9663534025532559,0.7899060207659767,높음
9396,B0C195VN2X,2019-06,0.2684585918048942,14.0,0.5833333333333334,0.2821181271812764,0.2684585918048942,-0.013659535376382204,0.9468277036187625,0.6923816444189621,보통
9418,B0CDGZZPSY,2019-06,0.2603192524680155,17.0,0.6296296296296297,0.2759359994349609,0.2603192524680155,-0.015616746966945372,0.9394440753536054,0.7225739633468223,보통
9187,B01ALBMIEI,2019-06,0.24717616593389716,73.0,0.8795180722891566,0.22852747995364453,0.24717616593389716,0.018648685980252627,0.9281195362092339,0.8940985114651797,높음
9310,B07NL9T1GL,2019-06,0.237115651814347,28.0,0.7368421052631579,0.24824054171628354,0.237115651814347,-0.011124889901936552,0.9564760213181588,0.8027322800796581,높음
9345,B09MQLYPRR,2019-06,0.22374348089514381,46.0,0.8214285714285714,0.22251386991305672,0.22374348089514381,0.0012296109820870982,0.995093631810929,0.8735280895432787,높음
9401,B0C5BHXVH1,2019-06,0.21915457343599185,30.0,0.75,0.2295617057919519,0.21915457343599185,-0.010407132355960053,0.9592260386479357,0.8127678115943806,높음
9419,B0CFMQLYHG,2019-06,0.17661030430808344,94.0,0.9038461538461539,0.15678036073537263,0.17661030430808344,0.019829943572710812,0.9237444874726282,0.909815653934096,높음
9230,B0737B6HGR,2019-06,0.16947000437807547,114.0,0.9193548387096774,0.16691435379362088,0.16947000437807547,0.0025556505844545885,0.9898294708691749,0.9404972283575266,높음
9019,B07GXBTH82,2019-05,0.8458186436536498,8.0,0.4444444444444444,0.8396797913080215,0.8458186436536498,0.006138852345628276,0.9757436220689258,0.6038341977317888,보통
9033,B07M9CVX8K,2019-05,0.7565051084788214,11.0,0.5238095238095238,0.7558849554181234,0.7565051084788214,0.0006201530606979588,0.9975224619332861,0.6659234052466525,보통
9020,B07GXHC382,2019-05,0.7225347612185575,11.0,0.5238095238095238,0.7296496587739888,0.7225347612185575,-0.0071148975554312655,0.9719415692958926,0.6582491374554345,보통
8957,B0744GRXFK,2019-05,0.6713238492906817,8.0,0.4444444444444444,0.6727665989167132,0.6713238492906817,-0.0014427496260315253,0.9942456217206074,0.6093847976272933,보통
9106,B0BW9R4245,2019-05,0.6630319933058156,13.0,0.5652173913043478,0.6831358419544088,0.6630319933058156,-0.02010384864859316,0.9227329684784378,0.6724720644565747,보통
9022,B07H74MTSV,2019-05,0.6566604297826385,12.0,0.5454545454545454,0.6693754800551084,0.6566604297826385,-0.012715050272469886,0.9504115277413082,0.6669416401405742,보통
8906,B013WHR5NW,2019-05,0.5789646682807431,9.0,0.47368421052631576,0.593400677712289,0.5789646682807431,-0.014436009431545882,0.9438915171380773,0.6147464025098441,보통
8969,B0763BMN9T,2019-05,0.57635248916508,7.0,0.4117647058823529,0.585489329187344,0.57635248916508,-0.009136840022264003,0.9641124323644086,0.5774690238269695,보통
9006,B07CTC362N,2019-05,0.5552314213093077,15.0,0.6,0.5627509041045868,0.5552314213093077,-0.007519482795279142,0.9703699085286813,0.7111109725586044,보통
8871,B00009W3I4,2019-05,0.5356382246805796,13.0,0.5652173913043478,0.5460481146145252,0.5356382246805796,-0.010409889933945538,0.9592154581438598,0.6834168113562014,보통
9097,B0BTV3G59T,2019-05,0.5293059950947882,14.0,0.5833333333333334,0.5393891822586231,0.5293059950947882,-0.010083187163834939,0.960469790942586,0.6964742706161091,보통
8953,B073PM5CWW,2019-05,0.5290034263870904,13.0,0.5652173913043478,0.547664626928687,0.5290034263870904,-0.01866120054159659,0.9280730773365867,0.6740740971140194,보통
8899,B00WA6TGDE,2019-05,0.5059773898461214,9.0,0.47368421052631576,0.5284914728898148,0.5059773898461214,-0.0225140830436934,0.9138797029900365,0.605742858265432,보통
8930,B01IILFCRS,2019-05,0.5016820752881201,10.0,0.5,0.4973978234248956,0.5016820752881201,0.004284251863224564,0.9830089958497392,0.6449026987549218,보통
8918,B01E9H4SZM,2019-05,0.4945928171753131,13.0,0.5652173913043478,0.5025960168272509,0.4945928171753131,-0.008003199651937742,0.9684941866226718,0.686200429899845,보통
8949,B072YQNJCR,2019-05,0.4652503992907808,16.0,0.6153846153846154,0.48105716245985647,0.4652503992907808,-0.015806763169075644,0.9387303082613415,0.7123883232476332,보통
9056,B08PNT3BLH,2019-05,0.4474624148283593,24.0,0.7058823529411765,0.4327496897731937,0.4474624148283593,0.014712725055165576,0.9428473370074185,0.776971848161049,높음
9128,B0C5BHXVH1,2019-05,0.44275849667389616,18.0,0.6428571428571429,0.4587802239686452,0.44275849667389616,-0.016021727294749044,0.9379234818286956,0.7313770445486087,보통
8907,B014ITW6FK,2019-05,0.4098482533102792,9.0,0.47368421052631576,0.4215465599545389,0.4098482533102792,-0.011698306644259693,0.9542846979049028,0.6178643567398918,보통
8915,B01CYBRSK2,2019-05,0.40927012235560856,16.0,0.6153846153846154,0.4030306144589671,0.40927012235560856,0.006239507896641461,0.9753508450968891,0.7233744842982974,보통
9037,B07NL9T1GL,2019-05,0.37450420591286426,15.0,0.6,0.38505005198416126,0.37450420591286426,-0.010545846071296994,0.9586939550454979,0.7076081865136494,보통
8910,B01A4JYDFY,2019-05,0.3714584982637511,16.0,0.6153846153846154,0.37928591061513267,0.3714584982637511,-0.007827412351381569,0.9691754220143479,0.7215218573735351,보통
9044,B07SBW92N5,2019-05,0.36155299751400677,27.0,0.7297297297297297,0.3799619561835426,0.36155299751400677,-0.018408958669535846,0.9290099454535895,0.7895137944468876,높음
9134,B0C7CC35KH,2019-05,0.3530423383496152,30.0,0.75,0.3530195035052588,0.3530423383496152,2.2834844356389716e-05,0.9999086647938884,0.8249725994381665,높음
9004,B07CMDTDMZ,2019-05,0.3519954644869463,23.0,0.696969696969697,0.36670613124989926,0.3519954644869463,-0.014710666762952962,0.9428550996606999,0.7707353177769978,높음
9043,B07RZ4MGXR,2019-05,0.34926461666916014,15.0,0.6,0.35424240988932787,0.34926461666916014,-0.0049777932201677255,0.9802857453983996,0.7140857236195199,보통
9087,B0BCWB19QY,2019-05,0.34458032565321484,18.0,0.6428571428571429,0.3587305201530625,0.34458032565321484,-0.014150194499847668,0.9449712473845315,0.7334913742153595,보통
9101,B0BVZ6NRP6,2019-05,0.3186902616908904,14.0,0.5833333333333334,0.33100868742529266,0.3186902616908904,-0.012318425734402283,0.9519205505884311,0.6939094985098626,보통
8876,B001TH7GZU,2019-05,0.30247290059103976,13.0,0.5652173913043478,0.32237834920034875,0.30247290059103976,-0.019905448609308984,0.9234655401532678,0.6726918359590237,보통
8940,B01N1YY7EO,2019-05,0.29764488464563976,27.0,0.7297297297297297,0.31316479499420236,0.29764488464563976,-0.015519910348562593,0.9398080361881955,0.7927532216672695,높음
9108,B0BW9SS9PG,2019-05,0.29349493390028664,16.0,0.6153846153846154,0.30245205339773246,0.29349493390028664,-0.00895711949744582,0.9648057647159709,0.7202109601840221,보통
9096,B0BTSQRXNZ,2019-05,0.288150733480477,22.0,0.6875,0.2882221963168102,0.288150733480477,-7.14628363331915e-05,0.9997141895062704,0.7811642568518811,높음
9131,B0C5XCY6CX,2019-05,0.2796950674728594,25.0,0.7142857142857143,0.27778745791967524,0.2796950674728594,0.001907609553184142,0.9923985996767092,0.7977195799030128,높음
8911,B01ALBMIEI,2019-05,0.21784095549870414,69.0,0.8734177215189873,0.20301964797771216,0.21784095549870414,0.014821307520991978,0.9424379191700508,0.8941237808143063,높음
9145,B0CFMQLYHG,2019-05,0.20422552747719122,70.0,0.875,0.17887720729093715,0.20422552747719122,0.025348320186254075,0.9035776033256282,0.8835732809976884,높음
9071,B09MQLYPRR,2019-05,0.19884141724992707,38.0,0.7916666666666666,0.19539370264221168,0.19884141724992707,0.0034477146077153964,0.986303799818146,0.8500578066121104,높음
8903,B00ZYDKI1Y,2019-05,0.18972309743061885,36.0,0.782608695652174,0.1886111887475484,0.18972309743061885,0.001111908683070456,0.9955622413479165,0.8464947593608967,높음
8952,B0737B6HGR,2019-05,0.18576650156136798,95.0,0.9047619047619048,0.1845311875583166,0.18576650156136798,0.0012353140030513798,0.9950709319104715,0.9318546129064748,높음
8673,B01IILFCRS,2019-04,0.7879286893806229,8.0,0.4444444444444444,0.7940128214783254,0.7879286893806229,-0.006084132097702533,0.9759572171756737,0.6038982762638132,보통
8750,B07GXBTH82,2019-04,0.775792002367004,13.0,0.5652173913043478,0.7665093297805206,0.775792002367004,0.00928267258648341,0.9635502004109763,0.6847172340363363,보통
8769,B07RZ4MGXR,2019-04,0.7172840787929997,7.0,0.4117647058823529,0.7243810629897948,0.7172840787929997,-0.007096984196795053,0.9720112147426475,0.5798386585404413,보통
8797,B09GPXGW3M,2019-04,0.7126469108048537,7.0,0.4117647058823529,0.7211963469151191,0.7126469108048537,-0.008549436110265485,0.9663803893921872,0.5781494109353031,보통
8826,B0BTSQRXNZ,2019-04,0.6905106033755811,11.0,0.5238095238095238,0.7008369425958596,0.6905106033755811,-0.01032633922027848,0.9595360842623111,0.65452749194536,보통
8855,B0C5BHXVH1,2019-04,0.6579344434728546,14.0,0.5833333333333334,0.6737273258276069,0.6579344434728546,-0.01579288235475229,0.9387824310727769,0.6899680626551664,보통
8801,B09TWWTX37,2019-04,0.6521602786752004,6.0,0.375,0.6510907588708557,0.6521602786752004,0.0010695198043447762,0.9957310587279204,0.5612193176183761,보통
8736,B07CMDTDMZ,2019-04,0.644447729638215,13.0,0.5652173913043478,0.6582726490850052,0.644447729638215,-0.013824919446790207,0.9462015498749093,0.6795126388755162,보통
8762,B07NL9T1GL,2019-04,0.6402789947795391,5.0,0.3333333333333333,0.6491070076631185,0.6402789947795391,-0.008828012883579373,0.965304144614462,0.5229245767176719,보통
8793,B092T5Y46X,2019-04,0.6159377311489744,9.0,0.47368421052631576,0.6363829437346513,0.6159377311489744,-0.020445212585676886,0.9214738772547534,0.608021110544847,보통
8680,B01N1YY7EO,2019-04,0.604648244487882,8.0,0.4444444444444444,0.6223409747850285,0.604648244487882,-0.017692730297146464,0.9316752947527949,0.5906136995369495,보통
8659,B01A4JYDFY,2019-04,0.5841165926614262,14.0,0.5833333333333334,0.6018051527299566,0.5841165926614262,-0.017688560068530368,0.9316908360783167,0.6878405841568282,보통
8785,B08RS7H7KY,2019-04,0.5752364252895105,7.0,0.4117647058823529,0.5770370832926023,0.5752364252895105,-0.0018006580030918151,0.9928232447773156,0.5860822675508417,보통
8737,B07CTC362N,2019-04,0.5470107895322273,18.0,0.6428571428571429,0.5639072271664646,0.5470107895322273,-0.016896437634237316,0.9346475706485838,0.7303942711945752,보통
8687,B072YQNJCR,2019-04,0.4964473413768935,15.0,0.6,0.5157145369254441,0.4964473413768935,-0.01926719554855061,0.9258261710609123,0.6977478513182737,보통
8782,B08PNT3BLH,2019-04,0.4641425461089814,23.0,0.696969696969697,0.4680245849416374,0.4641425461089814,-0.0038820388326559763,0.984591784854243,0.7832563233350607,높음
8707,B0763BMN9T,2019-04,0.43994565528758156,13.0,0.5652173913043478,0.44504476380829033,0.43994565528758156,-0.005099108520708773,0.9798101661585324,0.6895952237606031,보통
8666,B01E9H4SZM,2019-04,0.41947894334237645,10.0,0.5,0.4177656778972871,0.41947894334237645,0.0017132654450893736,0.9931703668975824,0.6479511100692747,보통
8648,B00WA6TGDE,2019-04,0.40740951629766686,11.0,0.5238095238095238,0.4285983116396101,0.40740951629766686,-0.021188795341943234,0.9187371808509056,0.6422878209219383,보통
8626,B001TH7GZU,2019-04,0.386247827878502,12.0,0.5454545454545454,0.4080681945299793,0.386247827878502,-0.021820366651477296,0.9164191179500843,0.656743917203207,보통
8770,B07SBW92N5,2019-04,0.38331384980047467,22.0,0.6875,0.38966868941721516,0.38331384980047467,-0.006354839616740493,0.9749009933065685,0.7737202979919705,높음
8870,B0CFMQLYHG,2019-04,0.37660975315082373,33.0,0.7674418604651163,0.3479234145601707,0.37660975315082373,0.02868633859065306,0.8915931553091974,0.8046872489183405,높음
8654,B013WHR5NW,2019-04,0.3684226474009777,17.0,0.6296296296296297,0.3840986920173451,0.3684226474009777,-0.0156760446163674,0.939221274476059,0.7225071230835585,보통
8836,B0BW9SS9PG,2019-04,0.35460986723395016,14.0,0.5833333333333334,0.36708471643640905,0.35460986723395016,-0.012474849202458893,0.9513251260292559,0.6937308711421101,보통
8817,B0BCWB19QY,2019-04,0.35198960570303606,17.0,0.6296296296296297,0.3654401849780135,0.35198960570303606,-0.013450579274977448,0.9476194161415966,0.7250265655832198,보통
8655,B014ITW6FK,2019-04,0.2958331655812888,10.0,0.5,0.29722440513689335,0.2958331655812888,-0.001391239555604551,0.9944504974741977,0.6483351492422593,보통
8830,B0BVZ6NRP6,2019-04,0.2956907347394999,16.0,0.6153846153846154,0.31261584784578333,0.2956907347394999,-0.016925113106283418,0.9345403709555646,0.7111313420559002,보통
8860,B0C7CC35KH,2019-04,0.28146619413574414,32.0,0.7619047619047619,0.28720385945617116,0.28146619413574414,-0.005737665320427021,0.9773107018411603,0.8265265438856813,높음
8857,B0C5XCY6CX,2019-04,0.2663075170513294,23.0,0.696969696969697,0.2792338231114493,0.2663075170513294,-0.012926306060119908,0.949608747229598,0.7727614120476672,높음
8651,B00ZYDKI1Y,2019-04,0.24171233361543676,28.0,0.7368421052631579,0.24800174768037536,0.24171233361543676,-0.006289414064938603,0.9751561604357698,0.8083363218149414,높음
8663,B01CYBRSK2,2019-04,0.2160738029466913,23.0,0.696969696969697,0.2184041397586953,0.2160738029466913,-0.002330336812004008,0.9907219618384351,0.7850953764303183,높음
8660,B01ALBMIEI,2019-04,0.19109659222672454,83.0,0.8924731182795699,0.17879595007037674,0.19109659222672454,0.012300642156347796,0.9519882672105424,0.9103276629588615,높음
8799,B09MQLYPRR,2019-04,0.18610154266497503,44.0,0.8148148148148148,0.17706955183003503,0.18610154266497503,0.009031990834939996,0.9645168627869724,0.859725429206462,높음
8690,B0737B6HGR,2019-04,0.16317597724720342,100.0,0.9090909090909091,0.16291327753154905,0.16317597724720342,0.0002626997156543742,0.9989497530331799,0.9360485622735903,높음
8418,B01KJ95GNW,2019-03,0.8155102665768761,5.0,0.3333333333333333,0.8270915389997292,0.8155102665768761,-0.011581272422853117,0.9547315383544686,0.5197527948396738,보통
8475,B07CTC362N,2019-03,0.7351982886993188,12.0,0.5454545454545454,0.750102635383275,0.7351982886993188,-0.014904346683956238,0.9421249341291454,0.6644556620569254,보통
8474,B07CMDTDMZ,2019-03,0.7166361548310847,17.0,0.6296296296296297,0.7277190930911721,0.7166361548310847,-0.011082938260087438,0.9566365377435717,0.7277317020638122,보통
8539,B09GPXGW3M,2019-03,0.6966012608962361,13.0,0.5652173913043478,0.6971108500906185,0.6966012608962361,-0.000509589194382376,0.9979637192608383,0.6950412896912949,보통
8607,B0C6CLBBQ1,2019-03,0.694713822302655,5.0,0.3333333333333333,0.7029444971172409,0.694713822302655,-0.008230674814585948,0.9676133539280609,0.5236173395117516,보통
8412,B01IILFCRS,2019-03,0.6299977950129685,13.0,0.5652173913043478,0.63262192974546,0.6299977950129685,-0.0026241347324915676,0.98955835749275,0.6925196811608685,보통
8534,B092T5Y46X,2019-03,0.6118262781486022,8.0,0.4444444444444444,0.6319799751245979,0.6118262781486022,-0.020153696975995672,0.922549000039614,0.5878758111229953,보통
8431,B073PM5CWW,2019-03,0.5851617285361506,11.0,0.5238095238095238,0.6046455627095779,0.5851617285361506,-0.01948383417342736,0.9250242397353993,0.6441739385872864,보통
8405,B01E9H4SZM,2019-03,0.5845813454890839,9.0,0.47368421052631576,0.5979778120998366,0.5845813454890839,-0.013396466610752666,0.9478245511867175,0.6159263127244363,보통
8569,B0BTSQRXNZ,2019-03,0.5843666885754879,23.0,0.696969696969697,0.6060336590664226,0.5843666885754879,-0.02166697049093469,0.9169815911914742,0.7629732652362301,높음
8421,B01N1YY7EO,2019-03,0.5701882110374396,11.0,0.5238095238095238,0.5892488159462179,0.5701882110374396,-0.019060604908778367,0.9265915553438039,0.6446441332698079,보통
8395,B01A4JYDFY,2019-03,0.569809013003935,15.0,0.6,0.5814221371946817,0.569809013003935,-0.011613124190746671,0.9546099065535676,0.7063829719660702,보통
8446,B0763BMN9T,2019-03,0.5640108670007222,16.0,0.6153846153846154,0.5841368894331654,0.5640108670007222,-0.020126022432443214,0.9226511301822434,0.7075645698239038,보통
8528,B08RS7H7KY,2019-03,0.5612826514619066,10.0,0.5,0.5594333310352501,0.5612826514619066,0.001849320426656531,0.9926300108433399,0.6477890032530019,보통
8572,B0BVZ6NRP6,2019-03,0.5078972323633694,10.0,0.5,0.5167283175913391,0.5078972323633694,-0.008831085227969715,0.9652922817002614,0.6395876845100783,보통
8619,B0CDGZZPSY,2019-03,0.501099194573495,9.0,0.47368421052631576,0.5197565111413123,0.501099194573495,-0.018657316567817217,0.92808749589458,0.6100051961367949,보통
8601,B0C5BHXVH1,2019-03,0.48437942516044874,27.0,0.7297297297297297,0.49692150006380037,0.48437942516044874,-0.01254207490335163,0.9510693464272264,0.7961316147389788,높음
8488,B07GXBTH82,2019-03,0.476206553531529,21.0,0.6774193548387096,0.46281810529751094,0.476206553531529,0.01338844823401808,0.9478549517315598,0.7585500339065646,높음
8558,B0BCWB19QY,2019-03,0.4688989901200918,9.0,0.47368421052631576,0.49051320169889984,0.4688989901200918,-0.02161421157880805,0.917175127417043,0.606731485593534,보통
8359,B001TH7GZU,2019-03,0.4645632870518651,9.0,0.47368421052631576,0.49289886702946845,0.4645632870518651,-0.02833557997760333,0.8928449691870899,0.5994324381245479,보통
8597,B0C195VN2X,2019-03,0.4139266074244138,11.0,0.5238095238095238,0.42597298412267254,0.4139266074244138,-0.012046376698258754,0.9529569906843036,0.6525537638719577,보통
8513,B07SBW92N5,2019-03,0.39787955125116076,16.0,0.6153846153846154,0.41635812231566804,0.39787955125116076,-0.018478571064507288,0.9287512990362325,0.7093946204801005,보통
8579,B0BW9SS9PG,2019-03,0.38369172037271937,14.0,0.5833333333333334,0.40109739185895127,0.38369172037271937,-0.0174056714862319,0.9327456915779505,0.6881570408067185,보통
8543,B09TWWTX37,2019-03,0.3527675787313182,12.0,0.5454545454545454,0.35409349505075743,0.3527675787313182,-0.0013259163194392354,0.9947103743235176,0.6802312941152371,보통
8383,B00WA6TGDE,2019-03,0.3409200043191393,13.0,0.5652173913043478,0.3466853985505817,0.3409200043191393,-0.0057653942314424,0.9772023088065701,0.6888128665550144,보통
8503,B07NL9T1GL,2019-03,0.2974878649226708,17.0,0.6296296296296297,0.31051409632918586,0.2974878649226708,-0.013026231406515043,0.9492292631427808,0.7255095196835749,보통
8526,B08PNT3BLH,2019-03,0.28259373210697114,24.0,0.7058823529411765,0.2800742835464124,0.28259373210697114,0.0025194485605587458,0.9899728165683621,0.7911094920293322,높음
8387,B00ZYDKI1Y,2019-03,0.27525853524049615,28.0,0.7368421052631579,0.27250543191299736,0.27525853524049615,0.002753103327498785,0.9890480013397264,0.8125038740861283,높음
8605,B0C5XCY6CX,2019-03,0.271043022495283,22.0,0.6875,0.2815899978025379,0.271043022495283,-0.010546975307254902,0.9586896246885313,0.7688568874065593,높음
8512,B07RZ4MGXR,2019-03,0.26010899128997667,22.0,0.6875,0.2690334214807055,0.26010899128997667,-0.00892443019072886,0.964931928290451,0.7707295784871353,높음
8427,B072YQNJCR,2019-03,0.2565763181233548,24.0,0.7058823529411765,0.2643794281556602,0.2565763181233548,-0.007803110032305383,0.9692696394350637,0.7848985388893426,높음
8401,B01CYBRSK2,2019-03,0.25134813617712587,16.0,0.6153846153846154,0.25861250028741156,0.25134813617712587,-0.007264364110285693,0.9713606519370991,0.7221774263503605,보통
8620,B0CFMQLYHG,2019-03,0.2438434679552059,50.0,0.8333333333333334,0.2213206120622862,0.2438434679552059,0.02252285589291969,0.9138476342373273,0.8574876236045316,높음
8608,B0C7CC35KH,2019-03,0.2253700207703681,31.0,0.7560975609756098,0.23397828206510543,0.2253700207703681,-0.008608261294737324,0.9661530261239047,0.8191142005200982,높음
8397,B01ALBMIEI,2019-03,0.19636404449219041,85.0,0.8947368421052632,0.18162229414803646,0.19636404449219041,0.014741750344153953,0.9427378776960036,0.9091371527824852,높음
8541,B09MQLYPRR,2019-03,0.1902375433508426,34.0,0.7727272727272727,0.1954281228057959,0.1902375433508426,-0.005190579454953326,0.9794517351294499,0.8347446114479259,높음
8430,B0737B6HGR,2019-03,0.18781065280956472,126.0,0.9264705882352942,0.18330870645853445,0.18781065280956472,0.004501946351030267,0.9821533858675174,0.9431754275249611,높음
8390,B014ITW6FK,2019-03,0.16863010753689717,17.0,0.6296296296296297,0.17665978649424935,0.16863010753689717,-0.008029678957352182,0.9683916118415469,0.7312582242932048,보통
8131,B0183RU1WI,2019-02,0.8677859839256532,5.0,0.3333333333333333,0.8704261482421551,0.8677859839256532,-0.002640164316501936,0.9894949106915251,0.5301818065407908,보통
8226,B07GXBTH82,2019-02,0.7917445245607154,13.0,0.5652173913043478,0.7788170554272266,0.7917445245607154,0.012927469133488856,0.9496043293812952,0.6805334727274319,보통
8157,B01KJ95GNW,2019-02,0.7292681799928338,13.0,0.5652173913043478,0.7407931411823225,0.7292681799928338,-0.011524961189488758,0.9549466110173994,0.6821361572182632,보통
8214,B07CMDTDMZ,2019-02,0.7171563093770522,18.0,0.6428571428571429,0.7216672800184171,0.7171563093770522,-0.004510970641364853,0.9821179335581565,0.744635380067447,보통
8133,B01A4JYDFY,2019-02,0.700449019953871,15.0,0.6,0.7035621646220471,0.700449019953871,-0.0031131446681761377,0.9876246338544297,0.7162873901563289,보통
8251,B07SBW92N5,2019-02,0.6838273005613508,12.0,0.5454545454545454,0.7004170579545159,0.6838273005613508,-0.01658975739316515,0.9357948259549177,0.662556629604657,보통
8276,B09GPXGW3M,2019-02,0.6798157923100856,11.0,0.5238095238095238,0.6925270271832821,0.6798157923100856,-0.012711234873196475,0.9504260326498015,0.651794476461607,보통
8150,B01IILFCRS,2019-02,0.6369679343620849,13.0,0.5652173913043478,0.6313352823969026,0.6369679343620849,0.005632651965182256,0.9777213107776348,0.6889685671463339,보통
8272,B092T5Y46X,2019-02,0.6148295353707078,16.0,0.6153846153846154,0.6374992938406713,0.6148295353707078,-0.02266975846996344,0.9133108056857899,0.7047624724749677,보통
8305,B0BVZ6NRP6,2019-02,0.6127821985185206,8.0,0.4444444444444444,0.6248515378252943,0.6127821985185206,-0.012069339306773785,0.9528694651907574,0.5969719506683383,보통
8120,B00WA6TGDE,2019-02,0.5966967001310229,8.0,0.4444444444444444,0.6213547033942352,0.5966967001310229,-0.024658003263212214,0.9060760708504011,0.5829339323662314,보통
8351,B0CDGZZPSY,2019-02,0.5807178261416878,9.0,0.47368421052631576,0.5858760508152092,0.5807178261416878,-0.00515822467352145,0.9795785031196269,0.625452498304309,보통
8166,B072YQNJCR,2019-02,0.4870125704335232,21.0,0.6774193548387096,0.5100776334999075,0.4870125704335232,-0.02306506306638434,0.9118678029998407,0.7477538892870489,보통
8266,B08RS7H7KY,2019-02,0.48043502090992685,14.0,0.5833333333333334,0.47590619863653505,0.48043502090992685,0.004528822273391797,0.9820478064301258,0.7029476752623711,보통
8239,B07NL9T1GL,2019-02,0.4603202615381117,9.0,0.47368421052631576,0.4731013358463047,0.4603202615381117,-0.01278107430819303,0.950160560863822,0.6166271156275676,보통
8336,B0C5XCY6CX,2019-02,0.4596432064199962,14.0,0.5833333333333334,0.46842964426636,0.4596432064199962,-0.008786437846363848,0.9654646881862485,0.6979727397892079,보통
8302,B0BTSQRXNZ,2019-02,0.4386710535423394,33.0,0.7674418604651163,0.4560171006986229,0.4386710535423394,-0.017346047156283517,0.9329681754552905,0.8170997549621686,높음
8250,B07RZ4MGXR,2019-02,0.41760929826000587,10.0,0.5,0.4352279047912849,0.41760929826000587,-0.017618606531279057,0.9319515728339653,0.6295854718501896,보통
8352,B0CFMQLYHG,2019-02,0.4100079368576019,39.0,0.7959183673469388,0.37456878423046347,0.4100079368576019,0.035439152627138426,0.86783245208265,0.8174925927676521,높음
8279,B09TWWTX37,2019-02,0.40298529972186975,15.0,0.6,0.392198944399249,0.40298529972186975,0.010786355322620733,0.9577720994846725,0.7073316298454018,보통
8292,B0BCWB19QY,2019-02,0.3905969315823749,14.0,0.5833333333333334,0.40364301552294013,0.3905969315823749,-0.013046083940565223,0.9491538877105352,0.693079499646494,보통
8143,B01E9H4SZM,2019-02,0.3767842834799885,15.0,0.6,0.39367565308240676,0.3767842834799885,-0.01689136960241827,0.9346665181351467,0.700399955440544,보통
8338,B0C6CLBBQ1,2019-02,0.3697260508771573,14.0,0.5833333333333334,0.3748369678184771,0.3697260508771573,-0.005110916941319765,0.9797638872092599,0.7022624994961113,보통
8184,B0763BMN9T,2019-02,0.359077709330358,20.0,0.6666666666666666,0.37008438264580984,0.359077709330358,-0.011006673315451854,0.9569284135914485,0.7537451907441012,높음
8332,B0C5BHXVH1,2019-02,0.2967489910652621,47.0,0.8245614035087719,0.30324034763294355,0.2967489910652621,-0.006491356567681461,0.9743687765886987,0.86950361543275,높음
8160,B01N1YY7EO,2019-02,0.28717502072333934,28.0,0.7368421052631579,0.29569578761585563,0.28717502072333934,-0.008520766892516296,0.9664912172260084,0.805736838852013,높음
8097,B001TH7GZU,2019-02,0.27820332124714364,10.0,0.5,0.29397401909358106,0.27820332124714364,-0.01577069784643742,0.9388657404756705,0.6316597221427012,보통
8139,B01CYBRSK2,2019-02,0.27808716534823247,15.0,0.6,0.2780571752547153,0.27808716534823247,2.9990093517173744e-05,0.9998800468208893,0.7199640140462668,보통
8277,B09MQLYPRR,2019-02,0.25185023191007855,27.0,0.7297297297297297,0.24778026054391472,0.25185023191007855,0.004069971366163827,0.9838519156656721,0.8059663855105124,높음
8339,B0C7CC35KH,2019-02,0.25033134908512483,25.0,0.7142857142857143,0.255148481642464,0.25033134908512483,-0.0048171325573391766,0.9809159212961348,0.7942747763888405,높음
8168,B0737B6HGR,2019-02,0.2343582605252479,98.0,0.9074074074074074,0.23783738476329347,0.2343582605252479,-0.0034791242380455556,0.9861798898512595,0.931039152140563,높음
8135,B01ALBMIEI,2019-02,0.22826938769412344,51.0,0.8360655737704918,0.20948036376406873,0.22826938769412344,0.018789023930054716,0.9275986808429284,0.8635255058922227,높음
8124,B00ZYDKI1Y,2019-02,0.21422660126598708,24.0,0.7058823529411765,0.2225913387827304,0.21422660126598708,-0.008364737516743326,0.9670946095855439,0.7842460299344867,높음
7974,B07GXBTH82,2019-01,0.6924265943355291,14.0,0.5833333333333334,0.6769318889973971,0.6924265943355291,0.01549470533813202,0.9399027924501999,0.6903041710683933,보통
8071,B0C5BHXVH1,2019-01,0.6793747146411411,11.0,0.5238095238095238,0.689672967724192,0.6793747146411411,-0.010298253083050879,0.9596438889663829,0.6545598333565814,보통
7873,B0183RU1WI,2019-01,0.643424862733373,15.0,0.6,0.6441935040133703,0.643424862733373,-0.0007686412799973175,0.9969301565151182,0.7190790469545354,보통
7906,B0714NKFK2,2019-01,0.6391170914644538,10.0,0.5,0.6354861677933612,0.6391170914644538,0.003630923671092634,0.9855812654187032,0.6456743796256109,보통
7995,B07SHKBXP5,2019-01,0.6071926608175525,10.0,0.5,0.6071206235131046,0.6071926608175525,7.20373044479361e-05,0.9997118922932069,0.649913567687962,보통
7844,B0081E9HRY,2019-01,0.5656768822042014,13.0,0.5652173913043478,0.5674691141153418,0.5656768822042014,-0.0017922319111404184,0.9928567078210458,0.6935091862593572,보통
7908,B072YQNJCR,2019-01,0.5140412344739232,21.0,0.6774193548387096,0.5354136234666484,0.5140412344739232,-0.0213723889927252,0.9180627312779693,0.7496123677704876,보통
7876,B01A4JYDFY,2019-01,0.49201196505560557,17.0,0.6296296296296297,0.4994279771698522,0.49201196505560557,-0.0074160121142466395,0.9707716109929577,0.7319722240386279,보통
7960,B07CMDTDMZ,2019-01,0.49041053496697723,26.0,0.7222222222222222,0.5016890623008348,0.49041053496697723,-0.011278527333857535,0.9558883998195314,0.792322075501415,높음
8018,B09GPXGW3M,2019-01,0.4653825693739616,11.0,0.5238095238095238,0.48015865661759977,0.4653825693739616,-0.014776087243638159,0.9426084038046855,0.6494491878080723,보통
8043,B0BTSQRXNZ,2019-01,0.45358915889537066,40.0,0.8,0.4523068998468664,0.45358915889537066,0.001282259048504264,0.9948840948526593,0.8584652284557976,높음
8053,B0BW9SS9PG,2019-01,0.40496630622794794,14.0,0.5833333333333334,0.42751662522553446,0.40496630622794794,-0.022550318997586527,0.9137472513781637,0.6824575087467823,보통
7866,B00ZYDKI1Y,2019-01,0.40331952098604423,21.0,0.6774193548387096,0.41164683443166195,0.40331952098604423,-0.008327313445617712,0.9672393908917026,0.7643653656546074,높음
7848,B00I0WOAI8,2019-01,0.40079019452679987,13.0,0.5652173913043478,0.4142106391886046,0.40079019452679987,-0.013420444661804753,0.9477336476042616,0.6799722681943219,보통
8088,B0CDGZZPSY,2019-01,0.3874168888770878,18.0,0.6428571428571429,0.3923143678950498,0.3874168888770878,-0.004897479017962003,0.9806007194597729,0.7441802158379318,보통
8021,B09TWWTX37,2019-01,0.36701174510655693,10.0,0.5,0.36280067924577425,0.36701174510655693,0.004211065860782681,0.9832968079704035,0.6449890423911211,보통
7994,B07SBW92N5,2019-01,0.3666974752528566,15.0,0.6,0.389181512077563,0.3666974752528566,-0.0224840368247064,0.9139895441092601,0.694196863232778,보통
7878,B01ALBMIEI,2019-01,0.3565607220805342,39.0,0.7959183673469388,0.33392350133483684,0.3565607220805342,0.02263722074569735,0.913429681642187,0.8311717616355132,높음
7885,B01E9H4SZM,2019-01,0.3393222046136336,18.0,0.6428571428571429,0.3502827294432304,0.3393222046136336,-0.010960524829596807,0.9571050730855188,0.7371315219256557,보통
7833,B001TH7GZU,2019-01,0.3295609523211633,14.0,0.5833333333333334,0.34099742903379343,0.3295609523211633,-0.01143647671263015,0.9552846626437281,0.6949187321264518,보통
8047,B0BVZ6NRP6,2019-01,0.32092958504965363,21.0,0.6774193548387096,0.3322505840007817,0.32092958504965363,-0.011320998951128092,0.955726021107813,0.7609113547194406,높음
8019,B09MQLYPRR,2019-01,0.31834205999060855,23.0,0.696969696969697,0.3114208763828842,0.31834205999060855,0.006921183607724368,0.9726949757021705,0.779687280589439,높음
7881,B01CYBRSK2,2019-01,0.3178860875626159,16.0,0.6153846153846154,0.32400007083569027,0.3178860875626159,-0.006113983273074386,0.9758406902525621,0.7235214378449994,보통
7984,B07NL9T1GL,2019-01,0.29780903337039893,14.0,0.5833333333333334,0.30360124171195496,0.29780903337039893,-0.005792208341556027,0.977097503185963,0.7014625842891222,보통
8008,B08RS7H7KY,2019-01,0.2876980765699613,19.0,0.6551724137931034,0.2847205678384353,0.2876980765699613,0.002977508731526024,0.9881606088052978,0.7550688722967618,높음
8077,B0C7CC35KH,2019-01,0.28545887320415264,28.0,0.7368421052631579,0.3000289382901815,0.28545887320415264,-0.014570065086028872,0.943385516834242,0.7988051287344831,높음
7993,B07RZ4MGXR,2019-01,0.26815924047025014,25.0,0.7142857142857143,0.27275872757591213,0.26815924047025014,-0.004599487105661992,0.9817702606833303,0.794531078204999,높음
8014,B092T5Y46X,2019-01,0.25625919752337034,25.0,0.7142857142857143,0.26903918358227297,0.25625919752337034,-0.012779986058902626,0.9501646969190486,0.7850494090757145,높음
8033,B0BCWB19QY,2019-01,0.23254997691115073,18.0,0.6428571428571429,0.24037927539855203,0.23254997691115073,-0.007829298487401298,0.9691681100552391,0.7407504330165717,보통
8089,B0CFMQLYHG,2019-01,0.23158237709439808,63.0,0.863013698630137,0.20551219357443348,0.23158237709439808,0.026070183519964596,0.9009723282767795,0.8744012875241298,높음
7892,B01IILFCRS,2019-01,0.22839884558409027,29.0,0.7435897435897436,0.22195945987241655,0.22839884558409027,0.006439385711673712,0.9745713527616295,0.8128842263413094,높음
8075,B0C5XCY6CX,2019-01,0.2061956581118725,21.0,0.6774193548387096,0.2015767432272864,0.2061956581118725,0.0046189148845861006,0.9816939691854021,0.7687017391427173,높음
7927,B0763BMN9T,2019-01,0.18837534939270792,40.0,0.8,0.19349769352508076,0.18837534939270792,-0.005122344132372836,0.9797191044362461,0.8539157313308738,높음
7910,B0737B6HGR,2019-01,0.18316044077719565,153.0,0.9386503067484663,0.18245839391583255,0.18316044077719565,0.0007020468613631037,0.9971957518246463,0.9562139402713202,높음
7716,B07CMDTDMZ,2018-12,0.6259522711158678,17.0,0.6296296296296297,0.6461805995224699,0.6259522711158678,-0.020228328406602047,0.9222736365364936,0.7174228317016889,보통
7616,B0081E9HRY,2018-12,0.6202499568237179,7.0,0.4117647058823529,0.6410342416820409,0.6202499568237179,-0.020784284858323065,0.9202249394395946,0.5643027759495254,보통
7635,B00ZYDKI1Y,2018-12,0.6148331089527623,16.0,0.6153846153846154,0.6147263968991711,0.6148331089527623,0.00010671205359125135,0.9995732428723735,0.7306412036309429,보통
7734,B07P4MVBVS,2018-12,0.597278254752453,11.0,0.5238095238095238,0.6085981752424129,0.597278254752453,-0.01131992048995989,0.9557301439703105,0.6533857098577598,보통
7642,B01A4JYDFY,2018-12,0.5445987703243785,17.0,0.6296296296296297,0.5662153081557803,0.5445987703243785,-0.021616537831401716,0.9171665931326729,0.7158907186805425,보통
7664,B01N1YY7EO,2018-12,0.5242175253608937,12.0,0.5454545454545454,0.5423921113861374,0.5242175253608937,-0.01817458602524369,0.9298812918992713,0.6607825693879632,보통
7650,B01E9H4SZM,2018-12,0.5039562793066512,15.0,0.6,0.5175311130692818,0.5039562793066512,-0.013574833762630578,0.9471485493057532,0.7041445647917259,보통
7619,B00I0WOAI8,2018-12,0.46360565042429724,10.0,0.5,0.4791338813418787,0.46360565042429724,-0.015528230917581431,0.9397767577581889,0.6319330273274566,보통
7737,B07RZ4MGXR,2018-12,0.45201176126597326,9.0,0.47368421052631576,0.467903858199281,0.45201176126597326,-0.01589209693330773,0.9384099413774655,0.6131019297816607,보통
7761,B09TWWTX37,2018-12,0.44195021062839507,11.0,0.5238095238095238,0.4454328945704185,0.44195021062839507,-0.0034826839420234457,0.9861658479173226,0.6625164210418635,보통
7808,B0C5BHXVH1,2018-12,0.4237012907100114,30.0,0.75,0.43877072810464773,0.4237012907100114,-0.015069437394636342,0.9415029952047254,0.8074508985614175,높음
7792,B0BW9SS9PG,2018-12,0.40414350219733264,14.0,0.5833333333333334,0.42298219168116225,0.40414350219733264,-0.018838689483829607,0.9274144203376747,0.6865576594346358,보통
7731,B07NL9T1GL,2018-12,0.40149557234170274,12.0,0.5454545454545454,0.4093325519758941,0.40149557234170274,-0.007836979634191332,0.9691383332226116,0.6725596817849653,보통
7749,B08RS7H7KY,2018-12,0.3953707839432073,18.0,0.6428571428571429,0.39855640054062763,0.3953707839432073,-0.0031856165974203376,0.987338375097545,0.7462015125292635,보통
7786,B0BVZ6NRP6,2018-12,0.37748489929755596,13.0,0.5652173913043478,0.3908936381381573,0.37748489929755596,-0.013408738840601342,0.9477780246457022,0.6799855813067541,보통
7638,B014ITW6FK,2018-12,0.3565036944497143,10.0,0.5,0.37102192142661733,0.3565036944497143,-0.014518226976903026,0.9435811504015671,0.6330743451204701,보통
7646,B01CYBRSK2,2018-12,0.3028648665983311,13.0,0.5652173913043478,0.30206153588939194,0.3028648665983311,0.0008033307089391761,0.9967918343606755,0.6946897242212461,보통
7782,B0BTSQRXNZ,2018-12,0.2899708579126895,44.0,0.8148148148148148,0.3026823057679479,0.2899708579126895,-0.012711447855258406,0.9504252229553618,0.8554979372569789,높음
7813,B0C7CC35KH,2018-12,0.2782749286512432,25.0,0.7142857142857143,0.28916140476489616,0.2782749286512432,-0.010886476113652954,0.9573886046804884,0.7872165814041465,높음
7758,B09MQLYPRR,2018-12,0.2642453843562103,36.0,0.782608695652174,0.2570956267948711,0.2642453843562103,0.007149757561339232,0.9718060511890448,0.8393679023132351,높음
7755,B092T5Y46X,2018-12,0.24090725906841703,21.0,0.6774193548387096,0.2538226883338183,0.24090725906841703,-0.01291542926540129,0.9496500629259826,0.7590885672648915,높음
7824,B0CFMQLYHG,2018-12,0.24045147243257764,93.0,0.9029126213592233,0.21858560069312044,0.24045147243257764,0.0218658717394572,0.9162523261999362,0.9069145328114372,높음
7690,B0763BMN9T,2018-12,0.23672167556356563,22.0,0.6875,0.24858510166576522,0.23672167556356563,-0.011863426102199592,0.9536546221151998,0.7673463866345599,높음
7644,B01ALBMIEI,2018-12,0.22930286640217093,49.0,0.8305084745762712,0.21461800563320504,0.22930286640217093,0.014684860768965885,0.9429524299361526,0.8642416611842355,높음
7812,B0C5XCY6CX,2018-12,0.21869506330774952,18.0,0.6428571428571429,0.22220769634070509,0.21869506330774952,-0.00351263303295557,0.9860477159107426,0.7458143147732228,보통
7673,B072YQNJCR,2018-12,0.21357755940164339,29.0,0.7435897435897436,0.2265826604206943,0.21357755940164339,-0.013005101019050919,0.9493094968619621,0.8053056695714091,높음
7774,B0BCWB19QY,2018-12,0.20615657287656464,15.0,0.6,0.2134428856710757,0.20615657287656464,-0.007286312794511057,0.9712753753276994,0.7113826125983098,보통
7675,B0737B6HGR,2018-12,0.15164573842469065,119.0,0.9224806201550387,0.15244540715932933,0.15164573842469065,-0.0007996687346386866,0.9968064353719337,0.9447783647201071,높음
7490,B07817ST8Q,2018-11,0.8171915570823948,7.0,0.4117647058823529,0.8016124969574967,0.8171915570823948,0.01557906012489807,0.939585704750387,0.5701110055427632,보통
7446,B01E9H4SZM,2018-11,0.6912021158107408,11.0,0.5238095238095238,0.7172300609800325,0.6912021158107408,-0.026027945169291744,0.9011245634773382,0.6370040357098681,보통
7520,B07NL9T1GL,2018-11,0.6634700086239281,8.0,0.4444444444444444,0.6669842745870904,0.6634700086239281,-0.0035142659631622886,0.9860412753433744,0.6069234937141234,보통
7438,B01A4JYDFY,2018-11,0.6028194909483412,14.0,0.5833333333333334,0.6055586243787442,0.6028194909483412,-0.0027391334304029957,0.9891032704791264,0.7050643144770712,보통
7468,B0714NKFK2,2018-11,0.5794702947536057,13.0,0.5652173913043478,0.5750087900058628,0.5794702947536057,0.004461504747742873,0.9823122781492827,0.6903458573578283,보통
7522,B07P4MVBVS,2018-11,0.5357535761502669,9.0,0.47368421052631576,0.5424050909362975,0.5357535761502669,-0.0066515147860306545,0.9737447638224921,0.6237023765151686,보통
7428,B00ZYDKI1Y,2018-11,0.45721490794883624,32.0,0.7619047619047619,0.47416837664515343,0.45721490794883624,-0.016953468696317198,0.9344343791920809,0.8136636470909575,높음
7410,B0081E9HRY,2018-11,0.43446267851321707,18.0,0.6428571428571429,0.4480507165421458,0.43446267851321707,-0.013588038028928717,0.9470985250201571,0.7341295575060471,보통
7567,B0BVZ6NRP6,2018-11,0.4282096909401433,21.0,0.6774193548387096,0.4365539548414615,0.4282096909401433,-0.008344263901318205,0.967173812521106,0.7643456921434285,높음
7510,B07CMDTDMZ,2018-11,0.4258718701769642,25.0,0.7142857142857143,0.43793029582455506,0.4258718701769642,-0.012058425647590854,0.952911063269081,0.7858733189807243,높음
7431,B013WHR5NW,2018-11,0.38601712662776205,13.0,0.5652173913043478,0.40244620779004703,0.38601712662776205,-0.016429081162284975,0.9363964592125829,0.6765711116768183,보통
7573,B0BW9SS9PG,2018-11,0.3829781798448872,16.0,0.6153846153846154,0.3898665525927469,0.3829781798448872,-0.0068883727478596946,0.9728226439139501,0.7226160239434158,보통
7443,B01CYBRSK2,2018-11,0.3737353829525162,9.0,0.47368421052631576,0.38257728091557613,0.3737353829525162,-0.008841897963059953,0.9652505328042006,0.6211541072096811,보통
7460,B01N1YY7EO,2018-11,0.3642925621939263,13.0,0.5652173913043478,0.37567214567618706,0.3642925621939263,-0.011379583482260758,0.9555020843039516,0.6823027992042289,보통
7440,B01ALBMIEI,2018-11,0.34364601922941396,36.0,0.782608695652174,0.3254261268188863,0.34364601922941396,0.018219892410527683,0.9297127889279369,0.8267399236349027,높음
7432,B014ITW6FK,2018-11,0.3276084784462861,12.0,0.5454545454545454,0.33802660272663165,0.3276084784462861,-0.010418124280345553,0.9591838646147482,0.6695733412026063,보통
7545,B09MQLYPRR,2018-11,0.29138740673757263,26.0,0.7222222222222222,0.286817762296239,0.29138740673757263,0.00456964444133362,0.9818874622397531,0.8001217942274814,높음
7485,B0763BMN9T,2018-11,0.2905995024674736,13.0,0.5652173913043478,0.30462242270169304,0.2905995024674736,-0.014022920234219416,0.9454524519502565,0.6792879094981203,보통
7591,B0C7CC35KH,2018-11,0.27071785602755827,34.0,0.7727272727272727,0.27801974923809725,0.27071785602755827,-0.007301893210538979,0.9712148457161709,0.8322735446239422,높음
7525,B07RZ4MGXR,2018-11,0.25461932097820905,17.0,0.6296296296296297,0.2714926245135837,0.25461932097820905,-0.01687330353537464,0.9347340635675981,0.7211609598110201,보통
7600,B0CFMQLYHG,2018-11,0.2498012581350612,56.0,0.8484848484848485,0.22460397634533893,0.2498012581350612,0.025197281789722276,0.9041236679118511,0.8651764943129492,높음
7587,B0C5BHXVH1,2018-11,0.2376068605192161,38.0,0.7916666666666666,0.25230168657553315,0.2376068605192161,-0.014694826056317056,0.9429148435175854,0.8370411197219422,높음
7564,B0BTSQRXNZ,2018-11,0.23705691889107236,37.0,0.7872340425531915,0.24404617527430691,0.23705691889107236,-0.0069892563832345544,0.9724301555710059,0.8427928764585357,높음
7542,B092T5Y46X,2018-11,0.217679579227852,21.0,0.6774193548387096,0.22158741591313627,0.217679579227852,-0.003907836685284272,0.9844901886812006,0.7695406049914568,높음
7470,B072YQNJCR,2018-11,0.21007103916208691,27.0,0.7297297297297297,0.21458565636417837,0.21007103916208691,-0.004514617202091453,0.9821036082518912,0.8054418932863782,높음
7472,B0737B6HGR,2018-11,0.15958267567487344,66.0,0.868421052631579,0.15445204529550885,0.15958267567487344,0.005130630379364592,0.9796866321964676,0.9018007265010455,높음
7265,B0714NKFK2,2018-10,0.8885415544367424,6.0,0.375,0.8921106525660498,0.8885415544367424,-0.003569098129307391,0.9858250319422872,0.5582475095826861,보통
7286,B07817ST8Q,2018-10,0.7084954799219396,9.0,0.47368421052631576,0.686288680994159,0.7084954799219396,0.022206798927780658,0.9150036764732622,0.6060800503103997,보통
7231,B0194FZSQM,2018-10,0.6133549210462225,13.0,0.5652173913043478,0.5993746551048663,0.6133549210462225,0.013980265941356151,0.9456137761352983,0.6793363067536329,보통
7313,B07NL9T1GL,2018-10,0.58379061991259,10.0,0.5,0.5902477406723249,0.58379061991259,-0.0064571207597349245,0.9745022189347208,0.6423506656804162,보통
7345,B09TWWTX37,2018-10,0.5591893216409607,10.0,0.5,0.5568771281419902,0.5591893216409607,0.002312193498970494,0.9907938643622348,0.6472381593086705,보통
7244,B01E9H4SZM,2018-10,0.5474067791469228,12.0,0.5454545454545454,0.5613208041620186,0.5474067791469228,-0.013914025015095755,0.9458643626616626,0.6655774906166805,보통
7372,B0BW9SS9PG,2018-10,0.5279281264599649,11.0,0.5238095238095238,0.5288615900782082,0.5279281264599649,-0.0009334636182433131,0.9962731076937048,0.665548598974778,보통
7390,B0C5XCY6CX,2018-10,0.5042496604749794,9.0,0.47368421052631576,0.5225170041747765,0.5042496604749794,-0.0182673436997971,0.9295363413918531,0.610439849785977,보통
7225,B013WHR5NW,2018-10,0.4707155234507787,10.0,0.5,0.48566888602833336,0.4707155234507787,-0.01495336257755464,0.9419402358539284,0.6325820707561784,보통
7366,B0BVZ6NRP6,2018-10,0.45762941660976425,18.0,0.6428571428571429,0.4598414260920126,0.45762941660976425,-0.002212009482248367,0.9911909907646583,0.7473572972293975,보통
7386,B0C5BHXVH1,2018-10,0.43729843648054817,22.0,0.6875,0.4610396278170446,0.43729843648054817,-0.023741191336496437,0.9094049764734385,0.7540714929420316,높음
7315,B07P4MVBVS,2018-10,0.43082503554489504,14.0,0.5833333333333334,0.44099311286799586,0.43082503554489504,-0.010168077323100821,0.9601437085739948,0.6963764459055317,보통
7338,B092T5Y46X,2018-10,0.4163259304925736,10.0,0.5,0.4445760384068186,0.4163259304925736,-0.028250107914244982,0.8931502745813822,0.6179450823744146,보통
7363,B0BTSQRXNZ,2018-10,0.370387504955587,15.0,0.6,0.38286094486391525,0.370387504955587,-0.012473439908328277,0.9513304888320371,0.7053991466496111,보통
7226,B014ITW6FK,2018-10,0.36593708758113563,13.0,0.5652173913043478,0.37538918020126105,0.36593708758113563,-0.009452092620125419,0.9628974427869176,0.6845214067491187,보통
7342,B09MQLYPRR,2018-10,0.3615464997074485,28.0,0.7368421052631579,0.352316598953096,0.3615464997074485,0.009229900754352482,0.9637536151170576,0.8049155582193277,높음
7319,B07RZ4MGXR,2018-10,0.3525518458745553,11.0,0.5238095238095238,0.3639846548033601,0.3525518458745553,-0.011432808928804827,0.9552986778570743,0.6532562700237889,보통
7267,B072YQNJCR,2018-10,0.3500545452863304,13.0,0.5652173913043478,0.37079839212742755,0.3500545452863304,-0.020743846841097147,0.9203737997663141,0.6717643138429377,보통
7258,B01N1YY7EO,2018-10,0.33719215103676164,15.0,0.6,0.3540275773056998,0.33719215103676164,-0.016835426268938136,0.9348756949812409,0.7004627084943722,보통
7391,B0C7CC35KH,2018-10,0.25302065644008337,22.0,0.6875,0.25479602984642086,0.25302065644008337,-0.0017753734063374882,0.9929236623968382,0.7791270987190514,높음
7280,B0763BMN9T,2018-10,0.24977294298203614,15.0,0.6,0.2557184983779629,0.24977294298203614,-0.005945555395926755,0.9764983468666758,0.7129495040600027,보통
7239,B01CYBRSK2,2018-10,0.22312307103831408,15.0,0.6,0.22753255168194736,0.22312307103831408,-0.004409480643633279,0.982516715084748,0.7147550145254244,보통
7234,B01ALBMIEI,2018-10,0.22153222454119526,51.0,0.8360655737704918,0.20420039102054757,0.22153222454119526,0.017331833520647683,0.9330212204420234,0.8651522677719512,높음
7398,B0CFMQLYHG,2018-10,0.22106586812342416,73.0,0.8795180722891566,0.20040900098599912,0.22106586812342416,0.02065686713742504,0.9206940708387343,0.8918708718540298,높음
7223,B00ZYDKI1Y,2018-10,0.19386753217827168,40.0,0.8,0.19551143794927284,0.19386753217827168,-0.0016439057710011529,0.993445949016235,0.8580337847048705,높음
7269,B0737B6HGR,2018-10,0.15200372235620513,62.0,0.8611111111111112,0.14879647372680818,0.15200372235620513,0.003207248629396947,0.9872529462523899,0.8989536616534948,높음
7091,B079VRJTM6,2018-09,0.8284604387579841,7.0,0.4117647058823529,0.8172283434225232,0.8284604387579841,0.01123209533546099,0.9560659515417744,0.5750550795801794,보통
7108,B07P4MVBVS,2018-09,0.8094756337259488,8.0,0.4444444444444444,0.8203525341751977,0.8094756337259488,-0.010876900449248939,0.9574252759107172,0.5983386938843263,보통
7055,B0714NKFK2,2018-09,0.7242400894661725,16.0,0.6153846153846154,0.7179924949098524,0.7242400894661725,0.0062475945563200685,0.9753192962857347,0.7233650196549513,보통
7113,B07RZ4MGXR,2018-09,0.7235148338594224,12.0,0.5454545454545454,0.7378328431139496,0.7235148338594224,-0.014318009254527198,0.9443371397613359,0.6651193237465826,보통
7136,B09TWWTX37,2018-09,0.7023845084387772,7.0,0.4117647058823529,0.6955780662081066,0.7023845084387772,0.006806442230670617,0.9731415116104832,0.580177747600792,보통
7164,B0BW9SS9PG,2018-09,0.7000887404601014,6.0,0.375,0.7126253325670833,0.7000887404601014,-0.012536592106981881,0.9510902047341891,0.5478270614202567,보통
7178,B0C2DQMJGQ,2018-09,0.6784361632378861,8.0,0.4444444444444444,0.6479444185749188,0.6784361632378861,0.030491744662967335,0.885177597777643,0.576664390444404,보통
6975,B001TH7GZU,2018-09,0.6401098359023608,7.0,0.4117647058823529,0.6644328044181181,0.6401098359023608,-0.024322968515757326,0.9072911527281359,0.5604226399360878,보통
7073,B0763BMN9T,2018-09,0.6087394352206905,6.0,0.375,0.6286372380963099,0.6087394352206905,-0.019897802875619375,0.9234937828715044,0.5395481348614513,보통
7185,B0C5XCY6CX,2018-09,0.6041150679623235,10.0,0.5,0.6111019674058068,0.6041150679623235,-0.0069868994434832965,0.9724393234513781,0.6417317970354134,보통
7193,B0CDGZZPSY,2018-09,0.5820721802545452,8.0,0.4444444444444444,0.596156917603938,0.5820721802545452,-0.01408473734939275,0.945218700278703,0.5946767211947219,보통
7130,B092T5Y46X,2018-09,0.5696603114514406,14.0,0.5833333333333334,0.5792553970321024,0.5696603114514406,-0.0095950855806618,0.9623468500395541,0.6970373883451996,보통
7048,B01N1YY7EO,2018-09,0.5589260960572566,8.0,0.4444444444444444,0.5851327701768757,0.5589260960572566,-0.026206674119619078,0.9004805655175482,0.5812552807663756,보통
7070,B075M3WDST,2018-09,0.5436003650117328,14.0,0.5833333333333334,0.565779953146379,0.5436003650117328,-0.022179588134646155,0.9151032737964395,0.6828643154722651,보통
7155,B0BTSQRXNZ,2018-09,0.5290505332023165,10.0,0.5,0.5481109764123899,0.5290505332023165,-0.019060443210073386,0.9265921546586159,0.6279776463975848,보통
7181,B0C5BHXVH1,2018-09,0.5258260057782508,18.0,0.6428571428571429,0.53661990871467,0.5258260057782508,-0.010793902936419242,0.9577431843454997,0.7373229553036499,보통
7058,B072JQMVQM,2018-09,0.5004428032625954,6.0,0.375,0.5172522212966728,0.5004428032625954,-0.016809418034077428,0.9349729579069898,0.5429918873720969,보통
7078,B07817ST8Q,2018-09,0.4971567639740232,17.0,0.6296296296296297,0.46473277342598135,0.4971567639740232,0.03242399054804185,0.8783624457196865,0.7042494744566467,보통
7186,B0C7CC35KH,2018-09,0.4969790953135495,21.0,0.6774193548387096,0.5154429958325228,0.4969790953135495,-0.018463900518973342,0.928805801788276,0.7528352889235794,높음
7012,B014ITW6FK,2018-09,0.4587749111174087,11.0,0.5238095238095238,0.46874260689341096,0.4587749111174087,-0.009967695776002261,0.9609135974028504,0.6549407458875218,보통
7106,B07NL9T1GL,2018-09,0.41071959171019756,13.0,0.5652173913043478,0.4102703450081665,0.41071959171019756,0.00044924670203105865,0.9982046268059775,0.6951135619548366,보통
7027,B01CYBRSK2,2018-09,0.39812799845136837,11.0,0.5238095238095238,0.4145796334934236,0.39812799845136837,-0.016451635042055213,0.9363119855304253,0.6475602623257942,보통
7011,B013WHR5NW,2018-09,0.3747967586193258,14.0,0.5833333333333334,0.39625078614312137,0.3747967586193258,-0.02145402752379555,0.917762983051395,0.6836622282487519,보통
7158,B0BVZ6NRP6,2018-09,0.37287296744217385,23.0,0.696969696969697,0.38513227923170984,0.37287296744217385,-0.012259311789535987,0.9521456643178817,0.7735224871741524,높음
7194,B0CFMQLYHG,2018-09,0.3626847228803596,67.0,0.8701298701298701,0.3320962749520239,0.3626847228803596,0.030588447928335705,0.8848352657346202,0.874541488811295,높음
7006,B00WA6TGDE,2018-09,0.3222026347664452,8.0,0.4444444444444444,0.33963110870174656,0.3222026347664452,-0.017428473935301392,0.9326606199131862,0.5909092970850669,보통
7059,B072YQNJCR,2018-09,0.2742495589489967,18.0,0.6428571428571429,0.285788471224378,0.2742495589489967,-0.011538912275381286,0.9548933223355108,0.7364679967006533,보통
7133,B09MQLYPRR,2018-09,0.2532446355958983,31.0,0.7560975609756098,0.25121887692841083,0.2532446355958983,0.0020257586674874983,0.9919297064217312,0.8268472046094462,높음
7009,B00ZYDKI1Y,2018-09,0.20775927916222559,27.0,0.7297297297297297,0.21748129965401808,0.20775927916222559,-0.009722020491792494,0.9618583524173064,0.7993683165360027,높음
7023,B01ALBMIEI,2018-09,0.1813275419672129,58.0,0.8529411764705882,0.1686372325441043,0.1813275419672129,0.012690309423108614,0.9505055883492664,0.8822105000341917,높음
7061,B0737B6HGR,2018-09,0.1673774406024862,56.0,0.8484848484848485,0.16674630122065642,0.1673774406024862,0.000631139381829765,0.9974786264880617,0.8931829818858124,높음
6821,B01N1YY7EO,2018-08,0.7032747681454473,9.0,0.47368421052631576,0.7206692888648494,0.7032747681454473,-0.017394520719402062,0.9327872958246555,0.6114151361158177,보통
6883,B07P4MVBVS,2018-08,0.6976885832936481,8.0,0.4444444444444444,0.7065549996638887,0.6976885832936481,-0.008866416370240549,0.9651558718237712,0.6006578726582423,보통
6788,B0194FZSQM,2018-08,0.6816424693021753,12.0,0.5454545454545454,0.66599239952594,0.6816424693021753,0.015650069776235287,0.9393188640355303,0.6636138410288408,보통
6881,B07NL9T1GL,2018-08,0.6798032558435428,9.0,0.47368421052631576,0.6851147209162084,0.6798032558435428,-0.0053114650726655555,0.978978243103346,0.6252724202994249,보통
6869,B079VRJTM6,2018-08,0.6563840870825891,13.0,0.5652173913043478,0.6380083387216084,0.6563840870825891,0.01837574836098066,0.9291333644787333,0.6743921832566634,보통
6737,B001TH7GZU,2018-08,0.6554130881648705,12.0,0.5454545454545454,0.6747720734310774,0.6554130881648705,-0.01935898526620683,0.925486308165207,0.6594640742677439,보통
6797,B01CYBRSK2,2018-08,0.6346728465984596,11.0,0.5238095238095238,0.6445110164209406,0.6346728465984596,-0.00983816982248098,0.9614115793947163,0.6550901404850815,보통
6754,B00I0WOAI8,2018-08,0.6319264754769892,9.0,0.47368421052631576,0.6509277680806009,0.6319264754769892,-0.01900129260361172,0.9268114145478666,0.609622371732781,보통
6779,B014LOFZTQ,2018-08,0.6029404576787104,10.0,0.5,0.6082714295405544,0.6029404576787104,-0.005330971861843947,0.9789018591946005,0.6436705577583801,보통
6836,B072YQNJCR,2018-08,0.5522012722319608,12.0,0.5454545454545454,0.5748711998992541,0.5522012722319608,-0.022669927667293255,0.9133101875670007,0.6558112380882819,보통
6930,B0BTSQRXNZ,2018-08,0.5274348749808888,8.0,0.4444444444444444,0.5453029967764483,0.5274348749808888,-0.017868121795559522,0.9310218922781487,0.5904176787945556,보통
6857,B07817ST8Q,2018-08,0.5228212073084028,14.0,0.5833333333333334,0.4900745729511994,0.5228212073084028,0.032746634357203375,0.8772295840772716,0.6715022085565148,보통
6834,B072JQMVQM,2018-08,0.5182213189142046,11.0,0.5238095238095238,0.5168214372016059,0.5182213189142046,0.0013998817125987495,0.9944161212790815,0.664991503050391,보통
6940,B0BW9SS9PG,2018-08,0.5095324684097107,19.0,0.6551724137931034,0.515451099120266,0.5095324684097107,-0.005918630710555317,0.976603520173111,0.7516017457071057,높음
6777,B013WHR5NW,2018-08,0.5015768357201615,10.0,0.5,0.5177936707390483,0.5015768357201615,-0.01621683501888671,0.9371917829222309,0.6311575348766693,보통
6735,B000DLB2FI,2018-08,0.49672522790988966,11.0,0.5238095238095238,0.5035530991786494,0.49672522790988966,-0.006827871268759778,0.9730581012392686,0.6585840970384472,보통
6778,B014ITW6FK,2018-08,0.4324084601498918,17.0,0.6296296296296297,0.4370465042234336,0.4324084601498918,-0.004638044073541792,0.9816188560214137,0.7352263975471649,보통
6960,B0C5XCY6CX,2018-08,0.421662279293035,13.0,0.5652173913043478,0.4337777738339394,0.421662279293035,-0.012115494540904381,0.9526935617759366,0.6814602424458244,보통
6962,B0C7CC35KH,2018-08,0.41250770948827326,25.0,0.7142857142857143,0.4189452836755863,0.41250770948827326,-0.006437574187313055,0.9745784146262019,0.7923735243878606,높음
6889,B07RZ4MGXR,2018-08,0.4115143557982278,21.0,0.6774193548387096,0.4340427499590756,0.4115143557982278,-0.022528394160847787,0.9138273899293894,0.7483417653659135,보통
6912,B09TWWTX37,2018-08,0.36807515669160723,16.0,0.6153846153846154,0.36944219688025176,0.36807515669160723,-0.0013670401886445305,0.994546762423272,0.7291332594962123,보통
6971,B0CDGZZPSY,2018-08,0.3561717852262299,10.0,0.5,0.3671618053218902,0.3561717852262299,-0.010990020095660302,0.9569921594713585,0.6370976478414075,보통
6850,B0763BMN9T,2018-08,0.3541705780316742,14.0,0.5833333333333334,0.36377554907648374,0.3541705780316742,-0.009604971044809563,0.9623087978107518,0.6970259726765589,보통
6906,B092T5Y46X,2018-08,0.3358371615463332,20.0,0.6666666666666666,0.35606142336950986,0.3358371615463332,-0.02022426182317666,0.9222886386692442,0.7433532582674398,보통
6830,B0714NKFK2,2018-08,0.29970866490362286,27.0,0.7297297297297297,0.2946543937679593,0.29970866490362286,0.005054271135663535,0.9799859104206528,0.8048065839370067,높음
6775,B00ZYDKI1Y,2018-08,0.29479855019504597,22.0,0.6875,0.3102717277823648,0.29479855019504597,-0.01547317758731881,0.9399837319074569,0.763245119572237,높음
6957,B0C5BHXVH1,2018-08,0.2688775444734308,33.0,0.7674418604651163,0.27306241249349267,0.2688775444734308,-0.004184868020061849,0.9833998543821222,0.832229258640218,높음
6839,B0737B6HGR,2018-08,0.21071243820708657,57.0,0.8507462686567164,0.2114475923105268,0.21071243820708657,-0.0007351541034402165,0.9970637029637708,0.8946414989488327,높음
6933,B0BVZ6NRP6,2018-08,0.20984719365936946,33.0,0.7674418604651163,0.22147823116098658,0.20984719365936946,-0.01163103750161712,0.9545415081080176,0.8235717547579866,높음
6909,B09MQLYPRR,2018-08,0.1953956299895965,39.0,0.7959183673469388,0.1847972523853139,0.1953956299895965,0.010598377604282616,0.9584925295561282,0.8446906160096954,높음
6972,B0CFMQLYHG,2018-08,0.17750300758291152,93.0,0.9029126213592233,0.15781804463557586,0.17750300758291152,0.019684962947335655,0.9242803430488861,0.9093229378661221,높음
6791,B01ALBMIEI,2018-08,0.17376824662000495,65.0,0.8666666666666667,0.15609893384889667,0.17376824662000495,0.01766931277110828,0.9317625689621193,0.8861954373553025,높음
6570,B01E9H4SZM,2018-07,0.7469158241683143,7.0,0.4117647058823529,0.7626920509815193,0.7469158241683143,-0.015776226813205008,0.9388449768753606,0.5698887871802552,보통
6521,B0081E9HRY,2018-07,0.697597753332187,5.0,0.3333333333333333,0.7135036599867691,0.697597753332187,-0.015905906654582136,0.9383581060902142,0.5148407651603976,보통
6707,B0BW9SS9PG,2018-07,0.6761411224142623,8.0,0.4444444444444444,0.6891975497849023,0.6761411224142623,-0.013056427370640056,0.9491146184954263,0.595845496659739,보통
6596,B0714NKFK2,2018-07,0.675638628313264,12.0,0.5454545454545454,0.6760904037701922,0.675638628313264,-0.0004517754569282051,0.9981945299976888,0.6812765408174883,보통
6549,B014LOFZTQ,2018-07,0.643461913042707,15.0,0.6,0.6478988727548661,0.643461913042707,-0.004436959712159183,0.9824087264431447,0.7147226179329433,보통
6547,B013WHR5NW,2018-07,0.6420609542674869,10.0,0.5,0.6655550535226875,0.6420609542674869,-0.02349409925520063,0.9103042478794294,0.6230912743638288,보통
6697,B0BTV3G59T,2018-07,0.6383694945234589,11.0,0.5238095238095238,0.6482306165517729,0.6383694945234589,-0.009861122028314018,0.961323317380552,0.6550636618808322,보통
6600,B072JQMVQM,2018-07,0.6165977773102961,14.0,0.5833333333333334,0.6286093024977464,0.6165977773102961,-0.0120115251874503,0.9530898479080817,0.6942602877057578,보통
6510,B001TH7GZU,2018-07,0.608035609070149,13.0,0.5652173913043478,0.625664664325622,0.608035609070149,-0.01762905525547298,0.9319126228281402,0.6752259607614854,보통
6579,B01IILFCRS,2018-07,0.602829688404412,8.0,0.4444444444444444,0.5976353810009436,0.602829688404412,0.005194307403468379,0.9794371298557794,0.6049422500678449,보통
6645,B07P4MVBVS,2018-07,0.5548123818688382,15.0,0.6,0.5637633184988511,0.5548123818688382,-0.008950936630012896,0.9648296260756,0.7094488878226799,보통
6618,B0763BMN9T,2018-07,0.5485804266031145,10.0,0.5,0.5633342809956184,0.5485804266031145,-0.014753854392503984,0.9426922350215226,0.6328076705064567,보통
6566,B01CYBRSK2,2018-07,0.4889304174091207,15.0,0.6,0.49694060858189915,0.4889304174091207,-0.008010191172778458,0.9684671020122393,0.7105401306036718,보통
6615,B075M3WDST,2018-07,0.4672368725599292,22.0,0.6875,0.47517672434935854,0.4672368725599292,-0.007939851789429353,0.9687396258637585,0.7718718877591275,높음
6723,B0C7CC35KH,2018-07,0.42951792397830474,29.0,0.7435897435897436,0.42380500751870676,0.42951792397830474,0.005712916459597983,0.9774074559363749,0.813735057293733,높음
6601,B072YQNJCR,2018-07,0.4072398967731634,19.0,0.6551724137931034,0.4282222288988655,0.4072398967731634,-0.020982332125702108,0.9194962359746433,0.7344695604475653,보통
6676,B09TWWTX37,2018-07,0.3769340278876683,14.0,0.5833333333333334,0.38103550408945175,0.3769340278876683,-0.004101476201783472,0.9837279391060499,0.7034517150651483,보통
6622,B07817ST8Q,2018-07,0.3652627949339419,15.0,0.6,0.336719016179472,0.3652627949339419,0.02854377875446995,0.8921017217943774,0.6876305165383132,보통
6548,B014ITW6FK,2018-07,0.3559309089287475,16.0,0.6153846153846154,0.3718073485083735,0.3559309089287475,-0.01587643957962598,0.9384687152833364,0.7123098453542317,보통
6689,B0BCWB19QY,2018-07,0.34021601096305426,13.0,0.5652173913043478,0.34990384840559574,0.34021601096305426,-0.00968783744254148,0.9619898784147536,0.6842491374374695,보통
6528,B00I0WOAI8,2018-07,0.3388107879104806,12.0,0.5454545454545454,0.3499321128286581,0.3388107879104806,-0.011121324918177522,0.9564896607013345,0.668765080028582,보통
6721,B0C5XCY6CX,2018-07,0.33286466103463963,20.0,0.6666666666666666,0.342558404059183,0.33286466103463963,-0.009693743024543344,0.9619671542427057,0.7552568129394783,높음
6651,B07RZ4MGXR,2018-07,0.3316740811696976,31.0,0.7560975609756098,0.3332099193821081,0.3316740811696976,-0.0015358382124104897,0.993875478959259,0.8274309363707044,높음
6643,B07NL9T1GL,2018-07,0.32075515563870904,18.0,0.6428571428571429,0.3293180685388382,0.32075515563870904,-0.008562912900129172,0.9663282959745589,0.7398984887923676,보통
6588,B01N1YY7EO,2018-07,0.3123862219907269,21.0,0.6774193548387096,0.31956060937989605,0.3123862219907269,-0.007174387389169146,0.9717103142421918,0.7657066426597543,높음
6508,B000DLB2FI,2018-07,0.3032898232762086,19.0,0.6551724137931034,0.31341233718639266,0.3032898232762086,-0.010122513910184039,0.960318714218232,0.7467163039206419,보통
6545,B00ZYDKI1Y,2018-07,0.30003292488608085,29.0,0.7435897435897436,0.30299280119965766,0.30003292488608085,-0.0029598763135768036,0.9882303059065473,0.8169819122847848,높음
6542,B00WA6TGDE,2018-07,0.2931788074104441,13.0,0.5652173913043478,0.30504803599490005,0.2931788074104441,-0.011869228584455938,0.953632488115971,0.6817419203478348,보통
6718,B0C5BHXVH1,2018-07,0.2878629788931252,26.0,0.7222222222222222,0.29399983546652403,0.2878629788931252,-0.006136856573398852,0.9757514115481137,0.7982809790199896,높음
6731,B0CDGZZPSY,2018-07,0.28406396061208483,18.0,0.6428571428571429,0.2909327255469068,0.28406396061208483,-0.006868764934821969,0.9728989466042517,0.7418696839812755,보통
6732,B0CFMQLYHG,2018-07,0.26973932530912953,71.0,0.8765432098765432,0.24814643275943338,0.26973932530912953,0.021592892549696152,0.9172533438849624,0.8887562500790689,높음
6696,B0BTSQRXNZ,2018-07,0.26277151468722193,20.0,0.6666666666666666,0.26504090634361643,0.26277151468722193,-0.002269391656394504,0.9909635100961511,0.763955719695512,높음
6700,B0BVZ6NRP6,2018-07,0.2542604314755871,30.0,0.75,0.2572381264290846,0.2542604314755871,-0.002977694953497534,0.9881598727367049,0.8214479618210113,높음
6672,B09MQLYPRR,2018-07,0.23670612713324846,31.0,0.7560975609756098,0.23108350550550208,0.23670612713324846,0.005622621627746377,0.9777605390632369,0.8225964544018978,높음
6669,B092T5Y46X,2018-07,0.23534350294763537,24.0,0.7058823529411765,0.23445915325135644,0.23534350294763537,0.0008843496962789299,0.996468850439129,0.7930583021905622,높음
6560,B01ALBMIEI,2018-07,0.20037913767694346,44.0,0.8148148148148148,0.18377742521138657,0.20037913767694346,0.01660171246555689,0.9357500770453268,0.8510953934839683,높음
6604,B0737B6HGR,2018-07,0.19422497282345713,58.0,0.8529411764705882,0.1981388937695018,0.19422497282345713,-0.0039139209460446744,0.9844662293926549,0.8923986923472083,높음
6321,B014LOFZTQ,2018-06,0.7855688202453458,7.0,0.4117647058823529,0.7928512842385977,0.7855688202453458,-0.007282463993251942,0.9712903284263521,0.5796223926455526,보통
6480,B0BW9SS9PG,2018-06,0.7790011032662614,14.0,0.5833333333333334,0.7801174695070998,0.7790011032662614,-0.00111636624083844,0.995544490401359,0.706996680453741,보통
6470,B0BTSQRXNZ,2018-06,0.7675112865966168,9.0,0.47368421052631576,0.7805836813024141,0.7675112865966168,-0.013072394705797241,0.9490540011063789,0.6162951477003347,보통
6372,B0714NKFK2,2018-06,0.7583024060225925,11.0,0.5238095238095238,0.7516439934513461,0.7583024060225925,0.0066584125712463305,0.9737178974641876,0.6587820359059229,보통
6341,B01E9H4SZM,2018-06,0.7186164457532487,8.0,0.4444444444444444,0.7306639504305615,0.7186164457532487,-0.012047504677312859,0.9529526910319037,0.5969969184206821,보통
6421,B07RZ4MGXR,2018-06,0.7122722068531142,15.0,0.6,0.7259367782112661,0.7122722068531142,-0.013664571358151911,0.946808630982644,0.7040425892947932,보통
6399,B07817ST8Q,2018-06,0.679758245774342,9.0,0.47368421052631576,0.6654689393810509,0.679758245774342,0.014289306393291068,0.9444455666970742,0.6149126173775432,보통
6435,B08RS7H7KY,2018-06,0.6620079117136594,10.0,0.5,0.6570531653406105,0.6620079117136594,0.004954746373048824,0.9803761195468421,0.6441128358640527,보통
6319,B013WHR5NW,2018-06,0.62266398789621,10.0,0.5,0.6478248211100058,0.62266398789621,-0.025160833213795808,0.9042554936019621,0.6212766480805886,보통
6377,B072YQNJCR,2018-06,0.6122792613441219,17.0,0.6296296296296297,0.6343607490545734,0.6122792613441219,-0.022081487710451486,0.9154624323364066,0.7153794704416627,보통
6315,B00WA6TGDE,2018-06,0.6037955091560041,7.0,0.4117647058823529,0.618040513609367,0.6037955091560041,-0.014245004453362853,0.9446129446100138,0.5716191775006512,보통
6392,B0763BMN9T,2018-06,0.5878214227892952,12.0,0.5454545454545454,0.6038418995846594,0.5878214227892952,-0.016020476795364225,0.9379281733313771,0.663196633817595,보통
6449,B09TWWTX37,2018-06,0.5454795870479916,13.0,0.5652173913043478,0.5371671860619048,0.5454795870479916,0.008312400986086765,0.9672970882855992,0.6858413003987232,보통
6353,B01IILFCRS,2018-06,0.5348414314924541,10.0,0.5,0.5378523548046468,0.5348414314924541,-0.0030109233121926593,0.9880285417419273,0.6464085625225782,보통
6294,B0081E9HRY,2018-06,0.5210460334941749,17.0,0.6296296296296297,0.5329965909766888,0.5210460334941749,-0.011950557482513946,0.9533223070544313,0.7267374328570702,보통
6415,B07P4MVBVS,2018-06,0.4989857057214563,15.0,0.6,0.51153651670104,0.4989857057214563,-0.01255081097958366,0.9510361125506478,0.7053108337651943,보통
6300,B00I0WOAI8,2018-06,0.4558360861985622,17.0,0.6296296296296297,0.47323880471277374,0.4558360861985622,-0.017402718514211546,0.9327567091307368,0.7205677534799617,보통
6277,B000DLB2FI,2018-06,0.42779253906454545,14.0,0.5833333333333334,0.44733214654007164,0.42779253906454545,-0.01953960747552619,0.9248178961276978,0.6857787021716426,보통
6375,B072JQMVQM,2018-06,0.42500122805754686,17.0,0.6296296296296297,0.4259922495313088,0.42500122805754686,-0.000991021473761955,0.9960437607217987,0.7395538689572803,보통
6471,B0BTV3G59T,2018-06,0.3680497355097984,19.0,0.6551724137931034,0.3844119188874139,0.3680497355097984,-0.01636218337761547,0.9366470641356907,0.7396148088958796,보통
6463,B0BCWB19QY,2018-06,0.334727775750011,14.0,0.5833333333333334,0.34017918212011594,0.334727775750011,-0.005451406370104939,0.9784303985077988,0.701862452885673,보통
6493,B0C5BHXVH1,2018-06,0.32690305382908674,20.0,0.6666666666666666,0.3405098438978975,0.32690305382908674,-0.01360679006881077,0.9470274875671311,0.750774912936806,높음
6337,B01CYBRSK2,2018-06,0.32600944864790954,19.0,0.6551724137931034,0.33406823575679484,0.32600944864790954,-0.008058787108885301,0.9682788660461941,0.7491043494690306,보통
6281,B001TH7GZU,2018-06,0.315967890641666,23.0,0.696969696969697,0.33149127220108715,0.315967890641666,-0.015523381559421123,0.9397949871913468,0.7698172840361919,높음
6497,B0C7CC35KH,2018-06,0.31447739570733013,35.0,0.7777777777777778,0.32279299374034964,0.31447739570733013,-0.008315598033019511,0.9672847183879371,0.8346298599608255,높음
6505,B0CFMQLYHG,2018-06,0.3131494367218586,69.0,0.8734177215189873,0.28016678351398194,0.3131494367218586,0.03298265320787663,0.8764018040093119,0.8743129462660846,높음
6318,B00ZYDKI1Y,2018-06,0.31127623175867397,21.0,0.6774193548387096,0.32444668390590964,0.31127623175867397,-0.013170452147235667,0.9486818268715153,0.7587980964485512,높음
6320,B014ITW6FK,2018-06,0.3012037943609847,16.0,0.6153846153846154,0.3108340885169171,0.3012037943609847,-0.009630294155932362,0.9622113281368203,0.7194326292102768,보통
6440,B092T5Y46X,2018-06,0.2970495180125811,24.0,0.7058823529411765,0.31690970179747247,0.2970495180125811,-0.01986018378489135,0.9236327573130448,0.7712074742527371,높음
6364,B01N1YY7EO,2018-06,0.2822857228912021,20.0,0.6666666666666666,0.2988363226636252,0.2822857228912021,-0.016550599772423125,0.9359414114300433,0.7474490900956796,보통
6330,B01ALBMIEI,2018-06,0.2532326697373767,49.0,0.8305084745762712,0.2315771579362814,0.2532326697373767,0.02165551180109529,0.9170236217852655,0.8564630187389695,높음
6445,B09MQLYPRR,2018-06,0.21396068280064795,44.0,0.8148148148148148,0.2051860358094188,0.21396068280064795,0.008774646991229151,0.9655102238771538,0.8600234375335165,높음
6474,B0BVZ6NRP6,2018-06,0.21020971507353933,34.0,0.7727272727272727,0.21752379042575204,0.21020971507353933,-0.007314075352212707,0.9711675209618295,0.8322593471976397,높음
6380,B0737B6HGR,2018-06,0.19433772464559146,57.0,0.8507462686567164,0.189707696902438,0.19433772464559146,0.004630027743153464,0.9816503324503231,0.8900174877947984,높음
6211,B09GPXGW3M,2018-05,0.8217224343651246,9.0,0.47368421052631576,0.826641088422903,0.8217224343651246,-0.00491865405777836,0.9805176659400316,0.6257342471504306,보통
6091,B0194FZSQM,2018-05,0.8145502258918688,6.0,0.375,0.8078796696941098,0.8145502258918688,0.0066705561977589145,0.9736706007470025,0.5546011802241007,보통
6083,B014LOFZTQ,2018-05,0.8139901046904066,16.0,0.6153846153846154,0.8114214946495427,0.8139901046904066,0.002568610040863839,0.9897781615915457,0.7277026792466945,보통
6241,B0BVZ6NRP6,2018-05,0.8063757342933487,7.0,0.4117647058823529,0.8077278414333547,0.8063757342933487,-0.001352107140005998,0.9946061706582527,0.5866171453151228,보통
6124,B01KKM9M4M,2018-05,0.7893634134830192,6.0,0.375,0.7970981062437715,0.7893634134830192,-0.0077346927607523375,0.9695349348715052,0.5533604804614516,보통
6200,B08RS7H7KY,2018-05,0.7383735373268534,8.0,0.4444444444444444,0.7335343942626309,0.7383735373268534,0.004839143064222506,0.9808295632712077,0.6053599800924734,보통
6140,B072JQMVQM,2018-05,0.7259017885331388,11.0,0.5238095238095238,0.7317723916664173,0.7259017885331388,-0.005870603133278474,0.9767911537998468,0.6597040128066207,보통
6247,B0BW9SS9PG,2018-05,0.6997896284297139,19.0,0.6551724137931034,0.7080248183765571,0.6997896284297139,-0.008235189946843136,0.9675958784768021,0.7488994531982129,보통
6101,B01CYBRSK2,2018-05,0.6995580979110432,6.0,0.375,0.7141801844599553,0.6995580979110432,-0.014622086548912172,0.943189232078396,0.5454567696235187,보통
6187,B07SHKBXP5,2018-05,0.6769618887147553,12.0,0.5454545454545454,0.6913032537768486,0.6769618887147553,-0.01434136506209338,0.9442489208561922,0.6650928580750395,보통
6238,B0BTV3G59T,2018-05,0.6573721363134704,9.0,0.47368421052631576,0.6659309842290184,0.6573721363134704,-0.008558847915548062,0.9663440085407949,0.6214821499306595,보통
6041,B001KGX5G4,2018-05,0.634475207346533,9.0,0.47368421052631576,0.6451949905715636,0.634475207346533,-0.010719783225030644,0.9580271770359642,0.6189871004792102,보통
6265,B0C7CC35KH,2018-05,0.6215381338437894,27.0,0.7297297297297297,0.6270674791172779,0.6215381338437894,-0.005529345273488473,0.9781254148812605,0.804248435275189,높음
6042,B001TH7GZU,2018-05,0.5832314800391037,18.0,0.6428571428571429,0.5912322713504844,0.5832314800391037,-0.00800079131138065,0.9685035165229267,0.740551054956878,보통
6230,B0BCWB19QY,2018-05,0.582397321935352,11.0,0.5238095238095238,0.5915352973015437,0.582397321935352,-0.009137975366191764,0.9641080539775675,0.6558990828599369,보통
6217,B09TWWTX37,2018-05,0.5672899339166456,9.0,0.47368421052631576,0.5660170466865315,0.5672899339166456,0.0012728872301140948,0.9949213910439461,0.6300553646816048,보통
6157,B0763BMN9T,2018-05,0.5670473697626289,12.0,0.5454545454545454,0.580629374691875,0.5670473697626289,-0.013582004929246105,0.9471213810551843,0.6659545961347371,보통
6186,B07RZ4MGXR,2018-05,0.5585924598770576,21.0,0.6774193548387096,0.5670458335536211,0.5585924598770576,-0.008453373676563514,0.9667517921516708,0.7642190860325979,높음
6142,B072YQNJCR,2018-05,0.5549526913529862,20.0,0.6666666666666666,0.574399692900104,0.5549526913529862,-0.01944700154711776,0.9251605340639069,0.7442148268858386,보통
6237,B0BTSQRXNZ,2018-05,0.5247043771493521,26.0,0.7222222222222222,0.5487755007081266,0.5247043771493521,-0.0240711235587745,0.9082056000540168,0.7780172355717605,높음
6106,B01E9H4SZM,2018-05,0.5119712316690924,18.0,0.6428571428571429,0.5167889826529439,0.5119712316690924,-0.00481775098385151,0.9809134948014876,0.7442740484404462,보통
6081,B013WHR5NW,2018-05,0.4854051131414967,17.0,0.6296296296296297,0.5075270397987268,0.4854051131414967,-0.022121926657230118,0.9153143629659519,0.7153350496305263,보통
6057,B0081E9HRY,2018-05,0.48199301277403894,13.0,0.5652173913043478,0.4868515783463688,0.48199301277403894,-0.0048585655723298316,0.9807533655505697,0.6898781835782143,보통
6213,B09MQLYPRR,2018-05,0.46511017904588925,25.0,0.7142857142857143,0.4612066658363736,0.46511017904588925,0.003903513209515652,0.9845072145063225,0.7953521643518968,높음
6163,B07817ST8Q,2018-05,0.46491077859110536,11.0,0.5238095238095238,0.4351391006148118,0.46491077859110536,0.029771677976293542,0.8877308205937142,0.6329859128447809,보통
6274,B0CFMQLYHG,2018-05,0.45370142689467985,67.0,0.8701298701298701,0.4190597029287985,0.45370142689467985,0.03464172396588133,0.8706050094471731,0.8702724119250609,높음
6177,B07P4MVBVS,2018-05,0.43799545700588455,17.0,0.6296296296296297,0.4470121840404495,0.43799545700588455,-0.009016727034564964,0.9645757533561495,0.7301134667475855,보통
6118,B01IILFCRS,2018-05,0.424043168658795,13.0,0.5652173913043478,0.4275005185201293,0.424043168658795,-0.0034573498613343356,0.986265787401643,0.6915319101335362,보통
6260,B0C5BHXVH1,2018-05,0.40852889972765605,17.0,0.6296296296296297,0.4302939584262044,0.40852889972765605,-0.021765058698548334,0.9166218814398795,0.7157273051727046,보통
6077,B00WA6TGDE,2018-05,0.3970477445078678,14.0,0.5833333333333334,0.4149169134041014,0.3970477445078678,-0.017869168896233634,0.9310179927917109,0.6876387311708466,보통
6079,B00ZYDKI1Y,2018-05,0.3931259062332827,15.0,0.6,0.4009867244071064,0.3931259062332827,-0.007860818173823725,0.9690459262581126,0.7107137778774337,보통
6036,B000DLB2FI,2018-05,0.3861242504044299,13.0,0.5652173913043478,0.39954924582946155,0.3861242504044299,-0.013424995425031672,0.9477163961155473,0.6799670927477075,보통
6206,B092T5Y46X,2018-05,0.3478889962977997,20.0,0.6666666666666666,0.36926041031837437,0.3478889962977997,-0.021371414020574686,0.9180663116273324,0.7420865601548663,보통
6129,B01N1YY7EO,2018-05,0.3375275090800434,21.0,0.6774193548387096,0.3575072185365031,0.3375275090800434,-0.01997970945645966,0.9231912715568161,0.7511509298541416,높음
6095,B01ALBMIEI,2018-05,0.3325196455026646,30.0,0.75,0.317421451320235,0.3325196455026646,0.01509819418242958,0.941394703025756,0.8074184109077267,높음
6082,B014ITW6FK,2018-05,0.285720048819469,18.0,0.6428571428571429,0.29258834725226396,0.285720048819469,-0.0068682984327949614,0.9729007620432681,0.7418702286129805,보통
6144,B0737B6HGR,2018-05,0.1728325885291427,66.0,0.868421052631579,0.17453605689413104,0.1728325885291427,-0.0017034683649883309,0.9932092883387643,0.9058575233437345,높음
5965,B09GPXGW3M,2018-04,0.8914360048220039,6.0,0.375,0.8935513100262947,0.8914360048220039,-0.0021153052042908183,0.9915744745652445,0.5599723423695733,보통
5929,B07NYTQPKV,2018-04,0.8449355817248848,9.0,0.47368421052631576,0.8509682858151617,0.8449355817248848,-0.006032704090276897,0.976158003967143,0.6244263485585639,보통
5871,B01KKM9M4M,2018-04,0.8146562655117299,6.0,0.375,0.8318297945224896,0.8146562655117299,-0.017173529010759747,0.933612213404047,0.542583664021214,보통
5886,B0714NKFK2,2018-04,0.8077671506686345,9.0,0.47368421052631576,0.809633451790555,0.8077671506686345,-0.0018663011219205439,0.9925625909421433,0.6293477246510639,보통
5833,B014LOFZTQ,2018-04,0.7971329473379972,24.0,0.7058823529411765,0.8011402718806317,0.7971329473379972,-0.004007324542634527,0.9840984873476057,0.7893471932631053,높음
6002,B0BW9SS9PG,2018-04,0.784789496665997,16.0,0.6153846153846154,0.7909784397197314,0.784789496665997,-0.006188943053734408,0.9755481388975229,0.7234336724384877,보통
5941,B07SHKBXP5,2018-04,0.7517753755424417,6.0,0.375,0.7472748194170387,0.7517753755424417,0.00450055612540301,0.9821588475419311,0.5571476542625793,보통
5983,B0BCWB19QY,2018-04,0.7417854440702852,6.0,0.375,0.7493229018220048,0.7417854440702852,-0.007537457751719545,0.9703001416094785,0.5535900424828435,보통
5916,B07817ST8Q,2018-04,0.721070197363971,10.0,0.5,0.7040532237892373,0.721070197363971,0.01701697357473375,0.9341970447705888,0.6302591134311766,보통
5809,B00I0WOAI8,2018-04,0.7181828242478878,13.0,0.5652173913043478,0.7230142362626378,0.7181828242478878,-0.004831412014750014,0.9808598951077101,0.6899101424453564,보통
5892,B072YQNJCR,2018-04,0.7171645741950474,16.0,0.6153846153846154,0.7273328439156216,0.7171645741950474,-0.010168269720574163,0.9601429696573848,0.7188121216664463,보통
6017,B0C5BHXVH1,2018-04,0.7171067942308493,11.0,0.5238095238095238,0.7285534807239862,0.7171067942308493,-0.011446686493136848,0.9552456504534373,0.6532403618026978,보통
5794,B003BIGD4U,2018-04,0.7115006794504779,7.0,0.4117647058823529,0.7241842599934806,0.7115006794504779,-0.01268358054300267,0.9505311720461402,0.5733946457314891,보통
5890,B072JQMVQM,2018-04,0.709030618300796,10.0,0.5,0.7109669733628553,0.709030618300796,-0.0019363550620593584,0.9922844982256244,0.6476853494676873,보통
5854,B01E9H4SZM,2018-04,0.6668513527036092,11.0,0.5238095238095238,0.6855239966507731,0.6668513527036092,-0.018672643947163947,0.9280305970423521,0.6450758457793723,보통
5865,B01IILFCRS,2018-04,0.645139961317648,12.0,0.5454545454545454,0.6443358926788767,0.645139961317648,0.0008040686387712492,0.9967888921152941,0.68085484945277,보통
5840,B0194FZSQM,2018-04,0.622946894564094,11.0,0.5238095238095238,0.6148657917107678,0.622946894564094,0.008081102853326194,0.968192438448755,0.6571243982012931,보통
5991,B0BTSQRXNZ,2018-04,0.594905855313809,25.0,0.7142857142857143,0.5937269082904616,0.594905855313809,0.0011789470233474209,0.9952953137770691,0.7985885941331208,높음
5781,B000DLB2FI,2018-04,0.547357331510965,10.0,0.5,0.5586081989944796,0.547357331510965,-0.01125086748351456,0.9559941645906335,0.63679824937719,보통
6032,B0CDGZZPSY,2018-04,0.5323308050253922,12.0,0.5454545454545454,0.5528473766785612,0.5323308050253922,-0.020516571653169002,0.9212108927228039,0.6581814496350229,보통
5832,B013WHR5NW,2018-04,0.5094000484522806,18.0,0.6428571428571429,0.524572169540595,0.5094000484522806,-0.01517212108831445,0.9411163665904427,0.7323349099771328,보통
5955,B08RS7H7KY,2018-04,0.47692186774138695,18.0,0.6428571428571429,0.47053587483449155,0.47692186774138695,0.006385992906895399,0.9747795153815327,0.7424338546144598,보통
5992,B0BTV3G59T,2018-04,0.45618501404613326,16.0,0.6153846153846154,0.47442292737316316,0.45618501404613326,-0.018237913327029898,0.929645774237137,0.7096629630403719,보통
5940,B07RZ4MGXR,2018-04,0.4534248434377432,34.0,0.7727272727272727,0.46559198013724185,0.4534248434377432,-0.012167136699498649,0.9524967854925045,0.8266581265568422,높음
5830,B00ZYDKI1Y,2018-04,0.43913157599592023,14.0,0.5833333333333334,0.44840146090031197,0.43913157599592023,-0.009269884904391734,0.9635994879660815,0.6974131797231578,보통
5787,B001TH7GZU,2018-04,0.427596793645671,20.0,0.6666666666666666,0.45488904289040083,0.427596793645671,-0.027292249244729838,0.8965788855713527,0.7356403323380725,보통
5842,B01ALBMIEI,2018-04,0.4167435446681878,32.0,0.7619047619047619,0.3991201926987121,0.4167435446681878,0.01762335196947573,0.9319338829274939,0.8129134982115813,높음
5827,B00WA6TGDE,2018-04,0.4107634039251855,10.0,0.5,0.42155971937652714,0.4107634039251855,-0.010796315451341632,0.9577339421111976,0.6373201826333592,보통
5971,B09TWWTX37,2018-04,0.40298613316977294,16.0,0.6153846153846154,0.39284366598331294,0.40298613316977294,0.010142467186460002,0.9602420712583579,0.7188418521467381,보통
5850,B01CYBRSK2,2018-04,0.35583963750470465,18.0,0.6428571428571429,0.37274195189874487,0.35583963750470465,-0.01690231439404022,0.9346256001097237,0.7303876800329171,보통
6033,B0CFMQLYHG,2018-04,0.3537605077846781,80.0,0.8888888888888888,0.3190512579596066,0.3537605077846781,0.03470924982507151,0.8703698877970727,0.8833331885613439,높음
5875,B01N1YY7EO,2018-04,0.3505168178928633,17.0,0.6296296296296297,0.3599546036189901,0.3505168178928633,-0.009437785726126802,0.9629525486502719,0.7296265053358223,보통
5996,B0BVZ6NRP6,2018-04,0.3109796690149405,26.0,0.7222222222222222,0.32263585625561136,0.3109796690149405,-0.011656187240670857,0.9544454870585278,0.7918892016731138,높음
5931,B07P4MVBVS,2018-04,0.2979149446616179,20.0,0.6666666666666666,0.3098787318439329,0.2979149446616179,-0.011963787182315,0.9532718597175054,0.7526482245819182,높음
5960,B092T5Y46X,2018-04,0.2568230520209295,12.0,0.5454545454545454,0.26782602356871094,0.2568230520209295,-0.01100297154778146,0.9569425830030093,0.6689009567190846,보통
5967,B09MQLYPRR,2018-04,0.22725468363933957,47.0,0.8245614035087719,0.2212948963818212,0.22725468363933957,0.005959787257518362,0.9764427588916634,0.8701258101236393,높음
5894,B0737B6HGR,2018-04,0.19013190245841607,62.0,0.8611111111111112,0.18109366665204618,0.19013190245841607,0.009038235806369893,0.9644927695668896,0.8921256086478446,높음
6022,B0C7CC35KH,2018-04,0.18009760257950874,55.0,0.8461538461538461,0.18612585762614886,0.18009760257950874,-0.006028255046640119,0.9761753759999445,0.8851603051076757,높음
5674,B07NYTQPKV,2018-03,0.8779802477197189,11.0,0.5238095238095238,0.8799260700828642,0.8779802477197189,-0.001945822363145222,0.9922469219126913,0.664340743240474,보통
5647,B075M3WDST,2018-03,0.8621930591229117,6.0,0.375,0.8693579846751723,0.8621930591229117,-0.00716492555226067,0.9717470915962126,0.5540241274788638,보통
5596,B01H42YPGG,2018-03,0.8292652674083428,8.0,0.4444444444444444,0.8338060505074025,0.8292652674083428,-0.004540783099059698,0.9820008231436116,0.6057113580541945,보통
5625,B0714NKFK2,2018-03,0.816936205504752,9.0,0.47368421052631576,0.8203988417529036,0.816936205504752,-0.0034626362481515738,0.9862449324923107,0.6274524271161142,보통
5629,B072JQMVQM,2018-03,0.7922517820647106,13.0,0.5652173913043478,0.7972198049333905,0.7922517820647106,-0.004968022868679922,0.9803240570921963,0.6897493910407022,보통
5595,B01GHWLTC2,2018-03,0.7908710708382819,7.0,0.4117647058823529,0.7920636325121312,0.7908710708382819,-0.0011925616738492906,0.9952411128615627,0.5868076279761159,보통
5711,B09GPXGW3M,2018-03,0.7822933516074422,18.0,0.6428571428571429,0.7779094416358299,0.7822933516074422,0.00438390997161231,0.9826172146750507,0.7447851644025152,보통
5564,B014LOFZTQ,2018-03,0.7669081332304362,47.0,0.8245614035087719,0.7662067931577642,0.7669081332304362,0.0007013400726719743,0.9971985710553524,0.8763525537727461,높음
5559,B00ZYDKI1Y,2018-03,0.7024010870044519,14.0,0.5833333333333334,0.7113663281490294,0.7024010870044519,-0.00896524114457753,0.9647744219771963,0.6977656599264922,보통
5507,B00009W3I4,2018-03,0.6676561444305508,9.0,0.47368421052631576,0.6628275876441782,0.6676561444305508,0.0048285567863726175,0.9808710974877077,0.6258402766147333,보통
5583,B01CC7UIH8,2018-03,0.6674695980965073,9.0,0.47368421052631576,0.676292043899425,0.6674695980965073,-0.008822445802917689,0.9653256405579449,0.6211766395358045,보통
5631,B072YQNJCR,2018-03,0.6577022363244528,22.0,0.6875,0.6716121303073067,0.6577022363244528,-0.013909893982853916,0.9458799923755102,0.765013997712653,높음
5748,B0BW9SS9PG,2018-03,0.6315855638212161,26.0,0.7222222222222222,0.6401456641200136,0.6315855638212161,-0.008560100298797502,0.9663391676207224,0.7954573058417722,높음
5686,B07SHKBXP5,2018-03,0.6126661580106164,13.0,0.5652173913043478,0.6086792082679692,0.6126661580106164,0.003986949742647239,0.9841786938553345,0.6909057820696438,보통
5601,B01IILFCRS,2018-03,0.6113210145510516,13.0,0.5652173913043478,0.6129510706275278,0.6113210145510516,-0.0016300560764762606,0.9935009862324017,0.6937024697827638,보통
5717,B09TWWTX37,2018-03,0.6106637518887673,12.0,0.5454545454545454,0.6044142322633973,0.6106637518887673,0.006249519625370015,0.9753117860866856,0.6744117176441875,보통
5584,B01CYBRSK2,2018-03,0.5729197307852391,11.0,0.5238095238095238,0.5803948543019003,0.5729197307852391,-0.007475123516661242,0.9705421034416531,0.6578292976991627,보통
5572,B0194FZSQM,2018-03,0.5615970134852932,19.0,0.6551724137931034,0.5493177795323484,0.5615970134852932,0.012279233952944835,0.9520697921349437,0.7442416272956555,보통
5728,B0BCWB19QY,2018-03,0.5469873069758726,16.0,0.6153846153846154,0.5571278836917087,0.5469873069758726,-0.010140576715836125,0.9602493325235224,0.7188440305262875,보통
5634,B073PM5CWW,2018-03,0.5085709993176741,15.0,0.6,0.5166616118457577,0.5085709993176741,-0.008090612528083518,0.968155610368437,0.710446683110531,보통
5556,B00WA6TGDE,2018-03,0.4971005932623521,13.0,0.5652173913043478,0.5131988288097579,0.4971005932623521,-0.016098235547405748,0.9376364901985101,0.6769431209725965,보통
5607,B01KKM9M4M,2018-03,0.48375488444476583,18.0,0.6428571428571429,0.4949708717161762,0.48375488444476583,-0.011215987271410377,0.9561275550127146,0.7368382665038145,보통
5538,B00I0WOAI8,2018-03,0.4488677968786188,20.0,0.6666666666666666,0.45762800077194293,0.4488677968786188,-0.008760203893324159,0.965566005323219,0.7563364682636323,높음
5701,B08RS7H7KY,2018-03,0.44566749922256504,12.0,0.5454545454545454,0.44301602746834284,0.44566749922256504,0.002651471754222201,0.989450157095321,0.6786532289467782,보통
5589,B01E9H4SZM,2018-03,0.44491873587706826,13.0,0.5652173913043478,0.4530426618883654,0.44491873587706826,-0.008123926011297133,0.9680266084209396,0.6860601564393253,보통
5658,B07BWGY9VG,2018-03,0.43598791741169884,9.0,0.47368421052631576,0.448790311690786,0.43598791741169884,-0.012802394279087137,0.950079534736811,0.6166028077894643,보통
5762,B0C5BHXVH1,2018-03,0.37195159178389464,29.0,0.7435897435897436,0.38552970035474704,0.37195159178389464,-0.013578108570852399,0.9471361424675871,0.8046536632530967,높음
5737,B0BTSQRXNZ,2018-03,0.3639885800130763,46.0,0.8214285714285714,0.3748410316184632,0.3639885800130763,-0.010852451605386892,0.9575189122535646,0.8622556736760694,높음
5611,B01N1YY7EO,2018-03,0.35921000253231994,19.0,0.6551724137931034,0.3779496372259036,0.35921000253231994,-0.01873963469358364,0.9277819525080212,0.7369552754075788,보통
5742,B0BVZ6NRP6,2018-03,0.3583261497232141,30.0,0.75,0.36852050103561385,0.3583261497232141,-0.010194351312399763,0.9600428066541815,0.8130128419962543,높음
5563,B013WHR5NW,2018-03,0.35812949775122865,14.0,0.5833333333333334,0.3762740531233316,0.35812949775122865,-0.018144555372102966,0.9299929983785303,0.6873312328468923,보통
5738,B0BTV3G59T,2018-03,0.3554585404316359,16.0,0.6153846153846154,0.3646270685261836,0.3554585404316359,-0.009168528094547712,0.9639902366510799,0.7199663017645548,보통
5510,B000DLB2FI,2018-03,0.3522177171042779,13.0,0.5652173913043478,0.3546716628950262,0.3522177171042779,-0.002453945790748313,0.9902322343981399,0.6927218442324854,보통
5517,B001TH7GZU,2018-03,0.33596137927279374,32.0,0.7619047619047619,0.3555983266145313,0.33596137927279374,-0.019636947341737543,0.9244578796190479,0.8106706972190476,높음
5685,B07RZ4MGXR,2018-03,0.32890835761980564,38.0,0.7916666666666666,0.33332385660264385,0.32890835761980564,-0.004415498982838217,0.9824930628939793,0.8489145855348603,높음
5676,B07P4MVBVS,2018-03,0.3251446562603631,13.0,0.5652173913043478,0.33721536904680954,0.3251446562603631,-0.012070712786446447,0.9528642302177732,0.6815114429783753,보통
5778,B0CFMQLYHG,2018-03,0.31931633963227013,88.0,0.8979591836734694,0.2937165150727298,0.31931633963227013,0.025599824559540352,0.9026690455394089,0.8993721422332512,높음
5777,B0CDGZZPSY,2018-03,0.2767785490090187,22.0,0.6875,0.2757884046450775,0.2767785490090187,0.0009901443639412366,0.9960472552869865,0.7800641765860958,높음
5706,B092T5Y46X,2018-03,0.25228782775255165,15.0,0.6,0.26281282357843844,0.25228782775255165,-0.010524995825886785,0.9587739143967398,0.7076321743190219,보통
5767,B0C7CC35KH,2018-03,0.20654209430633408,53.0,0.8412698412698413,0.21048353375886097,0.20654209430633408,-0.003941439452526896,0.9843578711952156,0.8841962502474536,높음
5574,B01ALBMIEI,2018-03,0.18762210172330815,61.0,0.8591549295774648,0.17300665746468596,0.18762210172330815,0.014615444258622184,0.9432142921580186,0.8843727383516309,높음
5633,B0737B6HGR,2018-03,0.18633904706143098,61.0,0.8591549295774648,0.1869898068432586,0.18633904706143098,-0.0006507597818276312,0.997400345841333,0.9006285544566253,높음
5713,B09MQLYPRR,2018-03,0.1714386629702367,39.0,0.7959183673469388,0.17143992762660162,0.1714386629702367,-1.2646563649354459e-06,0.9999949413873351,0.8571413395590576,높음
5378,B072JQMVQM,2018-02,0.8329795734611887,10.0,0.5,0.8396565779121502,0.8329795734611887,-0.006677004450961532,0.973645487172603,0.6420936461517809,보통
5347,B01GHWLTC2,2018-02,0.7564285281850609,15.0,0.6,0.7624593561356159,0.7564285281850609,-0.0060308279505549844,0.9761653296298554,0.7128495988889566,보통
5412,B07NYTQPKV,2018-02,0.7006560134911382,20.0,0.6666666666666666,0.7020827870524848,0.7006560134911382,-0.0014267735613466836,0.994309160280239,0.7649594147507384,높음
5480,B0BW9SS9PG,2018-02,0.6979014337809403,23.0,0.696969696969697,0.7142493308625996,0.6979014337809403,-0.01634789708165929,0.9367005905337229,0.7688889650389047,높음
5295,B00GPXTA0C,2018-02,0.6868507832582013,6.0,0.375,0.6945719517093801,0.6868507832582013,-0.0077211684511788725,0.9695873854526141,0.5533762156357842,보통
5414,B07P4MVBVS,2018-02,0.681470918867386,8.0,0.4444444444444444,0.6958885484626407,0.681470918867386,-0.014417629595254722,0.9439609139752976,0.5942993853037003,보통
5348,B01H42YPGG,2018-02,0.681220374409889,10.0,0.5,0.6897055959913404,0.681220374409889,-0.008485221581451374,0.9666286439193573,0.6399885931758071,보통
5373,B0714NKFK2,2018-02,0.6608145893986201,14.0,0.5833333333333334,0.6589512763700847,0.6608145893986201,0.0018633130285354849,0.9925744544918909,0.7061056696809005,보통
5320,B014LOFZTQ,2018-02,0.6460547192485466,41.0,0.803921568627451,0.6382438482154,0.6460547192485466,0.007810871033146594,0.969239549892168,0.8535169630068661,높음
5263,B00009W3I4,2018-02,0.6420442458210072,8.0,0.4444444444444444,0.6317248838349688,0.6420442458210072,0.010319361986038333,0.9595628642680971,0.5989799703915402,보통
5474,B0BVZ6NRP6,2018-02,0.5699512896227363,28.0,0.7368421052631579,0.5817016445088342,0.5699512896227363,-0.01175035488609788,0.9540860432219181,0.8020152866507859,높음
5449,B09TWWTX37,2018-02,0.5452141683924558,14.0,0.5833333333333334,0.54866202954977,0.5452141683924558,-0.0034478611573141027,0.9863032216486112,0.7042242998279167,보통
5380,B072YQNJCR,2018-02,0.5208603281024504,19.0,0.6551724137931034,0.5421922409919444,0.5208603281024504,-0.021331912889493987,0.9182113817187615,0.7340841041708008,보통
5336,B01CYBRSK2,2018-02,0.5207584887734433,15.0,0.6,0.5348772315565454,0.5207584887734433,-0.0141187427831021,0.9450901387350706,0.7035270416205212,보통
5461,B0BCWB19QY,2018-02,0.5061698741740356,17.0,0.6296296296296297,0.5195191557020272,0.5061698741740356,-0.013349281527991641,0.948003460789478,0.725141778977584,보통
5398,B07BWGY9VG,2018-02,0.4726815472390696,13.0,0.5652173913043478,0.4867989945652209,0.4726815472390696,-0.014117447326151333,0.9450950360421164,0.6791806847256783,보통
5423,B07RZ4MGXR,2018-02,0.4713852465547238,30.0,0.75,0.49029663445527805,0.4713852465547238,-0.018911387900554244,0.9271447733053749,0.8031434319916124,높음
5445,B09GPXGW3M,2018-02,0.4605636676298159,24.0,0.7058823529411765,0.4648944456944522,0.4605636676298159,-0.004330778064636331,0.9828260701738188,0.7889654681109692,높음
5471,B0BTSQRXNZ,2018-02,0.4603096770878284,48.0,0.8275862068965517,0.45610688448424797,0.4603096770878284,0.004202792603580419,0.9833293487784315,0.8743091494611156,높음
5364,B01N1YY7EO,2018-02,0.4221106328085049,19.0,0.6551724137931034,0.43942234790502294,0.4221106328085049,-0.01731171509651802,0.9330963071297739,0.7385495817941046,보통
5273,B001TH7GZU,2018-02,0.4075282221392976,19.0,0.6551724137931034,0.419407031568532,0.4075282221392976,-0.01187880942923436,0.9535959423968761,0.7446994723742352,보통
5316,B00WA6TGDE,2018-02,0.40013802376556934,12.0,0.5454545454545454,0.4177163568566668,0.40013802376556934,-0.017578333091097464,0.9321017165109281,0.6614486967714601,보통
5280,B003BIGD4U,2018-02,0.38539723697018263,15.0,0.6,0.4088268365994422,0.38539723697018263,-0.023429599629259557,0.9105391353123529,0.6931617405937058,보통
5441,B092T5Y46X,2018-02,0.356739529196314,15.0,0.6,0.3739543563924441,0.356739529196314,-0.0172148271961301,0.9334580001808375,0.7000374000542512,보통
5353,B01IILFCRS,2018-02,0.34902040448020916,21.0,0.6774193548387096,0.34338247899220586,0.34902040448020916,0.0056379254880032925,0.977700686852577,0.7675037544428698,높음
5493,B0C5BHXVH1,2018-02,0.3482637016384075,26.0,0.7222222222222222,0.36127776942766887,0.3482637016384075,-0.013014067789261397,0.9492754485121053,0.790338190109187,높음
5505,B0CDGZZPSY,2018-02,0.336628333315548,19.0,0.6551724137931034,0.34187256017296086,0.336628333315548,-0.005244226857412881,0.9792415775133799,0.7523931629091863,높음
5297,B00I0WOAI8,2018-02,0.3189416235125094,23.0,0.696969696969697,0.33179771543824066,0.3189416235125094,-0.012856091925731283,0.9498754885106393,0.7728414344319796,높음
5266,B000DLB2FI,2018-02,0.3058891510257249,13.0,0.5652173913043478,0.301465333117799,0.3058891510257249,0.004423817907925898,0.9824603702931595,0.6903902850009913,보통
5506,B0CFMQLYHG,2018-02,0.281152024520732,84.0,0.8936170212765957,0.2527238618564807,0.281152024520732,0.0284281626642513,0.8925143824600529,0.8932862296316328,높음
5328,B01ALBMIEI,2018-02,0.2528977097772018,49.0,0.8305084745762712,0.23853842340851172,0.2528977097772018,0.01435928636869005,0.9441812345846171,0.8646103025787749,높음
5446,B09MQLYPRR,2018-02,0.2418665538655523,28.0,0.7368421052631579,0.2361680662195381,0.2418665538655523,0.005698487646014216,0.9774638688842114,0.8090286343494739,높음
5498,B0C7CC35KH,2018-02,0.22600871654544472,39.0,0.7959183673469388,0.23370860783933842,0.22600871654544472,-0.007699891293893701,0.9696699092175145,0.8480438299081114,높음
5382,B0737B6HGR,2018-02,0.20740321888690488,64.0,0.8648648648648649,0.20460244499180733,0.20740321888690488,0.002800773895097558,0.9888594254009166,0.9020632330256804,높음
5122,B01KJ95GNW,2018-01,0.8371174857757605,14.0,0.5833333333333334,0.8430315089134465,0.8371174857757605,-0.005914023137685964,0.9766215194265109,0.7013197891612866,보통
5045,B003BIGD4U,2018-01,0.7909047336364935,5.0,0.3333333333333333,0.8070040469903638,0.7909047336364935,-0.01609931335387027,0.9376324478445418,0.5146230676866959,보통
5110,B01GHWLTC2,2018-01,0.7399963130447301,13.0,0.5652173913043478,0.7405497634153719,0.7399963130447301,-0.0005534503706418059,0.997788647168659,0.6949887680636411,보통
5204,B09GPXGW3M,2018-01,0.7291939366325806,14.0,0.5833333333333334,0.738657675879716,0.7291939366325806,-0.009463739247135394,0.9628525858023308,0.6971891090740325,보통
5171,B07NYTQPKV,2018-01,0.7281008140920212,12.0,0.5454545454545454,0.7377854802861641,0.7281008140920212,-0.009684666194142877,0.9620020813275959,0.6704188062164605,보통
5061,B00GPXASXK,2018-01,0.7130596917748336,9.0,0.47368421052631576,0.7179986352269473,0.7130596917748336,-0.004938943452113653,0.9804380927307519,0.6257103751876466,보통
5154,B0763BMN9T,2018-01,0.6615516730752475,14.0,0.5833333333333334,0.6738762794352947,0.6615516730752475,-0.012324606360047174,0.9518970170210691,0.693902438439654,보통
5202,B09DDFHKZ7,2018-01,0.5851234708925279,10.0,0.5,0.5812641754175124,0.5851234708925279,0.0038592954750155117,0.9846813606210599,0.645404408186318,보통
5081,B00WA6TGDE,2018-01,0.5847651963671823,11.0,0.5238095238095238,0.5992719704345232,0.5847651963671823,-0.01450677406734091,0.9436243783900522,0.6497539801836822,보통
5142,B072JQMVQM,2018-01,0.5678407121445511,29.0,0.7435897435897436,0.5636800627701433,0.5678407121445511,0.004160649374407854,0.9834951254471579,0.8155613581469678,높음
5237,B0BW9SS9PG,2018-01,0.5440205425574218,26.0,0.7222222222222222,0.5482145804374984,0.5440205425574218,-0.004194037880076551,0.9833637844876254,0.8005646909018431,높음
5130,B01N995WDY,2018-01,0.4686571858654649,13.0,0.5652173913043478,0.4481686432380513,0.4686571858654649,0.02048854262741362,0.9213141810881933,0.6720464282395013,보통
5158,B07BWGY9VG,2018-01,0.45369594521406986,12.0,0.5454545454545454,0.449874034888228,0.45369594521406986,0.0038219103258418374,0.9848286214697445,0.6772667682591051,보통
5057,B00DM8KL0G,2018-01,0.44945360758296915,14.0,0.5833333333333334,0.46056656321132294,0.44945360758296915,-0.011112955628353793,0.9565216817940544,0.6952898378715496,보통
5063,B00I0WOAI8,2018-01,0.415696364883541,14.0,0.5833333333333334,0.4261503516724247,0.415696364883541,-0.010453986788883707,0.9590462795251395,0.6960472171908751,보통
5180,B07RZ4MGXR,2018-01,0.40042266397605425,33.0,0.7674418604651163,0.4067244086994375,0.40042266397605425,-0.00630174472338324,0.9751080643517143,0.8297417216310956,높음
5173,B07P4MVBVS,2018-01,0.3758050057613295,16.0,0.6153846153846154,0.381551787164045,0.3758050057613295,-0.005746781402715451,0.9772750655117742,0.723951750422763,보통
5249,B0C5BHXVH1,2018-01,0.36139533602806645,23.0,0.696969696969697,0.36570726230866263,0.36139533602806645,-0.004311926280596179,0.9829001850674756,0.7827488433990305,높음
5111,B01H42YPGG,2018-01,0.35200112939909856,20.0,0.6666666666666666,0.3581293053411269,0.35200112939909856,-0.006128175942028358,0.9757852926895813,0.759402254473541,높음
5261,B0CDGZZPSY,2018-01,0.32776029000307977,18.0,0.6428571428571429,0.34415167169561967,0.32776029000307977,-0.016391381692539897,0.9365376764598798,0.730961302937964,보통
5232,B0BVZ6NRP6,2018-01,0.3182899715248249,49.0,0.8305084745762712,0.3351349090094173,0.3182899715248249,-0.01684493748459237,0.9348401284404279,0.8618079707355182,높음
5037,B001TH7GZU,2018-01,0.3004070806206445,22.0,0.6875,0.32183878339823313,0.3004070806206445,-0.021431702777588657,0.9178449420134653,0.7566034826040395,높음
5129,B01N1YY7EO,2018-01,0.2886866689973312,19.0,0.6551724137931034,0.3019580222946077,0.2886866689973312,-0.013271353297276522,0.948299011780261,0.7431103931892507,보통
5262,B0CFMQLYHG,2018-01,0.2859445576116088,119.0,0.9224806201550387,0.2570137029844971,0.2859445576116088,0.028930854627111702,0.8907215463255483,0.9129528980061916,높음
5206,B09MQLYPRR,2018-01,0.2786489673294896,25.0,0.7142857142857143,0.27561559898283466,0.2786489673294896,0.0030333683466549632,0.9879398403851204,0.7963819521155361,높음
5084,B014LOFZTQ,2018-01,0.27048579582876675,59.0,0.855072463768116,0.26302551552340775,0.27048579582876675,0.007460280305359002,0.9705997289984093,0.8897306433372039,높음
5253,B0C7CC35KH,2018-01,0.26144992499482517,41.0,0.803921568627451,0.2553355593399857,0.26144992499482517,0.006114365654839471,0.9758391976789613,0.855496857342904,높음
5101,B01CYBRSK2,2018-01,0.2604519801942588,20.0,0.6666666666666666,0.2610807061934228,0.2604519801942588,-0.0006287259991639704,0.9974882557250464,0.7659131433841806,높음
5229,B0BTSQRXNZ,2018-01,0.25952206404821837,66.0,0.868421052631579,0.26577930311177494,0.25952206404821837,-0.0062572390635565744,0.9752816711154481,0.9004792381767397,높음
5199,B092T5Y46X,2018-01,0.2528419880133563,24.0,0.7058823529411765,0.26450271281557947,0.2528419880133563,-0.011660724802223188,0.9544281637951555,0.7804460961973703,높음
5116,B01IILFCRS,2018-01,0.21149398973348713,31.0,0.7560975609756098,0.20911238887498007,0.21149398973348713,0.0023816008585070547,0.9905188289990764,0.8264239413826496,높음
5144,B072YQNJCR,2018-01,0.21017197219122594,28.0,0.7368421052631579,0.21828827918692972,0.21017197219122594,-0.008116306995703787,0.9680561105097883,0.806206306837147,높음
5146,B0737B6HGR,2018-01,0.20439381159758566,51.0,0.8360655737704918,0.20272519672622208,0.20439381159758566,0.0016686148713635773,0.9933477652457446,0.8832502312130676,높음
5092,B01ALBMIEI,2018-01,0.199452649601469,62.0,0.8611111111111112,0.18457497890141844,0.199452649601469,0.014877670700050555,0.9422254679310461,0.8854454181570915,높음
4911,B01KJ95GNW,2017-12,0.7577796732785116,28.0,0.7368421052631579,0.7652198832865282,0.7577796732785116,-0.0074402100080166456,0.9706776530269299,0.8069927695922894,높음
4924,B072JQMVQM,2017-12,0.7046266352139672,33.0,0.7674418604651163,0.7092625397667,0.7046266352139672,-0.0046359045527327725,0.981627256833237,0.8316974793755525,높음
4840,B003BIGD4U,2017-12,0.703988352242908,11.0,0.5238095238095238,0.7220807665427205,0.703988352242908,-0.018092414299812454,0.930186981935481,0.6457227612473109,보통
4826,B000DLB2FI,2017-12,0.6871102460989935,8.0,0.4444444444444444,0.6934313304243205,0.6871102460989935,-0.006321084325326964,0.9750326344620532,0.603620901449727,보통
4847,B00545ANEY,2017-12,0.6614579704323139,10.0,0.5,0.6688740213544704,0.6614579704323139,-0.00741605092215647,0.9707714602985009,0.6412314380895503,보통
4976,B09MQLYPRR,2017-12,0.6401618200740228,12.0,0.5454545454545454,0.647914520442069,0.6401618200740228,-0.007752700368046206,0.9694651013691445,0.6726577122289251,보통
4943,B07M8JMYHQ,2017-12,0.6189458079885114,11.0,0.5238095238095238,0.6031631719068328,0.6189458079885114,0.015782636081678625,0.9388209079458428,0.6483129390504194,보통
5027,B0CDGZZPSY,2017-12,0.5669567660369127,14.0,0.5833333333333334,0.5726145243050395,0.5669567660369127,-0.005657758268126756,0.977623127838044,0.7016202716847465,보통
4915,B01N1YY7EO,2017-12,0.5533380336481628,15.0,0.6,0.5646118277081502,0.5533380336481628,-0.011273794059987408,0.9559064979172,0.70677194937516,보통
5008,B0BW9SS9PG,2017-12,0.5466854562216826,22.0,0.6875,0.5542602789546826,0.5466854562216826,-0.00757482273299992,0.9701551314598411,0.7722965394379523,높음
5002,B0BVZ6NRP6,2017-12,0.5319830022963711,19.0,0.6551724137931034,0.5465990893368299,0.5319830022963711,-0.014616087040458803,0.943211867037076,0.7415842497662952,보통
4947,B07NL9T1GL,2017-12,0.5208501538511775,9.0,0.47368421052631576,0.5264735654989678,0.5208501538511775,-0.005623411647790344,0.9777574492664226,0.6249061821483478,보통
4871,B00WA6TGDE,2017-12,0.5194405840812633,11.0,0.5238095238095238,0.5375348388813821,0.5194405840812633,-0.018094254800118836,0.9301801339229876,0.6457207068435629,보통
4833,B001TH7GZU,2017-12,0.5020996488111589,17.0,0.6296296296296297,0.513564032355689,0.5020996488111589,-0.011464383544530166,0.9551780327212572,0.7272941505571179,보통
4853,B00GPXASXK,2017-12,0.47778303801697475,12.0,0.5454545454545454,0.5009297764065628,0.47778303801697475,-0.02314673838958803,0.9115699432679536,0.6552891647985679,보통
4855,B00I0WOAI8,2017-12,0.4594783758006306,12.0,0.5454545454545454,0.4786026658009078,0.4594783758006306,-0.01912429000027721,0.9263555451338074,0.659724845358324,보통
4957,B07RZ4MGXR,2017-12,0.41472419566404817,30.0,0.75,0.4300389829960682,0.41472419566404817,-0.015314787332020019,0.9405794576549305,0.807173837296479,높음
4874,B014LOFZTQ,2017-12,0.39807483378662384,45.0,0.8181818181818182,0.39423881604440075,0.39807483378662384,0.0038360177422230857,0.9847730494880045,0.868159187573674,높음
4895,B01E9H4SZM,2017-12,0.37683608654889084,9.0,0.47368421052631576,0.3880833460546949,0.37683608654889084,-0.011247259505804075,0.9560079615127399,0.618381335822243,보통
4934,B0763BMN9T,2017-12,0.3682996736755534,15.0,0.6,0.3836177891636782,0.3682996736755534,-0.01531811548812484,0.9405669361572213,0.7021700808471664,보통
4889,B01CYBRSK2,2017-12,0.34393115770910265,20.0,0.6666666666666666,0.3560323499792344,0.34393115770910265,-0.012101192270131733,0.9527480660601273,0.7524910864847048,높음
5017,B0C5BHXVH1,2017-12,0.32920351049348556,20.0,0.6666666666666666,0.34015535122912205,0.32920351049348556,-0.010951840735636487,0.9571383200244928,0.7538081626740145,높음
4926,B072YQNJCR,2017-12,0.32722816368071667,19.0,0.6551724137931034,0.3465155496476451,0.32722816368071667,-0.019287385966928416,0.9257514028092021,0.736346110497933,보통
5028,B0CFMQLYHG,2017-12,0.32559405924570084,54.0,0.84375,0.29714646690444274,0.32559405924570084,0.0284475923412581,0.8924450200907642,0.8583585060272292,높음
4900,B01H42YPGG,2017-12,0.3250676652804417,20.0,0.6666666666666666,0.32749735762359283,0.3250676652804417,-0.0024296923431511575,0.9903283052405868,0.7637651582388427,높음
4951,B07P4MVBVS,2017-12,0.3082988520187625,16.0,0.6153846153846154,0.32003348783401575,0.3082988520187625,-0.011734635815253247,0.9541460344923336,0.7170130411169309,보통
4970,B092T5Y46X,2017-12,0.30389211911558767,25.0,0.7142857142857143,0.31210942657104146,0.30389211911558767,-0.008217307455453793,0.9676650930520916,0.7902995279156275,높음
4906,B01IILFCRS,2017-12,0.2781877862989633,19.0,0.6551724137931034,0.26926013676865546,0.2781877862989633,0.008927649530307835,0.9649195025962652,0.7480965404340519,보통
5020,B0C7CC35KH,2017-12,0.2612573418201814,34.0,0.7727272727272727,0.2708005472990121,0.2612573418201814,-0.009543205478830696,0.9625465773728937,0.829673064120959,높음
4999,B0BTSQRXNZ,2017-12,0.2494601402956105,39.0,0.7959183673469388,0.255189197306927,0.2494601402956105,-0.005729057011316513,0.9773443543910139,0.8503461634601612,높음
4880,B01ALBMIEI,2017-12,0.21805258178229953,41.0,0.803921568627451,0.19780755661663452,0.21805258178229953,0.02024502516566501,0.9222120426705549,0.8394087108403822,높음
4721,B072JQMVQM,2017-11,0.8315920231540908,16.0,0.6153846153846154,0.8343555980046754,0.8315920231540908,-0.002763574850584649,0.9890065748514131,0.7274712032246546,보통
4619,B000DLB2FI,2017-11,0.7421377611623147,8.0,0.4444444444444444,0.7473835945791084,0.7421377611623147,-0.005245833416793744,0.9792352846946296,0.6048816965194999,보통
4713,B01N1YY7EO,2017-11,0.6981260605467766,13.0,0.5652173913043478,0.7036444221882633,0.6981260605467766,-0.005518361641486669,0.9781683893037186,0.689102690704159,보통
4749,B07RZ4MGXR,2017-11,0.6958291515225046,22.0,0.6875,0.7008364665037001,0.6958291515225046,-0.005007314981195554,0.9801699931868938,0.7753009979560681,높음
4642,B00545ANEY,2017-11,0.6257090100062405,11.0,0.5238095238095238,0.6286417367003747,0.6257090100062405,-0.0029327266941342467,0.988337632041077,0.6631679562789897,보통
4813,B0C5WGV7K8,2017-11,0.6195388875596803,10.0,0.5,0.6244185529951157,0.6195388875596803,-0.0048796654354353874,0.980670593996542,0.6442011781989625,보통
4709,B01KJ95GNW,2017-11,0.6139865830184076,31.0,0.7560975609756098,0.6235652940165712,0.6139865830184076,-0.009578710998163653,0.9624098842153994,0.8179912579475466,높음
4823,B0CDGZZPSY,2017-11,0.6023808402415057,15.0,0.6,0.6001471408298347,0.6023808402415057,0.002233699411671064,0.9911049990444846,0.7173314997133453,보통
4744,B07P4MVBVS,2017-11,0.5708604982361413,13.0,0.5652173913043478,0.5923172762250485,0.5708604982361413,-0.021456777988907216,0.9177528860066756,0.6709780397150461,보통
4796,B0BVZ6NRP6,2017-11,0.5693098556037193,22.0,0.6875,0.5780647907419337,0.5693098556037193,-0.008754935138214459,0.9655863548609489,0.7709259064582846,높음
4742,B07NL9T1GL,2017-11,0.5664269678895556,9.0,0.47368421052631576,0.5655020658740436,0.5664269678895556,0.0009249020155119858,0.9963072270561742,0.6304711154852733,보통
4802,B0BW9SS9PG,2017-11,0.5497338110465847,14.0,0.5833333333333334,0.559519332116796,0.5497338110465847,-0.009785521070211356,0.9616140691959295,0.6968175540921122,보통
4632,B003BIGD4U,2017-11,0.5477022557165835,16.0,0.6153846153846154,0.5684982817340911,0.5477022557165835,-0.02079602601750763,0.92018172242444,0.7068237474965628,보통
4758,B08RS7H7KY,2017-11,0.5470543231121907,10.0,0.5,0.5407239653865125,0.5470543231121907,0.006330357725678248,0.9749964676609362,0.6424989402982808,보통
4649,B00I0WOAI8,2017-11,0.509461961083297,12.0,0.5454545454545454,0.5124682349965776,0.509461961083297,-0.003006273913280566,0.9880469168681018,0.6782322568786123,보통
4691,B01E9H4SZM,2017-11,0.4948321220771753,9.0,0.47368421052631576,0.5132710711403274,0.4948321220771753,-0.018438949063152132,0.9288985066421604,0.6102484993610692,보통
4647,B00GPXASXK,2017-11,0.4543258255912471,10.0,0.5,0.46191937790260135,0.4543258255912471,-0.007593552311354224,0.970082451796192,0.6410247355388576,보통
4697,B01H42YPGG,2017-11,0.43576462052114845,15.0,0.6,0.43935439667315807,0.43576462052114845,-0.003589776152009616,0.9857434956647879,0.7157230486994364,보통
4685,B01CYBRSK2,2017-11,0.42950669104030736,13.0,0.5652173913043478,0.43756929007239165,0.42950669104030736,-0.008062599032084283,0.9682641021400619,0.6861314045550619,보통
4824,B0CFMQLYHG,2017-11,0.42152898278096507,39.0,0.7959183673469388,0.3955396754966352,0.42152898278096507,0.025989307284329854,0.9012638444289836,0.8275220104715522,높음
4764,B092T5Y46X,2017-11,0.392459643340686,26.0,0.7222222222222222,0.4071189977468081,0.392459643340686,-0.014659354406122094,0.9430486399912958,0.7884701475529443,높음
4669,B014LOFZTQ,2017-11,0.3705297652948952,36.0,0.782608695652174,0.37588349307641933,0.3705297652948952,-0.0053537277815241535,0.9788127600013997,0.8414699149569416,높음
4667,B00WA6TGDE,2017-11,0.3364543711879509,20.0,0.6666666666666666,0.35279223634563006,0.3364543711879509,-0.016337865157679154,0.9367381789243511,0.7476881203439719,보통
4810,B0C5BHXVH1,2017-11,0.3321581325862669,20.0,0.6666666666666666,0.33742682291861725,0.3321581325862669,-0.005268690332350334,0.9791457595943781,0.76041039454498,높음
4814,B0C7CC35KH,2017-11,0.31692860812199575,25.0,0.7142857142857143,0.3234888593897101,0.31692860812199575,-0.006560251267714368,0.9741002982055351,0.7922300894616605,높음
4676,B01ALBMIEI,2017-11,0.31198895010873423,42.0,0.8076923076923077,0.2962317891590334,0.31198895010873423,0.01575716094970081,0.9389165791663677,0.8470595891345256,높음
4793,B0BTSQRXNZ,2017-11,0.3107150379905093,40.0,0.8,0.32611927018210213,0.3107150379905093,-0.015404232191592815,0.9402429978576902,0.842072899357307,높음
4768,B09MQLYPRR,2017-11,0.29794251878965006,23.0,0.696969696969697,0.29611519784659607,0.29794251878965006,0.0018273209430539894,0.9927173640773234,0.7856939971019848,높음
4624,B001TH7GZU,2017-11,0.2468243271075529,24.0,0.7058823529411765,0.25894963289737816,0.2468243271075529,-0.012125305789825264,0.9526561740548622,0.7799144992752822,높음
4617,B0CFMQLYHG,2017-10,0.8474031598038947,11.0,0.5238095238095238,0.829859143698838,0.8474031598038947,0.017544016105056737,0.9322296729792641,0.6463355685604458,보통
4506,B01N1YY7EO,2017-10,0.8447374347664456,8.0,0.4444444444444444,0.8561691345809864,0.8447374347664456,-0.011431699814540841,0.9553029160080354,0.5977019859135217,보통
4605,B0C5WGV7K8,2017-10,0.7790194813300199,8.0,0.4444444444444444,0.7964779523560875,0.7790194813300199,-0.01745847102606768,0.9325487182056931,0.590875726572819,보통
4600,B0C2DQMJGQ,2017-10,0.7363616601551918,10.0,0.5,0.7150645596216871,0.7363616601551918,0.021297100533504643,0.9183392510273941,0.6255017753082182,보통
4534,B07P4MVBVS,2017-10,0.7114985990532225,12.0,0.5454545454545454,0.7191037806928442,0.7114985990532225,-0.00760518163962165,0.9700373272166236,0.6728293799831688,보통
4480,B01CYBRSK2,2017-10,0.6885071770959983,6.0,0.375,0.6911101661836584,0.6885071770959983,-0.0026029890876601014,0.9896420604308755,0.5593926181292626,보통
4431,B00545ANEY,2017-10,0.6785402407268303,12.0,0.5454545454545454,0.6877450449355306,0.6785402407268303,-0.00920480420870029,0.9638503675196756,0.6709732920740845,보통
4514,B072JQMVQM,2017-10,0.6647279666446365,32.0,0.7619047619047619,0.6750477250166116,0.6647279666446365,-0.010319758371975074,0.9595613428404041,0.8212017361854544,높음
4602,B0C5BHXVH1,2017-10,0.6628306459847524,15.0,0.6,0.6679168664002079,0.6628306459847524,-0.005086220415455478,0.9798606790467509,0.7139582037140253,보통
4549,B08RS7H7KY,2017-10,0.6117287663653657,11.0,0.5238095238095238,0.6070602062630058,0.6117287663653657,0.004668560102359831,0.9814990428968092,0.6611163795357093,보통
4616,B0CDGZZPSY,2017-10,0.5911281681411203,27.0,0.7297297297297297,0.5931049960055318,0.5911281681411203,-0.0019768278644114456,0.9921238690907028,0.8084479715380217,높음
4468,B01A4JYDFY,2017-10,0.5876594459230305,11.0,0.5238095238095238,0.5974562302872504,0.5876594459230305,-0.009796784364219824,0.9615707464039154,0.6551378905878412,보통
4436,B00GPXASXK,2017-10,0.5828875057316613,13.0,0.5652173913043478,0.5885225862639465,0.5828875057316613,-0.00563508053228523,0.9777118129765221,0.688965717806,보통
4491,B01H42YPGG,2017-10,0.5457679953237166,10.0,0.5,0.5520436808735828,0.5457679953237166,-0.006275685549866239,0.9752097116903006,0.6425629135070902,보통
4532,B07NL9T1GL,2017-10,0.5376136496937755,14.0,0.5833333333333334,0.5407487078437413,0.5376136496937755,-0.0031350581499658414,0.9875380684706668,0.7045947538745334,보통
4588,B0BVZ6NRP6,2017-10,0.5256586373036568,28.0,0.7368421052631579,0.5345815717511605,0.5256586373036568,-0.008922934447503694,0.9649377014692994,0.8052707841250002,높음
4555,B092T5Y46X,2017-10,0.5251491495583146,23.0,0.696969696969697,0.5440762461715775,0.5251491495583146,-0.01892709661326286,0.9270865181320891,0.7660047433184145,높음
4438,B00I0WOAI8,2017-10,0.4995982274906517,18.0,0.6428571428571429,0.5162345229720756,0.4995982274906517,-0.016636295481423924,0.93562064175901,0.7306861925277031,보통
4496,B01IILFCRS,2017-10,0.43286263652761187,8.0,0.4444444444444444,0.4259704579917798,0.43286263652761187,0.006892178535832072,0.9728078345998028,0.6029534614910519,보통
4539,B07RZ4MGXR,2017-10,0.4243534697172721,43.0,0.8113207547169812,0.43280948162236466,0.4243534697172721,-0.008456011905092542,0.9667415901568671,0.8579470053489469,높음
4462,B014LOFZTQ,2017-10,0.3807237002089754,20.0,0.6666666666666666,0.371218606913581,0.3807237002089754,0.009505093295394396,0.9626933275654412,0.755474664936299,높음
4586,B0BTSQRXNZ,2017-10,0.3723733050123953,17.0,0.6296296296296297,0.3839727128491679,0.3723733050123953,-0.011599407836772602,0.9546622830599256,0.7271394256587184,보통
4417,B001TH7GZU,2017-10,0.3209767237398045,18.0,0.6428571428571429,0.34412321987272393,0.3209767237398045,-0.023146496132919414,0.9115708266039723,0.7234712479811917,보통
4607,B0C7CC35KH,2017-10,0.3144968590495097,25.0,0.7142857142857143,0.31267527845532206,0.3144968590495097,0.0018215805941876329,0.9927401585150004,0.7978220475545001,높음
4559,B09MQLYPRR,2017-10,0.31368199613685405,24.0,0.7058823529411765,0.3076817537956549,0.31368199613685405,0.006000242341199169,0.9762847633813695,0.7870030760732344,높음
4412,B000DLB2FI,2017-10,0.2978028680854386,16.0,0.6153846153846154,0.30095211185244614,0.2978028680854386,-0.003149243767007537,0.9874820347130151,0.7270138411831353,보통
4457,B00WA6TGDE,2017-10,0.2860453973365337,24.0,0.7058823529411765,0.2968460729799245,0.2860453973365337,-0.010800675643390767,0.9577172386411803,0.7814328186511776,높음
4470,B01ALBMIEI,2017-10,0.25078145434312843,42.0,0.8076923076923077,0.2293898001968512,0.25078145434312843,0.021391654146277223,0.917991987525829,0.840782211642364,높음
4318,B072JQMVQM,2017-09,0.7502939744913699,17.0,0.6296296296296297,0.7558218307369043,0.7502939744913699,-0.005527856245534424,0.9781312407229514,0.7341801129576262,보통
4392,B0C2DQMJGQ,2017-09,0.6951849979774541,13.0,0.5652173913043478,0.6666718557688334,0.6951849979774541,0.02851314220862078,0.8922110521544573,0.6633154895593806,보통
4311,B01N1YY7EO,2017-09,0.6721208341400444,34.0,0.7727272727272727,0.6869403468971887,0.6721208341400444,-0.014819512757144326,0.942444685008361,0.8236424964115991,높음
4333,B07P4MVBVS,2017-09,0.6068795353748893,17.0,0.6296296296296297,0.603883976091815,0.6068795353748893,0.0029955592830742672,0.9880892640049259,0.7371675199422185,보통
4284,B01CC7UIH8,2017-09,0.5868312238664334,13.0,0.5652173913043478,0.5958923041847233,0.5868312238664334,-0.009061080318289894,0.9644046401272144,0.6849735659512077,보통
4240,B00I0WOAI8,2017-09,0.571551362360962,12.0,0.5454545454545454,0.5878566094754312,0.571551362360962,-0.016305247114469124,0.9368604051633258,0.6628763033671795,보통
4353,B095S9GH55,2017-09,0.5549105575049078,13.0,0.5652173913043478,0.5622329925771046,0.5549105575049078,-0.007322435072196765,0.9711350467506517,0.6869926879382389,보통
4238,B00GPXASXK,2017-09,0.5188660277678391,11.0,0.5238095238095238,0.5226695974192244,0.5188660277678391,-0.0038035696513852857,0.9849008738045927,0.6621369288080444,보통
4266,B014LOFZTQ,2017-09,0.48932261497187124,17.0,0.6296296296296297,0.49234195029726296,0.48932261497187124,-0.0030193353253917254,0.987995297064703,0.7371393298601516,보통
4232,B00545ANEY,2017-09,0.4802478027199313,15.0,0.6,0.49080177988514867,0.4802478027199313,-0.010553977165217387,0.9586627746302049,0.7075988323890614,보통
4395,B0C5BHXVH1,2017-09,0.4677618491367399,28.0,0.7368421052631579,0.4759097306336803,0.4677618491367399,-0.008147881496940401,0.9679338546748513,0.8061696300866659,높음
4211,B000DLB2FI,2017-09,0.467485100404466,16.0,0.6153846153846154,0.47370495711683136,0.467485100404466,-0.006219856712365357,0.9754275153069338,0.723397485361311,보통
4217,B001TH7GZU,2017-09,0.45764390920747017,18.0,0.6428571428571429,0.47139096951992576,0.45764390920747017,-0.013747060312455595,0.9464962775013201,0.733948883250396,보통
4285,B01CYBRSK2,2017-09,0.41569817504341283,13.0,0.5652173913043478,0.42416228563814196,0.41569817504341283,-0.008464110594729124,0.966710273303731,0.6856652559041627,보통
4347,B08RS7H7KY,2017-09,0.4037240975400816,11.0,0.5238095238095238,0.3930480003190706,0.4037240975400816,0.010676097221010983,0.9581946011801497,0.6541250470207115,보통
4262,B00WA6TGDE,2017-09,0.3905705023675841,15.0,0.6,0.4020604677516777,0.3905705023675841,-0.011489965384093581,0.9550802968771176,0.7065240890631352,보통
4382,B0BTSQRXNZ,2017-09,0.3853123777638486,9.0,0.47368421052631576,0.40260088114128084,0.3853123777638486,-0.017288503377432263,0.9331829462292407,0.6115338312371932,보통
4398,B0C5WGV7K8,2017-09,0.37929483467665953,16.0,0.6153846153846154,0.37993443645547803,0.37929483467665953,-0.0006396017788184993,0.9974448628190076,0.730002689614933,보통
4301,B01IILFCRS,2017-09,0.3517739908300283,15.0,0.6,0.3564000337792888,0.3517739908300283,-0.0046260429492605,0.9816659792720205,0.7144997937816061,보통
4352,B092T5Y46X,2017-09,0.32297600945273186,46.0,0.8214285714285714,0.3407494866524754,0.32297600945273186,-0.017773477199743537,0.9313744237671009,0.8544123271301303,높음
4274,B01ALBMIEI,2017-09,0.31343998382012633,49.0,0.8305084745762712,0.2944461879454486,0.31343998382012633,0.018993795874677755,0.9268392071803633,0.8594076943574988,높음
4409,B0CDGZZPSY,2017-09,0.29585335175742483,42.0,0.8076923076923077,0.2999187783019854,0.29585335175742483,-0.004065426544560546,0.9838698015540109,0.8605455558508186,높음
4338,B07RZ4MGXR,2017-09,0.2763736488256883,46.0,0.8214285714285714,0.28434012536251074,0.2763736488256883,-0.00796647653682242,0.9686364615659897,0.8655909384697968,높음
4400,B0C7CC35KH,2017-09,0.26936128145885513,31.0,0.7560975609756098,0.27691213825683636,0.26936128145885513,-0.007550856797981231,0.9702481386171313,0.8203427342680661,높음
4357,B09MQLYPRR,2017-09,0.26674370071057646,32.0,0.7619047619047619,0.2691755583830579,0.26674370071057646,-0.002431857672481441,0.9903197277300293,0.8304292516523419,높음
4410,B0CFMQLYHG,2017-09,0.26263755397699456,63.0,0.863013698630137,0.23603862652335764,0.26263755397699456,0.026598927453636928,0.8990688073247164,0.8738302312385109,높음
4296,B01H42YPGG,2017-09,0.2584985170815495,16.0,0.6153846153846154,0.26150400560774717,0.2584985170815495,-0.003005488526197697,0.9880500208701205,0.7271842370302669,보통
4384,B0BVZ6NRP6,2017-09,0.20509017027014712,62.0,0.8611111111111112,0.21575563609368986,0.20509017027014712,-0.010665465823542747,0.958235349837202,0.8902483827289384,높음
4084,B01A4JYDFY,2017-08,0.7937915579529902,11.0,0.5238095238095238,0.7954409583840274,0.7937915579529902,-0.001649400431037229,0.9934241146651643,0.664693901066216,보통
4115,B01N1YY7EO,2017-08,0.6675771618432752,36.0,0.782608695652174,0.6719591970513248,0.6675771618432752,-0.004382035208049584,0.9826245834024806,0.8426134619772658,높음
4194,B0C5BHXVH1,2017-08,0.6133843542928141,20.0,0.6666666666666666,0.6230760480048637,0.6133843542928141,-0.009691693712049587,0.9619750397602567,0.7552591785947436,높음
4053,B00GPXASXK,2017-08,0.608604246371617,17.0,0.6296296296296297,0.6269711838075563,0.608604246371617,-0.018366937435939312,0.9291661111534982,0.7194905740867902,보통
4154,B095S9GH55,2017-08,0.5679177940659466,9.0,0.47368421052631576,0.5867886465933522,0.5679177940659466,-0.018870852527405613,0.9272951141306834,0.6097674816076261,보통
4140,B07RZ4MGXR,2017-08,0.5133535705686791,33.0,0.7674418604651163,0.5094660199385272,0.5133535705686791,0.0038875506301518925,0.9845700776113988,0.832580325609001,높음
4074,B00WA6TGDE,2017-08,0.48071126599583547,16.0,0.6153846153846154,0.5014579481801072,0.48071126599583547,-0.02074668218427178,0.9203633615232211,0.7068782392261971,보통
4096,B01CYBRSK2,2017-08,0.4581468605506534,18.0,0.6428571428571429,0.4665483004630179,0.4581468605506534,-0.008401439912364472,0.9669526412510985,0.7400857923753296,보통
4192,B0C2DQMJGQ,2017-08,0.45597917446931313,16.0,0.6153846153846154,0.4268459954992373,0.45597917446931313,0.029133178970075835,0.8900009793348657,0.6977695245696904,보통
4157,B09MQLYPRR,2017-08,0.4070323532728873,32.0,0.7619047619047619,0.401815408398074,0.4070323532728873,0.0052169448748132785,0.9793484459511538,0.8271378671186793,높음
4033,B001TH7GZU,2017-08,0.4050560625374232,17.0,0.6296296296296297,0.4280550804265151,0.4050560625374232,-0.022999017889091866,0.9121087327057954,0.7143733605524794,보통
4134,B07P4MVBVS,2017-08,0.3741294118086136,27.0,0.7297297297297297,0.3789221835737839,0.3741294118086136,-0.0047927717651702895,0.9810115095088437,0.805114263663464,높음
4105,B01H42YPGG,2017-08,0.3342829593889972,12.0,0.5454545454545454,0.34211151570585735,0.3342829593889972,-0.007828556316860136,0.9691709872115926,0.6725694779816596,보통
4055,B00I0WOAI8,2017-08,0.33406112601762306,15.0,0.6,0.3497563421948986,0.33406112601762306,-0.01569521617727554,0.9391492518861858,0.7017447755658557,보통
4077,B014LOFZTQ,2017-08,0.31063689936482425,15.0,0.6,0.3145927367425667,0.31063689936482425,-0.003955837377742466,0.984301181983586,0.7152903545950757,보통
4026,B000DLB2FI,2017-08,0.3036302658838045,21.0,0.6774193548387096,0.30414578782550955,0.3036302658838045,-0.000515521941705066,0.9979400368755083,0.7735755594497491,높음
4209,B0CFMQLYHG,2017-08,0.2740204156416952,40.0,0.8,0.2528494810945938,0.2740204156416952,0.021170934547101394,0.9188028207008404,0.835640846210252,높음
4153,B092T5Y46X,2017-08,0.25739474359196257,44.0,0.8148148148148148,0.2615563628053363,0.25739474359196257,-0.004161619213373713,0.9834913101269769,0.8654177634084634,높음
4199,B0C7CC35KH,2017-08,0.24437819749850292,53.0,0.8412698412698413,0.2540042045251837,0.24437819749850292,-0.00962600702668076,0.962227828775625,0.8775572375215763,높음
4182,B0BTSQRXNZ,2017-08,0.24159251573593588,14.0,0.5833333333333334,0.24938758444873052,0.24159251573593588,-0.007795068712794645,0.9693008167639258,0.699123578362511,보통
4184,B0BVZ6NRP6,2017-08,0.22192576767094563,91.0,0.900990099009901,0.22488856613079347,0.22192576767094563,-0.002962798459847843,0.9882187549600412,0.927158695794943,높음
4208,B0CDGZZPSY,2017-08,0.18577804701907866,33.0,0.7674418604651163,0.18473635056357635,0.18577804701907866,0.0010416964555023112,0.9958418831852222,0.835961867281148,높음
4086,B01ALBMIEI,2017-08,0.16424364964030105,73.0,0.8795180722891566,0.152773009867975,0.16424364964030105,0.011470639772326041,0.9551541297749098,0.9022088895348825,높음
3882,B00GPXASXK,2017-07,0.6846490076201514,9.0,0.47368421052631576,0.7046917928997234,0.6846490076201514,-0.02004278527957204,0.9229583767407415,0.6084664603906436,보통
3923,B01CYBRSK2,2017-07,0.6169570441631299,13.0,0.5652173913043478,0.623541177900386,0.6169570441631299,-0.0065841337372560815,0.9740072469673827,0.6878543480032582,보통
3950,B07BWGY9VG,2017-07,0.5991547724538057,7.0,0.4117647058823529,0.5948088133883228,0.5991547724538057,0.004345959065482852,0.9827663908522077,0.5830652113733094,보통
3926,B01E9H4SZM,2017-07,0.5899703116026712,6.0,0.375,0.6196938682748437,0.5899703116026712,-0.029723556672172524,0.8879017120994124,0.5288705136298237,보통
3965,B07RZ4MGXR,2017-07,0.5551203452643919,48.0,0.8275862068965517,0.566744873135485,0.5551203452643919,-0.011624527871093138,0.9545663632817626,0.8656802538121149,높음
4009,B0C2DQMJGQ,2017-07,0.54909695943253,10.0,0.5,0.5199119311320645,0.54909695943253,0.029185028300465543,0.8898164146553386,0.6169449243966015,보통
3851,B000DLB2FI,2017-07,0.5428458696497244,17.0,0.6296296296296297,0.5417158563662047,0.5428458696497244,0.001130013283519693,0.9954901469320214,0.7393877848203472,보통
3959,B07P4MVBVS,2017-07,0.5393074285168645,17.0,0.6296296296296297,0.5413535168103555,0.5393074285168645,-0.0020460882934909552,0.9918490474614955,0.7382954549791894,보통
3942,B01N1YY7EO,2017-07,0.5231814875499181,53.0,0.8412698412698413,0.540335056990289,0.5231814875499181,-0.01715356944037094,0.9336867543743761,0.8689949152012018,높음
4001,B0BTSQRXNZ,2017-07,0.5014669743866838,7.0,0.4117647058823529,0.5152930419899339,0.5014669743866838,-0.013826067603250114,0.9461972043352006,0.5720944554182072,보통
3883,B00GPXTA0C,2017-07,0.4955142972565816,10.0,0.5,0.49415160475946074,0.4955142972565816,0.0013626924971208432,0.9945640585037833,0.648369217551135,보통
3885,B00I0WOAI8,2017-07,0.461014286344388,12.0,0.5454545454545454,0.48200002428867544,0.461014286344388,-0.02098573794428743,0.9194837095104907,0.657663294671329,보통
3904,B00WA6TGDE,2017-07,0.4529658976844347,19.0,0.6551724137931034,0.4667363846732029,0.4529658976844347,-0.013770486988768205,0.9464075886090605,0.7425429662378905,보통
3907,B014LOFZTQ,2017-07,0.4473821117675283,21.0,0.6774193548387096,0.4473674148765759,0.4473821117675283,1.4696890952403674e-05,0.9999412141641454,0.7741759126363403,높음
3937,B01I3M7K3Q,2017-07,0.4234743154288861,6.0,0.375,0.444681065628218,0.4234743154288861,-0.021206750199331936,0.9186712000400465,0.5381013600120139,보통
3932,B01H42YPGG,2017-07,0.42185143313383977,9.0,0.47368421052631576,0.44316237844471656,0.42185143313383977,-0.021310945310876794,0.9182883956256402,0.6070654660561131,보통
3975,B092T5Y46X,2017-07,0.39331776526866,38.0,0.7916666666666666,0.4023715461466295,0.39331776526866,-0.009053780877969486,0.9644327989947616,0.843496506365095,높음
4003,B0BVZ6NRP6,2017-07,0.38970520845662887,33.0,0.7674418604651163,0.4111766542444793,0.38970520845662887,-0.02147144578785043,0.9176990419269933,0.8125190149036794,높음
4016,B0C7CC35KH,2017-07,0.37163227478858724,30.0,0.75,0.3777246413632247,0.37163227478858724,-0.0060923665746374644,0.9759250717163015,0.8177775215148904,높음
3858,B001TH7GZU,2017-07,0.274535667426396,23.0,0.696969696969697,0.29059110174195535,0.274535667426396,-0.016055434315559336,0.9377970319281042,0.769217897457219,높음
4011,B0C5BHXVH1,2017-07,0.24539831801382123,40.0,0.8,0.2567849148562185,0.24539831801382123,-0.01138659684239729,0.9554752795590222,0.8466425838677065,높음
3915,B01ALBMIEI,2017-07,0.23513696324437328,36.0,0.782608695652174,0.22461692684487283,0.23513696324437328,0.010520036399500443,0.9587929344599947,0.8354639672945201,높음
3976,B095S9GH55,2017-07,0.22607722032581054,21.0,0.6774193548387096,0.23899439734805591,0.22607722032581054,-0.012917177022245374,0.9496434239196015,0.7590865755629772,높음
3980,B09MQLYPRR,2017-07,0.22342802494841235,45.0,0.8181818181818182,0.22305202326281612,0.22342802494841235,0.00037600168559623337,0.9984971237089492,0.8722764098399575,높음
4024,B0CFMQLYHG,2017-07,0.1941636433074167,31.0,0.7560975609756098,0.1754815975886464,0.1941636433074167,0.0186820457187703,0.9279956971717291,0.8076670018344454,높음
3737,B014LOFZTQ,2017-06,0.8416759062045757,6.0,0.375,0.8472357939050809,0.8416759062045757,-0.005559887700505195,0.9780059248840492,0.5559017774652147,보통
3768,B01L7RP13A,2017-06,0.8160526181224265,15.0,0.6,0.8299250468082843,0.8160526181224265,-0.013872428685857807,0.946021753696853,0.7038065261090558,보통
3842,B0C7CC35KH,2017-06,0.7719996199815006,6.0,0.375,0.7744056594284897,0.7719996199815006,-0.002406039446989139,0.9904220062033958,0.5596266018610188,보통
3745,B01AYKYBAA,2017-06,0.737001495257066,8.0,0.4444444444444444,0.7141603328769377,0.737001495257066,0.022841162380128344,0.9126848401230391,0.5849165631480228,보통
3832,B0BVZ6NRP6,2017-06,0.7063508129444811,28.0,0.7368421052631579,0.714068271575187,0.7063508129444811,-0.007717458630705942,0.9696017735398997,0.8066700057461804,높음
3734,B00WA6TGDE,2017-06,0.5944200764724947,17.0,0.6296296296296297,0.6228312835219177,0.5944200764724947,-0.028411207049423015,0.8925749170332223,0.7085132158507075,보통
3764,B01IILFCRS,2017-06,0.5625054702069293,10.0,0.5,0.5669402654765004,0.5625054702069293,-0.004434795269571135,0.9824172319491095,0.6447251695847328,보통
3831,B0BTSQRXNZ,2017-06,0.552894643303572,14.0,0.5833333333333334,0.5621561069256604,0.552894643303572,-0.009261463622088462,0.9636319474860419,0.6974229175791459,보통
3780,B07BWGY9VG,2017-06,0.5187711683717149,8.0,0.4444444444444444,0.52284249094376,0.5187711683717149,-0.004071322572045122,0.9838465981340632,0.60626509055133,보통
3794,B07RZ4MGXR,2017-06,0.5106628295994591,37.0,0.7872340425531915,0.5240757306695174,0.5106628295994591,-0.013412901070058325,0.9477622452986056,0.8353925033768157,높음
3837,B0C2DQMJGQ,2017-06,0.49282220065638044,12.0,0.5454545454545454,0.4593063666824529,0.49282220065638044,0.033515833973927545,0.874534673412357,0.6441785838418889,보통
3763,B01I3M7K3Q,2017-06,0.4651042300454249,11.0,0.5238095238095238,0.48564065765258757,0.4651042300454249,-0.020536427607162677,0.9211377295438743,0.643007985529829,보통
3709,B00GPXASXK,2017-06,0.464788750643572,20.0,0.6666666666666666,0.47324800737857403,0.464788750643572,-0.00845925673500203,0.9667290425901908,0.7566853794437238,높음
3771,B01N1YY7EO,2017-06,0.46075661979589155,37.0,0.7872340425531915,0.46646489964590326,0.46075661979589155,-0.0057082798500117105,0.9774255835315951,0.8442915048467126,높음
3759,B01H42YPGG,2017-06,0.4483227575839952,15.0,0.6,0.45210689695111034,0.4483227575839952,-0.0037841393671151358,0.9849774243951773,0.7154932273185532,보통
3712,B00I0WOAI8,2017-06,0.4479359094256391,14.0,0.5833333333333334,0.4654177732987126,0.4479359094256391,-0.01748186387307349,0.9324614624101178,0.6880717720563687,보통
3710,B00GPXTA0C,2017-06,0.4459212654843065,12.0,0.5454545454545454,0.4499879804265443,0.4459212654843065,-0.004066714942237815,0.9838647311048082,0.6769776011496242,보통
3675,B000DLB2FI,2017-06,0.441859878865958,26.0,0.7222222222222222,0.43781399198121657,0.441859878865958,0.004045886884741445,0.9839467024841224,0.8007395663007922,높음
3754,B01E9H4SZM,2017-06,0.4289820562650008,14.0,0.5833333333333334,0.44635334817902855,0.4289820562650008,-0.017371291914027753,0.932873969989469,0.6881955243301741,보통
3806,B092T5Y46X,2017-06,0.41924270091938837,46.0,0.8214285714285714,0.4313034691010039,0.41924270091938837,-0.012060768181615555,0.9529021344045605,0.8608706403213682,높음
3684,B001TH7GZU,2017-06,0.4154628044225951,20.0,0.6666666666666666,0.4336067040178935,0.4154628044225951,-0.018143899595298385,0.9299954378530769,0.7456652980225897,보통
3788,B07P4MVBVS,2017-06,0.34104553934999166,21.0,0.6774193548387096,0.3498132153784514,0.34104553934999166,-0.008767676028459737,0.9655371463958003,0.7638546923058368,높음
3839,B0C5BHXVH1,2017-06,0.3044126342767738,24.0,0.7058823529411765,0.3129255155021511,0.3044126342767738,-0.0085128812253773,0.9665217034189411,0.7840741580845059,높음
3744,B01ALBMIEI,2017-06,0.19186649660051985,36.0,0.782608695652174,0.18016526970726904,0.19186649660051985,0.011701226893250816,0.9542735509743013,0.8341081522488121,높음
3810,B09MQLYPRR,2017-06,0.1723663409353573,55.0,0.8461538461538461,0.165311950688241,0.1723663409353573,0.007054390247116293,0.9721768360382489,0.883960743119167,높음
3571,B01LZXI9TE,2017-05,0.8871976286695865,9.0,0.47368421052631576,0.8894473326078149,0.8871976286695865,-0.002249703938228431,0.9910415524102596,0.6288914130914989,보통
3638,B0BCWB19QY,2017-05,0.8517876723654216,5.0,0.3333333333333333,0.8585380698475359,0.8517876723654216,-0.0067503974821142565,0.9733596939508302,0.5253412415185824,보통
3522,B014LOFZTQ,2017-05,0.8368621582711819,9.0,0.47368421052631576,0.8370917974356068,0.8368621582711819,-0.00022963916442486632,0.9990818650863255,0.6313035068943187,보통
3561,B01IILFCRS,2017-05,0.7788594034281775,7.0,0.4117647058823529,0.7795211491879386,0.7788594034281775,-0.0006617457597610787,0.9973565171315817,0.5874422492571215,보통
3569,B01L7RP13A,2017-05,0.7777904976506425,16.0,0.6153846153846154,0.7898486325965475,0.7777904976506425,-0.012058134945905019,0.9529121713211354,0.7166428821655714,보통
3673,B0CDGZZPSY,2017-05,0.7766235008944115,16.0,0.6153846153846154,0.7926619853126259,0.7766235008944115,-0.016038484418214427,0.9378606163372644,0.71212741567041,보통
3550,B01GHWLL84,2017-05,0.7754637844504667,6.0,0.375,0.7826797865335067,0.7754637844504667,-0.007216002083039963,0.9715485779947409,0.5539645733984222,보통
3662,B0C7CC35KH,2017-05,0.7496678991241545,28.0,0.7368421052631579,0.7498277527619976,0.7496678991241545,-0.00015985363784309925,0.999360789830548,0.8155977106333748,높음
3551,B01H42YPGG,2017-05,0.7475599328171065,9.0,0.47368421052631576,0.7586335594379251,0.7475599328171065,-0.011073626620818566,0.9566721698245573,0.6185805983157882,보통
3612,B08RS7H7KY,2017-05,0.6868563360848876,5.0,0.3333333333333333,0.6806820408446786,0.6868563360848876,0.00617429524020896,0.975605299160947,0.5260149230816173,보통
3583,B07BWGY9VG,2017-05,0.6482266942515134,15.0,0.6,0.6592097359011688,0.6482266942515134,-0.010983041649655467,0.9570188731166439,0.7071056619349931,보통
3544,B01E9H4SZM,2017-05,0.6350676138356237,10.0,0.5,0.6560291874395203,0.6350676138356237,-0.02096157360389661,0.919572588675196,0.6258717766025588,보통
3492,B00GPXTA0C,2017-05,0.557043037375371,9.0,0.47368421052631576,0.5645085784664214,0.557043037375371,-0.007465541091050465,0.9705793047446395,0.6227527387918128,보통
3647,B0BTSQRXNZ,2017-05,0.5226032575186413,20.0,0.6666666666666666,0.5320511661443244,0.5226032575186413,-0.00944790862568301,0.9629135579519656,0.7555407340522563,높음
3560,B01I3M7K3Q,2017-05,0.5118886334530967,13.0,0.5652173913043478,0.5331637081123468,0.5118886334530967,-0.02127507465925016,0.9184201634911416,0.6711782229603859,보통
3494,B00I0WOAI8,2017-05,0.5042808603252381,6.0,0.375,0.519525486728133,0.5042808603252381,-0.015244626402894923,0.9408434624134961,0.5447530387240488,보통
3491,B00GPXASXK,2017-05,0.4924997194145326,17.0,0.6296296296296297,0.50034578287215,0.4924997194145326,-0.007846063457617458,0.9691031199363801,0.7314716767216547,보통
3658,B0C5BHXVH1,2017-05,0.47566786492154994,22.0,0.6875,0.48039425607601666,0.47566786492154994,-0.004726391154466714,0.9812720246660573,0.7756316073998171,높음
3516,B00WA6TGDE,2017-05,0.4636285055869348,21.0,0.6774193548387096,0.4826500652484409,0.4636285055869348,-0.019021559661506093,0.9267362826309303,0.7522144331763758,높음
3618,B095S9GH55,2017-05,0.3970694617461217,10.0,0.5,0.4058597189059626,0.3970694617461217,-0.008790257159840942,0.965449938649734,0.6396349815949202,보통
3648,B0BTV3G59T,2017-05,0.3853997123676809,8.0,0.4444444444444444,0.4007420622810598,0.3853997123676809,-0.015342349913378905,0.9404757641798507,0.5932538403650662,보통
3650,B0BVZ6NRP6,2017-05,0.3780645369424734,87.0,0.8969072164948454,0.3961851931513084,0.3780645369424734,-0.018120656208835018,0.9300819068461638,0.9068596236002409,높음
3594,B07P4MVBVS,2017-05,0.365887500591266,19.0,0.6551724137931034,0.37511042190996974,0.365887500591266,-0.009222921318703725,0.963780521317988,0.7477548460505687,보통
3617,B092T5Y46X,2017-05,0.3355992695501502,59.0,0.855072463768116,0.34340218216168145,0.3355992695501502,-0.007802912611531265,0.9692704048512161,0.8893318460930459,높음
3457,B000DLB2FI,2017-05,0.3243163048809109,30.0,0.75,0.31848017559603603,0.3243163048809109,0.005836129284874869,0.9769258580878161,0.8180777574263447,높음
3531,B01ALBMIEI,2017-05,0.2913730763845408,25.0,0.7142857142857143,0.26410129565579626,0.2913730763845408,0.027271780728744532,0.896652295133487,0.7689956885400461,높음
3467,B001TH7GZU,2017-05,0.28970085218164726,29.0,0.7435897435897436,0.30164802674313007,0.28970085218164726,-0.01194717456148281,0.9533352071980394,0.8065133826722324,높음
3623,B09MQLYPRR,2017-05,0.2613462071033909,30.0,0.75,0.26247156549188055,0.2613462071033909,-0.00112535838848965,0.9955086827131348,0.8236526048139403,높음
3602,B07RZ4MGXR,2017-05,0.24042910997612452,62.0,0.8611111111111112,0.24864515044941227,0.24042910997612452,-0.00821604047328775,0.9676699971221807,0.8930787769144319,높음
3343,B01LZXI9TE,2017-04,0.8457360948814211,21.0,0.6774193548387096,0.8505667713069129,0.8457360948814211,-0.004830676425491842,0.9808627811519665,0.7684523827326866,높음
3320,B01H42YPGG,2017-04,0.8405044945559117,7.0,0.4117647058823529,0.8438382284688525,0.8405044945559117,-0.003333733912940784,0.986753580712481,0.5842613683313913,보통
3308,B01CC7UIH8,2017-04,0.840380915538373,8.0,0.4444444444444444,0.8498709396637696,0.840380915538373,-0.009490024125396568,0.9627513572719781,0.5999365182927046,보통
3256,B00KY5V4M4,2017-04,0.7724367540615049,6.0,0.375,0.765735019143622,0.7724367540615049,0.006701734917882951,0.9735491771062126,0.5545647531318637,보통
3340,B01L7RP13A,2017-04,0.7655064936624845,24.0,0.7058823529411765,0.7719988402216094,0.7655064936624845,-0.006492346559124895,0.9743649181293321,0.7864271224976231,높음
3443,B0C7CC35KH,2017-04,0.7434819054129069,175.0,0.9459459459459459,0.7549086809680126,0.7434819054129069,-0.011426775555105628,0.9553217328309431,0.9487586820114451,높음
3395,B09GPXGW3M,2017-04,0.7287944035555718,9.0,0.47368421052631576,0.7393626437911529,0.7287944035555718,-0.010568240235581117,0.9586080822919425,0.6191613720560037,보통
3329,B01I3M7K3Q,2017-04,0.7221241225089476,9.0,0.47368421052631576,0.7448946243649108,0.7221241225089476,-0.022770501855963188,0.9129428397389004,0.6054617992900911,보통
3313,B01E9H4SZM,2017-04,0.6840619685648911,11.0,0.5238095238095238,0.6928410994287492,0.6840619685648911,-0.008779130863858065,0.9654929071329833,0.6563145388065617,보통
3435,B0C27VVXVW,2017-04,0.6828697353789676,8.0,0.4444444444444444,0.6878022734322607,0.6828697353789676,-0.0049325380532931895,0.9804632134405776,0.6052500751432843,보통
3391,B095S9GH55,2017-04,0.6692726465310248,9.0,0.47368421052631576,0.679004911908502,0.6692726465310248,-0.009732265377477178,0.9618189367094694,0.6201246283812618,보통
3353,B07BWGY9VG,2017-04,0.6686354270724906,15.0,0.6,0.6809472705502974,0.6686354270724906,-0.012311843477806783,0.951945614059668,0.7055836842179004,보통
3367,B07P4MVBVS,2017-04,0.6315680964322105,8.0,0.4444444444444444,0.6419926083590232,0.6315680964322105,-0.010424511926812707,0.9591593572181422,0.5988589182765537,보통
3275,B00W0WXHCO,2017-04,0.5974540767720894,10.0,0.5,0.5996317826291735,0.5974540767720894,-0.0021777058570841,0.9913270058729211,0.6473981017618763,보통
3385,B08RS7H7KY,2017-04,0.5964426660383082,16.0,0.6153846153846154,0.5840416297189128,0.5964426660383082,0.012401036319395375,0.9516060476996239,0.716251045079118,보통
3422,B0BTSQRXNZ,2017-04,0.5651327626197507,24.0,0.7058823529411765,0.5594990431736049,0.5651327626197507,0.0056337194461457685,0.9777171359910003,0.7874327878561236,높음
3454,B0CDGZZPSY,2017-04,0.5645597560689344,40.0,0.8,0.5669742807443384,0.5645597560689344,-0.0024145246754040395,0.9903883909460662,0.8571165172838198,높음
3438,B0C5BHXVH1,2017-04,0.5517486385757803,25.0,0.7142857142857143,0.551113074945166,0.5517486385757803,0.0006355636306142332,0.9974609742698547,0.7992382922809564,높음
3291,B01ALBMIEI,2017-04,0.5210254449869215,17.0,0.6296296296296297,0.49471680019698067,0.5210254449869215,0.026308644789940827,0.900113349985557,0.7107747457364078,보통
3437,B0C53QDKH7,2017-04,0.5204205036205601,10.0,0.5,0.5325340142839844,0.5204205036205601,-0.012113510663424254,0.952701121915144,0.6358103365745431,보통
3246,B00GPXTA0C,2017-04,0.5123750666255223,11.0,0.5238095238095238,0.5138142268638528,0.5123750666255223,-0.0014391602383304614,0.9942598967551102,0.6649446356931996,보통
3207,B000DLB2FI,2017-04,0.5031736746492309,33.0,0.7674418604651163,0.5178262330012096,0.5031736746492309,-0.01465255835197865,0.943074276378216,0.8201315852390462,높음
3243,B00E8KC36M,2017-04,0.4965567494026355,11.0,0.5238095238095238,0.4940275342082826,0.4965567494026355,0.002529215194352896,0.9899341425159353,0.6636469094214472,보통
3330,B01IILFCRS,2017-04,0.4651100635436667,14.0,0.5833333333333334,0.460230511000679,0.4651100635436667,0.004879552542987664,0.9806710368378571,0.7025346443846905,보통
3412,B0BCWB19QY,2017-04,0.46354049545806475,16.0,0.6153846153846154,0.4800873693537797,0.46354049545806475,-0.016546873895714964,0.935955360343207,0.7115558388721929,보통
3276,B00WA6TGDE,2017-04,0.41925743464181875,16.0,0.6153846153846154,0.43003215805663314,0.41925743464181875,-0.010774723414814391,0.9578166633884336,0.7181142297857609,보통
3248,B00I0WOAI8,2017-04,0.41387820000645403,12.0,0.5454545454545454,0.43463451531857816,0.41387820000645403,-0.02075631531212413,0.9203278982947404,0.6579165513066039,보통
3423,B0BTV3G59T,2017-04,0.33655186922526714,9.0,0.47368421052631576,0.35305280425477253,0.33655186922526714,-0.016500935029505392,0.9361273630582503,0.6124171562858961,보통
3427,B0BVZ6NRP6,2017-04,0.31686659011055435,80.0,0.8888888888888888,0.3286645892288478,0.31686659011055435,-0.011797999118293434,0.9539042337589018,0.9083934923498926,높음
3245,B00GPXASXK,2017-04,0.3112043123846143,21.0,0.6774193548387096,0.3143194428585669,0.3112043123846143,-0.0031151304739525654,0.9876167889627752,0.7704785850759293,높음
3375,B07RZ4MGXR,2017-04,0.30133936379898557,46.0,0.8214285714285714,0.3128208193320484,0.30133936379898557,-0.011481455533062845,0.9551128077946358,0.8615338423383907,높음
3219,B001TH7GZU,2017-04,0.28918087400412135,25.0,0.7142857142857143,0.3053052673779192,0.28918087400412135,-0.01612439337379784,0.9375383892006993,0.7812615167602097,높음
3390,B092T5Y46X,2017-04,0.26659219798504585,92.0,0.9019607843137255,0.2795160581724545,0.26659219798504585,-0.012923860187408653,0.9496180377635297,0.9162579603486667,높음
3283,B014LOFZTQ,2017-04,0.24917154435840852,26.0,0.7222222222222222,0.24845021992704094,0.24917154435840852,0.000721324431367576,0.9971188607455749,0.8046912137792279,높음
3397,B09MQLYPRR,2017-04,0.2405515099646956,23.0,0.696969696969697,0.2441178573916028,0.2405515099646956,-0.0035663474269072015,0.9858358788470863,0.7836295515329137,높음
3043,B01DTJ2NQC,2017-03,0.8685644545975844,7.0,0.4117647058823529,0.875586083555037,0.8685644545975844,-0.007021628957452619,0.9723042434538481,0.5799265671538014,보통
3183,B0C27VVXVW,2017-03,0.8017346804949634,10.0,0.5,0.8143548731376606,0.8017346804949634,-0.012620192642697203,0.9507722113034773,0.6352316633910431,보통
3110,B07NYTQPKV,2017-03,0.7682290521827313,12.0,0.5454545454545454,0.7804439742554768,0.7682290521827313,-0.012214922072745549,0.9523147412335196,0.6675126041882377,보통
3085,B01LZXI9TE,2017-03,0.7646379036229208,28.0,0.7368421052631579,0.772030847027182,0.7646379036229208,-0.007392943404261221,0.9708611929209975,0.8070478315605096,높음
3131,B08RS7H7KY,2017-03,0.7603874719670626,13.0,0.5652173913043478,0.7521455932234589,0.7603874719670626,0.008241878743603714,0.967569990614411,0.6859231710973667,보통
2927,B000DLB2FI,2017-03,0.7340967051031513,25.0,0.7142857142857143,0.7323780102200298,0.7340967051031513,0.0017186948831214854,0.9931487977039508,0.7979446393111853,높음
3193,B0C7CC35KH,2017-03,0.7159728718510824,198.0,0.9519230769230769,0.7046474325483563,0.7159728718510824,0.011325439302726115,0.955709046220302,0.9530588677122445,높음
3170,B0BTSQRXNZ,2017-03,0.7047813714541153,29.0,0.7435897435897436,0.7156875647371183,0.7047813714541153,-0.010906193283002907,0.9573130996850082,0.8077067504183231,높음
3141,B09GPXGW3M,2017-03,0.7024477068075493,12.0,0.5454545454545454,0.7053576148082347,0.7024477068075493,-0.0029099080006853573,0.9884278464519626,0.6783465357537706,보통
2993,B00UVUZRHU,2017-03,0.6806352811183787,5.0,0.3333333333333333,0.6685787275227247,0.6806352811183787,0.01205655359565394,0.9529181988918043,0.5192087930008746,보통
3047,B01E9H4SZM,2017-03,0.6718232050128728,25.0,0.7142857142857143,0.6899746164989297,0.6718232050128728,-0.018151411486056812,0.9299674941763587,0.7789902482529076,높음
2961,B00545ANEY,2017-03,0.6658447451323917,9.0,0.47368421052631576,0.6798253548327783,0.6658447451323917,-0.013980609700386615,0.9456124758830927,0.6152626901333489,보통
3056,B01H42YPGG,2017-03,0.6594574783147804,21.0,0.6774193548387096,0.6735990267440685,0.6594574783147804,-0.014141548429288053,0.9450039291019919,0.7576947271176943,높음
3040,B01CC7UIH8,2017-03,0.6559589122368329,22.0,0.6875,0.6605456399015125,0.6559589122368329,-0.004586727664679602,0.9818203693208336,0.7757961107962501,높음
3184,B0C2DQMJGQ,2017-03,0.6469307972561951,9.0,0.47368421052631576,0.6164073939910882,0.6469307972561951,0.03052340326510683,0.8850655109332551,0.5970986006483976,보통
2998,B00W0WXHCO,2017-03,0.6201988413521643,10.0,0.5,0.6352704513887371,0.6201988413521643,-0.015071610036572758,0.9414948130447167,0.632448443913415,보통
3081,B01L7RP13A,2017-03,0.6080683733041967,41.0,0.803921568627451,0.6295091038918638,0.6080683733041967,-0.021440730587667045,0.9178117980926314,0.8380886374670051,높음
3002,B00WA6TGDE,2017-03,0.5870907486141117,9.0,0.47368421052631576,0.5905947693002036,0.5870907486141117,-0.003504020686091902,0.9860816852356646,0.6274034529391204,보통
3147,B09TWWTX37,2017-03,0.5681767655546499,10.0,0.5,0.5659829453523846,0.5681767655546499,0.0021938202022653286,0.9912631095899963,0.6473789328769989,보통
2922,B00009W3I4,2017-03,0.5398742315722496,11.0,0.5238095238095238,0.5370425414456004,0.5398742315722496,0.002831690126649189,0.9887371457340546,0.663287810386883,보통
3186,B0C53QDKH7,2017-03,0.5183350086670088,19.0,0.6551724137931034,0.5338991023346028,0.5183350086670088,-0.015564093667594037,0.939641955511454,0.7405132763086086,보통
2973,B00I0WOAI8,2017-03,0.49996477492863206,13.0,0.5652173913043478,0.5224421489857406,0.49996477492863206,-0.022477374057108535,0.9140139032335343,0.6698563448831036,보통
3011,B014LOFZTQ,2017-03,0.48908977653159663,27.0,0.7297297297297297,0.4858625283045524,0.48908977653159663,0.0032272482270442326,0.9871739707645834,0.8069630020401858,높음
2970,B00GPXASXK,2017-03,0.47753217794826286,18.0,0.6428571428571429,0.5006771943222299,0.47753217794826286,-0.023145016373967042,0.9115762222403062,0.7234728666720919,보통
3137,B095S9GH55,2017-03,0.4721519198005409,16.0,0.6153846153846154,0.4774669771616676,0.4721519198005409,-0.005315057361126696,0.978964176115426,0.7244584836038586,보통
2971,B00GPXTA0C,2017-03,0.4711086430748074,12.0,0.5454545454545454,0.4705062004573341,0.4711086430748074,0.0006024426174732755,0.9975931306961164,0.6810961210270168,보통
3112,B07P4MVBVS,2017-03,0.44233723550757587,23.0,0.696969696969697,0.45542756396985234,0.44233723550757587,-0.01309032846227648,0.9489859231348297,0.7725745648192368,높음
2980,B00KY5V4M4,2017-03,0.4316354436573253,14.0,0.5833333333333334,0.41110894610748405,0.4316354436573253,0.02052649754984126,0.9211743180723431,0.6846856287550362,보통
3055,B01GHWLL84,2017-03,0.4080536788162897,21.0,0.6774193548387096,0.41640790578914316,0.4080536788162897,-0.008354226972853485,0.967135269201606,0.7643341291475785,높음
3136,B092T5Y46X,2017-03,0.3996726072860374,45.0,0.8181818181818182,0.41701311647360695,0.3996726072860374,-0.017340509187569575,0.9329888426784656,0.8526239255308123,높음
3106,B07NL9T1GL,2017-03,0.3941111491025956,15.0,0.6,0.39965523433016675,0.3941111491025956,-0.0055440852275711605,0.9780677464865263,0.7134203239459578,보통
3066,B01I3M7K3Q,2017-03,0.38875100805470014,16.0,0.6153846153846154,0.40668741699940825,0.38875100805470014,-0.017936408944708104,0.9307676196835565,0.7099995166742977,보통
3093,B07BWGY9VG,2017-03,0.3718294645398177,29.0,0.7435897435897436,0.36644656706606893,0.3718294645398177,0.00538289747374876,0.9786985599960683,0.8141223885116411,높음
3160,B0BCWB19QY,2017-03,0.34887826238285063,23.0,0.696969696969697,0.3526360608140033,0.34887826238285063,-0.003757798431152648,0.9850812107717839,0.783403151110323,높음
3171,B0BTV3G59T,2017-03,0.3322459632186131,16.0,0.6153846153846154,0.34717713046373333,0.3322459632186131,-0.014931167245120225,0.9420238662729559,0.7133763906511175,보통
3175,B0BVZ6NRP6,2017-03,0.32646501044311427,55.0,0.8461538461538461,0.3414212827685746,0.32646501044311427,-0.014956272325460318,0.9419292726832145,0.8748864741126566,높음
3204,B0CDGZZPSY,2017-03,0.3223287312747526,38.0,0.7916666666666666,0.32919075708118484,0.3223287312747526,-0.006862025806432248,0.9729251729213807,0.8460442185430808,높음
3143,B09MQLYPRR,2017-03,0.3096218268006074,22.0,0.6875,0.3081316893859701,0.3096218268006074,0.001490137414637327,0.9940571791755451,0.7794671537526635,높음
2923,B0000CF3HB,2017-03,0.3031108327060302,17.0,0.6296296296296297,0.30574077800516275,0.3031108327060302,-0.0026299452991325745,0.9895353581809037,0.7376013481950118,보통
3187,B0C5BHXVH1,2017-03,0.29358369756924624,47.0,0.8245614035087719,0.2896449199361407,0.29358369756924624,0.003938777633105517,0.984368351982608,0.8725034880509228,높음
3023,B01ALBMIEI,2017-03,0.2885507561584775,38.0,0.7916666666666666,0.27439335433369355,0.2885507561584775,0.014157401824783922,0.9449440049178828,0.8376498681420315,높음
3067,B01IILFCRS,2017-03,0.24819618064736937,26.0,0.7222222222222222,0.25933051657264655,0.24819618064736937,-0.011134335925277183,0.9564398824216123,0.7924875202820392,높음
2940,B001TH7GZU,2017-03,0.23919214487678087,24.0,0.7058823529411765,0.24914087421984704,0.23919214487678087,-0.009948729343066176,0.9609865005814521,0.7824135972332591,높음
3118,B07RZ4MGXR,2017-03,0.2239303191291906,58.0,0.8529411764705882,0.2323491710385853,0.2239303191291906,-0.008418851909394703,0.9668852972902401,0.8871244127164838,높음
2836,B07NYTQPKV,2017-02,0.86826925572302,9.0,0.47368421052631576,0.8721074027590919,0.86826925572302,-0.0038381470360718817,0.9847646620389362,0.6270083459801019,보통
2779,B01DTJ2NQC,2017-02,0.821742537889292,14.0,0.5833333333333334,0.8255593880563665,0.821742537889292,-0.003816850167074559,0.9848485552282126,0.703787899901797,보통
2863,B09GPXGW3M,2017-02,0.7869248106187846,10.0,0.5,0.7827138947979387,0.7869248106187846,0.004210915820845873,0.9832973981057443,0.6449892194317233,보통
2703,B00GPXASXK,2017-02,0.7589923834689627,11.0,0.5238095238095238,0.7668826689966523,0.7589923834689627,-0.007890285527689556,0.9689317121125369,0.6573461803004277,보통
2701,B00E8KC36M,2017-02,0.7058598042011296,10.0,0.5,0.7134416334759428,0.7058598042011296,-0.007581829274813212,0.9701279421108737,0.6410383826332621,보통
2889,B0BTSQRXNZ,2017-02,0.6935565811422373,36.0,0.782608695652174,0.7035888551535199,0.6935565811422373,-0.010032274011282594,0.9606654130413381,0.8360257108689231,높음
2775,B01CYBRSK2,2017-02,0.6838895887591313,13.0,0.5652173913043478,0.6833007003810357,0.6838895887591313,0.0005888883780955645,0.9976472186267247,0.6949463395010609,보통
2811,B01LZXI9TE,2017-02,0.6690508924023815,24.0,0.7058823529411765,0.670301026866925,0.6690508924023815,-0.0012501344645435841,0.9950119440172307,0.7926212302639928,높음
2921,B0CDGZZPSY,2017-02,0.6457469208391604,17.0,0.6296296296296297,0.6564269840622182,0.6457469208391604,-0.010680063223057812,0.9581794004937236,0.7281945608888578,보통
2853,B08RS7H7KY,2017-02,0.6418495082000247,20.0,0.6666666666666666,0.6346165746304163,0.6418495082000247,0.007232933569608413,0.9714827811760464,0.7581115010194805,높음
2774,B01CC7UIH8,2017-02,0.6220113917660364,17.0,0.6296296296296297,0.6366061786715799,0.6220113917660364,-0.0145947869055435,0.9432922326207094,0.7237284105269535,보통
2903,B0C2DQMJGQ,2017-02,0.6044462664891621,9.0,0.47368421052631576,0.5742673906847423,0.6044462664891621,0.030178875804419802,0.8862860692639014,0.5974647681475914,보통
2783,B01E9H4SZM,2017-02,0.5994224549660351,22.0,0.6875,0.6108334063572421,0.5994224549660351,-0.01141095139120707,0.9553822034154206,0.7678646610246261,높음
2820,B07BWGY9VG,2017-02,0.5917912420376773,19.0,0.6551724137931034,0.592397892129184,0.5917912420376773,-0.000606650091506733,0.997576341448624,0.7578935920897596,높음
2694,B00545ANEY,2017-02,0.5851097776925828,7.0,0.4117647058823529,0.5940279823941214,0.5851097776925828,-0.00891820470153859,0.9649559572827899,0.5777220813024839,보통
2905,B0C53QDKH7,2017-02,0.580899220601657,8.0,0.4444444444444444,0.5974596342755956,0.580899220601657,-0.016560413673938568,0.9359046712038339,0.5918825124722612,보통
2732,B00W0WXHCO,2017-02,0.567724522481667,10.0,0.5,0.5740651176834324,0.567724522481667,-0.006340595201765331,0.9749565424663175,0.6424869627398953,보통
2858,B092T5Y46X,2017-02,0.5151095653840272,22.0,0.6875,0.5280518624388615,0.5151095653840272,-0.012942297054834295,0.949548008418336,0.7661144025255007,높음
2726,B00UVUZRHU,2017-02,0.5067583470511705,14.0,0.5833333333333334,0.5148865088009266,0.5067583470511705,-0.008128161749756058,0.9680102073297432,0.6987363955322563,보통
2713,B00KY5V4M4,2017-02,0.5020902499962386,12.0,0.5454545454545454,0.4878186327624412,0.5020902499962386,0.01427161723379744,0.9445123948543636,0.6651719002744909,보통
2736,B00WA6TGDE,2017-02,0.501219821570217,14.0,0.5833333333333334,0.5220338665312996,0.501219821570217,-0.020814044961082523,0.9201154020043765,0.6843679539346463,보통
2704,B00GPXTA0C,2017-02,0.4901303256992497,11.0,0.5238095238095238,0.5019996735984558,0.4901303256992497,-0.011869347899206073,0.9536320329863915,0.6527562765625841,보통
2789,B01H42YPGG,2017-02,0.4896839853310405,45.0,0.8181818181818182,0.5047849608979693,0.4896839853310405,-0.015100975566928798,0.941384229561479,0.8551425415957165,높음
2661,B000DLB2FI,2017-02,0.47415919927566635,46.0,0.8214285714285714,0.473343414923891,0.47415919927566635,0.0008157843517753727,0.9967421808394715,0.8740226542518414,높음
2706,B00I0WOAI8,2017-02,0.4481430340620726,15.0,0.6,0.454615682766571,0.4481430340620726,-0.006472648704498374,0.9744416927479249,0.7123325078243774,보통
2749,B014LOFZTQ,2017-02,0.43034955803304115,29.0,0.7435897435897436,0.4218922759612536,0.43034955803304115,0.00845728207178753,0.9667366784774626,0.8105338240560593,높음
2838,B07P4MVBVS,2017-02,0.42759890701627234,14.0,0.5833333333333334,0.4322308719992543,0.42759890701627234,-0.004631964982981962,0.9816427257113085,0.7028261510467259,보통
2902,B0C27VVXVW,2017-02,0.42373668228342015,14.0,0.5833333333333334,0.4459261236364176,0.42373668228342015,-0.02218944135299744,0.9150672076576964,0.6828534956306422,보통
2865,B09MQLYPRR,2017-02,0.42231439089808553,19.0,0.6551724137931034,0.4118164958134736,0.42231439089808553,0.010497895084611908,0.9588778539654973,0.7462840458448216,보통
2656,B00009W3I4,2017-02,0.40934983405315384,11.0,0.5238095238095238,0.40425609750499464,0.40934983405315384,0.0050937365481592,0.9798312204380032,0.6606160327980676,보통
2881,B0BCWB19QY,2017-02,0.3858574246405859,17.0,0.6296296296296297,0.38302251601456877,0.3858574246405859,0.002834908626017152,0.9887244168164763,0.7373580657856835,보통
2859,B095S9GH55,2017-02,0.3787079157444008,17.0,0.6296296296296297,0.39524092529898985,0.3787079157444008,-0.01653300955458903,0.9360072674000859,0.7215429209607664,보통
2807,B01L7RP13A,2017-02,0.37444820926124556,57.0,0.8507462686567164,0.38549993532437743,0.37444820926124556,-0.011051726063131873,0.9567559801116577,0.8825491820931988,높음
2869,B09TWWTX37,2017-02,0.35326763080323914,12.0,0.5454545454545454,0.34355318066984863,0.35326763080323914,0.009714450133390506,0.9618874793081452,0.6703844256106253,보통
2890,B0BTV3G59T,2017-02,0.345898689007365,11.0,0.5238095238095238,0.35163272304116844,0.345898689007365,-0.005734034033803459,0.9773248975253719,0.6598641359242782,보통
2906,B0C5BHXVH1,2017-02,0.30269108853185756,42.0,0.8076923076923077,0.3055636991635543,0.30269108853185756,-0.002872610631696748,0.9885753204849069,0.8619572115300874,높음
2912,B0C7CC35KH,2017-02,0.29634996816607745,120.0,0.9230769230769231,0.30500499993643937,0.29634996816607745,-0.00865503177036192,0.9659722932841218,0.9359455341390828,높음
2758,B01ALBMIEI,2017-02,0.2951921401816475,32.0,0.7619047619047619,0.27734855529754554,0.2951921401816475,0.017843584884101982,0.9311132743694873,0.8126673156441794,높음
2673,B001TH7GZU,2017-02,0.28051023804506653,23.0,0.696969696969697,0.30125119472381523,0.28051023804506653,-0.0207409566787487,0.920384439946628,0.7639941198627762,높음
2894,B0BVZ6NRP6,2017-02,0.2602743654965077,61.0,0.8591549295774648,0.27089107142310265,0.2602743654965077,-0.010616705926594971,0.9584222618918737,0.8889351292717874,높음
2844,B07RZ4MGXR,2017-02,0.25736475288145905,39.0,0.7959183673469388,0.26509083326531896,0.25736475288145905,-0.007726080383859912,0.9695683354478966,0.848013357777226,높음
2657,B0000CF3HB,2017-02,0.25622324099994853,18.0,0.6428571428571429,0.2599337763430414,0.25622324099994853,-0.0037105353430928467,0.9852674602967276,0.7455802380890183,보통
2796,B01I3M7K3Q,2017-02,0.20504546911379515,15.0,0.6,0.2129843244965335,0.20504546911379515,-0.007938855382738363,0.968743486906033,0.7106230460718099,보통
2481,B00W0WZPRY,2017-01,0.7522346842354767,12.0,0.5454545454545454,0.7625858231057684,0.7522346842354767,-0.01035113887029171,0.9594409043469873,0.669650453122278,보통
2554,B01L7RP13A,2017-01,0.7371906737156274,23.0,0.696969696969697,0.7464695976766624,0.7371906737156274,-0.009278923961035024,0.963564648474505,0.7769481824211393,높음
2525,B01CYBRSK2,2017-01,0.717590798969032,6.0,0.375,0.7212532423673393,0.717590798969032,-0.0036624433983073468,0.9854570122411845,0.5581371036723553,보통
2577,B07NYTQPKV,2017-01,0.6674815668202333,19.0,0.6551724137931034,0.6761269536572831,0.6674815668202333,-0.008645386837049851,0.9660095609564057,0.7484235579420941,보통
2529,B01DTJ2NQC,2017-01,0.5943667907256163,26.0,0.7222222222222222,0.587253848058343,0.5943667907256163,0.007112942667273248,0.971949169473864,0.7971403063977147,높음
2598,B092T5Y46X,2017-01,0.5685722329853906,24.0,0.7058823529411765,0.5715632619703991,0.5685722329853906,-0.0029910289850084704,0.9881071695226864,0.7905497979156295,높음
2474,B00UVUZRHU,2017-01,0.5429075689989659,15.0,0.6,0.5481023326220099,0.5429075689989659,-0.005194763623044052,0.9794353425038431,0.713830602751153,보통
2627,B0BTSQRXNZ,2017-01,0.535696214591599,47.0,0.8245614035087719,0.5424644817898142,0.535696214591599,-0.0067682671982152165,0.9732901217917492,0.8691800189936651,높음
2533,B01E9H4SZM,2017-01,0.530512508070618,25.0,0.7142857142857143,0.5502633825965698,0.530512508070618,-0.01975087452595181,0.9240366920631626,0.7772110076189488,높음
2449,B00GPXASXK,2017-01,0.5218647510379614,20.0,0.6666666666666666,0.5339436195356856,0.5218647510379614,-0.012078868497724216,0.9528331455826163,0.7525166103414516,높음
2593,B08RS7H7KY,2017-01,0.5186101333661884,23.0,0.696969696969697,0.5123305475513518,0.5186101333661884,0.0062795858148366746,0.9751944975038703,0.780437137129949,높음
2459,B00KY5V4M4,2017-01,0.4674185012392991,11.0,0.5238095238095238,0.43386699726790123,0.4674185012392991,0.03355150397139789,0.8744099037152848,0.628989637781252,보통
2452,B00I0WOAI8,2017-01,0.4620771167760367,15.0,0.6,0.4889887030245997,0.4620771167760367,-0.02691158624856299,0.8979451030638059,0.6893835309191417,보통
2579,B07P4MVBVS,2017-01,0.4333369315961573,14.0,0.5833333333333334,0.44576405674813574,0.4333369315961573,-0.012427125151978413,0.9515067477175014,0.6937853576485837,보통
2436,B00545ANEY,2017-01,0.42257018040235134,16.0,0.6153846153846154,0.4332198093127874,0.42257018040235134,-0.010649628910436082,0.9582960537197904,0.7182580468851679,보통
2450,B00GPXTA0C,2017-01,0.41101705664202165,13.0,0.5652173913043478,0.4139807930763214,0.41101705664202165,-0.0029637364342997574,0.9882150472712165,0.6921166880944083,보통
2603,B09MQLYPRR,2017-01,0.4087334903274922,21.0,0.6774193548387096,0.40068875928443903,0.4087334903274922,0.008044731043053144,0.9683333083426089,0.7646935408898794,높음
2541,B01H42YPGG,2017-01,0.40715362897295043,48.0,0.8275862068965517,0.4218512215684932,0.40715362897295043,-0.014697592595542763,0.9429044091317154,0.8621816675671008,높음
2562,B07BWGY9VG,2017-01,0.40593218658086705,28.0,0.7368421052631579,0.408028757647825,0.40593218658086705,-0.0020965710669579307,0.9916487825189297,0.8132841084398894,높음
2628,B0BTV3G59T,2017-01,0.4041761312270517,9.0,0.47368421052631576,0.41422186086929075,0.4041761312270517,-0.010045729642239043,0.9606137089956897,0.6197630600671279,보통
2511,B01ALBMIEI,2017-01,0.4036746479546485,34.0,0.7727272727272727,0.3860459129077742,0.4036746479546485,0.017628735046874344,0.9319138164546447,0.8204832358454843,높음
2601,B09GPXGW3M,2017-01,0.3972646728776238,24.0,0.7058823529411765,0.4120106071508454,0.3972646728776238,-0.014745934273221628,0.9427221004343871,0.7769342771891397,높음
2574,B07NL9T1GL,2017-01,0.3841012048602306,11.0,0.5238095238095238,0.38378558931150397,0.3841012048602306,0.000315615548726611,0.9987383343752418,0.6662881669792392,보통
2480,B00W0WXHCO,2017-01,0.35258143777694884,19.0,0.6551724137931034,0.35610223255595386,0.35258143777694884,-0.003520794779005021,0.9860155249520147,0.7544253471407768,높음
2641,B0C53QDKH7,2017-01,0.35141575276079884,21.0,0.6774193548387096,0.3642361696226814,0.35141575276079884,-0.012820416861882566,0.9500110456572327,0.7591968620842665,높음
2607,B09TWWTX37,2017-01,0.3280788605417273,20.0,0.6666666666666666,0.33227478233537405,0.3280788605417273,-0.004195921793646751,0.9833563742260338,0.7616735789344767,높음
2655,B0CDGZZPSY,2017-01,0.3126320725810787,38.0,0.7916666666666666,0.3115058015923483,0.3126320725810787,0.0011262709887304156,0.9955050487139134,0.8528181812808406,높음
2396,B0000CF3HB,2017-01,0.2990467836567248,23.0,0.696969696969697,0.31098528477835685,0.2990467836567248,-0.011938501121632028,0.9533682825540993,0.7738892726450177,높음
2498,B014LOFZTQ,2017-01,0.294441613093537,63.0,0.863013698630137,0.28669153093096283,0.294441613093537,0.007750082162574168,0.9694752544576436,0.894952165378389,높음
2585,B07RZ4MGXR,2017-01,0.28208764334176734,31.0,0.7560975609756098,0.2926124603278113,0.28208764334176734,-0.010524816986043961,0.9587746002648897,0.8169006727623936,높음
2642,B0C5BHXVH1,2017-01,0.27037588079941577,21.0,0.6774193548387096,0.2733257785331444,0.27037588079941577,-0.0029498977337286125,0.9882697512338223,0.7706744737572434,높음
2412,B001TH7GZU,2017-01,0.23947449957650704,26.0,0.7222222222222222,0.24776973053494866,0.23947449957650704,-0.008295230958441618,0.9673635246379889,0.7957646129469522,높음
2646,B0C7CC35KH,2017-01,0.23433340673137304,76.0,0.8837209302325582,0.2321806131269863,0.23433340673137304,0.002152793604386749,0.9914257955504903,0.9160323898279377,높음
2400,B000DLB2FI,2017-01,0.22279631782789502,67.0,0.8701298701298701,0.22408322038057726,0.22279631782789502,-0.0012869025526822397,0.9948656160304685,0.9075505939000496,높음
2618,B0BCWB19QY,2017-01,0.21900581106267492,20.0,0.6666666666666666,0.23422300945622657,0.21900581106267492,-0.01521719839355165,0.9409466899291536,0.7489506736454127,보통
2631,B0BVZ6NRP6,2017-01,0.20877253654581343,55.0,0.8461538461538461,0.21087507890869508,0.20877253654581343,-0.002102542362881654,0.991625097088465,0.8897952214342317,높음
2260,B0190U4T1Q,2016-12,0.8036186374405709,7.0,0.4117647058823529,0.8030336072319649,0.8036186374405709,0.0005850302086060077,0.99766261511377,0.587534078651778,보통
2284,B01DTJ2NQC,2016-12,0.7789896867324096,21.0,0.6774193548387096,0.7867241654661461,0.7789896867324096,-0.0077344787337364496,0.9695357648985361,0.7650542778566576,높음
2308,B01L7RP13A,2016-12,0.7537589928314118,24.0,0.7058823529411765,0.7648351740111514,0.7537589928314118,-0.01107618117973963,0.9566623943727975,0.7811163653706628,높음
2288,B01E9H4SZM,2016-12,0.7381957469025113,14.0,0.5833333333333334,0.7619056394142112,0.7381957469025113,-0.02370989251169986,0.9095188368287915,0.6811889843819707,보통
2235,B00W0WZPRY,2016-12,0.7180499424950039,13.0,0.5652173913043478,0.7283728977673954,0.7180499424950039,-0.010322955272391576,0.9595490724306325,0.6835168956422332,보통
2233,B00W0US03W,2016-12,0.6531350189949237,8.0,0.4444444444444444,0.6559782685944974,0.6531350189949237,-0.002843249599573716,0.9886914296699076,0.6077185400120834,보통
2387,B0C7CC35KH,2016-12,0.6176286917013386,21.0,0.6774193548387096,0.6173960716387791,0.6176286917013386,0.00023262006255952983,0.9990699525122738,0.7739145341407788,높음
2207,B00I0WOAI8,2016-12,0.5887966189060451,10.0,0.5,0.5962613759930533,0.5887966189060451,-0.0074647570870082225,0.970582348501805,0.6411747045505415,보통
2160,B0000CF3HB,2016-12,0.5338814190608451,14.0,0.5833333333333334,0.540560858292294,0.5338814190608451,-0.00667943923144898,0.9736360047666428,0.7004241347633262,보통
2345,B092T5Y46X,2016-12,0.5109199466309797,19.0,0.6551724137931034,0.5210995715664003,0.5109199466309797,-0.010179624935420573,0.9600993601289685,0.7466504976938629,보통
2323,B07NL9T1GL,2016-12,0.4723353328979777,10.0,0.5,0.47532198067073217,0.4723353328979777,-0.0029866477727544805,0.9881244861033787,0.6464373458310135,보통
2214,B00KY5V4M4,2016-12,0.4420892959439469,13.0,0.5652173913043478,0.41409657665794253,0.4420892959439469,0.027992719286004386,0.8940702950016517,0.6638732624135388,보통
2326,B07P4MVBVS,2016-12,0.4380166671903989,11.0,0.5238095238095238,0.4488436158222014,0.4380166671903989,-0.010826948631802502,0.9576165955540121,0.6539516453328702,보통
2383,B0C5BHXVH1,2016-12,0.4315827822461607,10.0,0.5,0.4423776990838279,0.4315827822461607,-0.010794916837667201,0.9577393001253367,0.6373217900376009,보통
2340,B08RS7H7KY,2016-12,0.4278875367343614,26.0,0.7222222222222222,0.41730906645159993,0.4278875367343614,0.010578470282761487,0.9585688566708706,0.7931262125568167,높음
2253,B014LOFZTQ,2016-12,0.4139149257017199,53.0,0.8412698412698413,0.4230602357708266,0.4139149257017199,-0.009145310069106682,0.9640797686078839,0.8781128194712541,높음
2296,B01H42YPGG,2016-12,0.4054498096987519,32.0,0.7619047619047619,0.41145010576270247,0.4054498096987519,-0.006000296063950583,0.9762845535865774,0.8262186994093064,높음
2395,B0CDGZZPSY,2016-12,0.3939352145875637,15.0,0.6,0.400073974869339,0.3939352145875637,-0.006138760281775291,0.9757439813918615,0.7127231944175585,보통
2373,B0BVZ6NRP6,2016-12,0.37708718054261864,37.0,0.7872340425531915,0.38364757694181284,0.37708718054261864,-0.006560396399194202,0.9740997327152281,0.8432937496018025,높음
2205,B00GPXTA0C,2016-12,0.3601205253630424,16.0,0.6153846153846154,0.3545178496646838,0.3601205253630424,0.005602675698358595,0.9778385515459397,0.7241207962330127,보통
2314,B07BWGY9VG,2016-12,0.3189586818447707,24.0,0.7058823529411765,0.3163290992200678,0.3189586818447707,0.0026295826247029197,0.9895367936986315,0.790978685168413,높음
2352,B09TWWTX37,2016-12,0.31781158210750493,20.0,0.6666666666666666,0.31177938057672966,0.31781158210750493,0.006032201530775272,0.9761599662790352,0.7595146565503772,높음
2282,B01CYBRSK2,2016-12,0.2993908183633422,15.0,0.6,0.30844235694408895,0.2993908183633422,-0.009051538580746754,0.9644414492135012,0.7093324347640504,보통
2234,B00W0WXHCO,2016-12,0.2892250116639426,25.0,0.7142857142857143,0.29328893533815015,0.2892250116639426,-0.004063923674207548,0.9838757160868123,0.7951627148260436,높음
2204,B00GPXASXK,2016-12,0.26563251764123696,27.0,0.7297297297297297,0.2697625447324589,0.26563251764123696,-0.004130027091221955,0.9836156002904104,0.8058954908979339,높음
2228,B00UVUZRHU,2016-12,0.26418017381910297,19.0,0.6551724137931034,0.2620125592835481,0.26418017381910297,0.0021676145355548626,0.9913670218787719,0.756030796218804,높음
2162,B000DLB2FI,2016-12,0.25936604945038744,58.0,0.8529411764705882,0.2536519398262036,0.25936604945038744,0.0057141096241838385,0.9774027911156572,0.8902796608641089,높음
2331,B07RZ4MGXR,2016-12,0.25298268319400463,26.0,0.7222222222222222,0.2592920084320543,0.25298268319400463,-0.006309325238049668,0.9750784975160476,0.7980791048103698,높음
2173,B001TH7GZU,2016-12,0.24836022430447285,18.0,0.6428571428571429,0.26401715476748494,0.24836022430447285,-0.015656930463012086,0.9392930868991909,0.7317879260697573,보통
2370,B0BTV3G59T,2016-12,0.24732071236881192,19.0,0.6551724137931034,0.2556472489852124,0.24732071236881192,-0.008326536616400482,0.9672423964156478,0.7487934085798666,보통
2348,B09MQLYPRR,2016-12,0.24467699771203738,40.0,0.8,0.24533342731323943,0.24467699771203738,-0.0006564296012020465,0.9973777257786177,0.8592133177335852,높음
2266,B01ALBMIEI,2016-12,0.21960899460892985,55.0,0.8461538461538461,0.2076147342738061,0.21960899460892985,0.011994260335123741,0.9531556700027853,0.8782543933085278,높음
2369,B0BTSQRXNZ,2016-12,0.1983160417207632,62.0,0.8611111111111112,0.2001405549174065,0.1983160417207632,-0.0018245131966433126,0.992728513334395,0.9005963317780963,높음
2090,B06ZZ3PCM6,2016-11,0.8530013809144442,5.0,0.3333333333333333,0.8516293954892413,0.8530013809144442,0.001371985425202893,0.9945270895418126,0.5316914601958771,보통
2088,B01L7RP13A,2016-11,0.8085209325135057,14.0,0.5833333333333334,0.8233354003373519,0.8085209325135057,-0.014814467823846211,0.9424637034825463,0.6910724443780971,보통
2023,B00W0US03W,2016-11,0.7783043954813859,6.0,0.375,0.7892515445060373,0.7783043954813859,-0.010947149024651437,0.9571562826585244,0.5496468847975573,보통
2073,B01E9H4SZM,2016-11,0.7737496308358545,12.0,0.5454545454545454,0.7912512854854087,0.7737496308358545,-0.01750165464955422,0.9323876487862964,0.6615344764540707,보통
2006,B00KY5V4M4,2016-11,0.6852168308300682,9.0,0.47368421052631576,0.6615270868620763,0.6852168308300682,0.02368974396799195,0.9095921417028728,0.6044565898792829,보통
1957,B0000CF3HB,2016-11,0.6706336211421403,13.0,0.5652173913043478,0.682930472649873,0.6706336211421403,-0.012296851507732742,0.9520027019320026,0.6812529844926443,보통
2114,B08RS7H7KY,2016-11,0.6697743038309711,12.0,0.5454545454545454,0.6624364515126846,0.6697743038309711,0.007337852318286542,0.9710751596852493,0.6731407297237566,보통
2152,B0C7CC35KH,2016-11,0.6593957364786811,22.0,0.6875,0.6620654214295743,0.6593957364786811,-0.0026696849508931475,0.9893780755197956,0.7780634226559386,높음
1998,B00I0WOAI8,2016-11,0.6522976949674087,10.0,0.5,0.6619559130756375,0.6522976949674087,-0.009658218108228755,0.9621038591659451,0.6386311577497835,보통
2018,B00UVUZRHU,2016-11,0.5884036149040599,13.0,0.5652173913043478,0.5969577957161418,0.5884036149040599,-0.008554180812081924,0.9663620488190732,0.6855607885587653,보통
2140,B0BTV3G59T,2016-11,0.5669461712290821,9.0,0.47368421052631576,0.5856082185205859,0.5669461712290821,-0.01866204729150378,0.9280699339587416,0.6099999275560435,보통
2024,B00W0WXHCO,2016-11,0.5571830700878415,9.0,0.47368421052631576,0.5493190047638141,0.5571830700878415,0.007864065324027392,0.9690333397891459,0.6222889493051648,보통
2069,B01DTJ2NQC,2016-11,0.5496443005674666,23.0,0.696969696969697,0.5445930183055607,0.5496443005674666,0.005051282261905876,0.9799976267073718,0.7818780758909993,높음
2119,B092T5Y46X,2016-11,0.5452372444618745,26.0,0.7222222222222222,0.5611784419728271,0.5452372444618745,-0.015941197510952576,0.9382256535945739,0.7870232516339277,높음
2040,B014LOFZTQ,2016-11,0.5281690813099627,40.0,0.8,0.5314890926997695,0.5281690813099627,-0.003320011389806865,0.9868077451943693,0.8560423235583108,높음
1996,B00GPXTA0C,2016-11,0.5090165635532227,14.0,0.5833333333333334,0.4988934839185535,0.5090165635532227,0.010123079634669185,0.9603165411174501,0.6964282956685683,보통
1969,B001TH7GZU,2016-11,0.47905591846864937,11.0,0.5238095238095238,0.5041520883723707,0.47905591846864937,-0.02509616990372132,0.9044894124660714,0.638013490406488,보통
2148,B0C5BHXVH1,2016-11,0.4704660081711223,12.0,0.5454545454545454,0.4780287203692723,0.4704660081711223,-0.007562712198150023,0.9702021289882797,0.6728788205146656,보통
2093,B07BWGY9VG,2016-11,0.4587683275983471,16.0,0.6153846153846154,0.46287812508751924,0.4587683275983471,-0.004109797489172118,0.9836951961194064,0.7258777896050527,보통
1959,B000DLB2FI,2016-11,0.41606109871703545,38.0,0.7916666666666666,0.41959497159954673,0.41606109871703545,-0.0035338728825112797,0.9859639454487742,0.8499558503012988,높음
2103,B07NL9T1GL,2016-11,0.40049591447471283,11.0,0.5238095238095238,0.4054611957574715,0.40049591447471283,-0.004965281282758693,0.9803348077216764,0.6607671089831695,보통
2121,B09MQLYPRR,2016-11,0.3988038431813064,26.0,0.7222222222222222,0.3919134120267679,0.3988038431813064,0.006890431154538523,0.972814634088415,0.79739994578208,높음
1995,B00GPXASXK,2016-11,0.349337449494937,22.0,0.6875,0.35429520915591783,0.349337449494937,-0.004957759660980832,0.9803643029959361,0.7753592908987808,높음
2080,B01H42YPGG,2016-11,0.3079310702447632,26.0,0.7222222222222222,0.3195943587344845,0.3079310702447632,-0.011663288489721313,0.9544183764231337,0.7918810684824956,높음
2105,B07P4MVBVS,2016-11,0.29868733328849617,17.0,0.6296296296296297,0.29821497263228836,0.29868733328849617,0.0004723606562078153,0.9981123412481996,0.7401744431152006,보통
2142,B0BVZ6NRP6,2016-11,0.2867262733777905,38.0,0.7916666666666666,0.2913514455246787,0.2867262733777905,-0.004625172146888179,0.9816693986262299,0.8486674862545356,높음
2109,B07RZ4MGXR,2016-11,0.27337771677640427,22.0,0.6875,0.2775117113787269,0.27337771677640427,-0.00413399460232261,0.9835999903910239,0.7763299971173071,높음
2139,B0BTSQRXNZ,2016-11,0.2552187678345051,23.0,0.696969696969697,0.2545164708209369,0.2552187678345051,0.000702297013568165,0.9971947540222807,0.787037214085472,높음
2055,B01ALBMIEI,2016-11,0.25491537782408624,49.0,0.8305084745762712,0.23625319833723832,0.25491537782408624,0.018662179486847924,0.9280694432127742,0.859776765167222,높음
1943,B0C53QDKH7,2016-10,0.7683942863619805,10.0,0.5,0.7790689451308774,0.7683942863619805,-0.01067465876889695,0.9582001144642097,0.6374600343392629,보통
1949,B0C7CC35KH,2016-10,0.7607781867643174,26.0,0.7222222222222222,0.7604934728014258,0.7607781867643174,0.0002847139628916473,0.9988617923986476,0.8052140932751498,높음
1941,B0C2DQMJGQ,2016-10,0.7480727332554179,9.0,0.47368421052631576,0.7277035273509547,0.7480727332554179,0.020369205904463228,0.9217540725309621,0.6081051691277096,보통
1840,B014LOFZTQ,2016-10,0.7463652454585975,19.0,0.6551724137931034,0.7491306075619081,0.7463652454585975,-0.0027653621033105757,0.9889995044578987,0.755320540992542,높음
1908,B08RS7H7KY,2016-10,0.7259304932672914,16.0,0.6153846153846154,0.7278644136360373,0.7259304932672914,-0.001933920368745845,0.9922941619064123,0.7284574793411545,보통
1869,B01DTJ2NQC,2016-10,0.7131902403181769,15.0,0.6,0.718689069358101,0.7131902403181769,-0.005498829039924047,0.9782448169829803,0.7134734450948941,보통
1813,B00NMLFRXY,2016-10,0.674186866871108,7.0,0.4117647058823529,0.6835176607699128,0.674186866871108,-0.009330793898804868,0.9633647490593481,0.5772447188354515,보통
1819,B00UVUZRHU,2016-10,0.6604406526519649,13.0,0.5652173913043478,0.6604651044579608,0.6604406526519649,-2.4451805995862053e-05,0.9999021975589871,0.6956228331807395,보통
1848,B0190U4T1Q,2016-10,0.6175621357274899,23.0,0.696969696969697,0.6151167441676026,0.6175621357274899,0.002445391559887211,0.9902661176783839,0.784958623182303,높음
1837,B012TIU1IG,2016-10,0.6037067555272158,10.0,0.5,0.5922498214002953,0.6037067555272158,0.011456934126920504,0.9552064952255426,0.6365619485676628,보통
1886,B06ZZ3PCM6,2016-10,0.5931355555942843,14.0,0.5833333333333334,0.5625944833954303,0.5931355555942843,0.030541072198854047,0.8850029604881821,0.6738342214797879,보통
1803,B00KY5V4M4,2016-10,0.5891061476823477,13.0,0.5652173913043478,0.5784906544573277,0.5891061476823477,0.010615493225019978,0.9584269110238958,0.6831802472202122,보통
1873,B01E9H4SZM,2016-10,0.5645605554394424,20.0,0.6666666666666666,0.579083036672581,0.5645605554394424,-0.014522481233138596,0.9435650935942155,0.7497361947449313,보통
1884,B01L7RP13A,2016-10,0.5513402303409053,22.0,0.6875,0.5676908642160129,0.5513402303409053,-0.0163506338751076,0.9366903363656932,0.7622571009097079,높음
1898,B07NL9T1GL,2016-10,0.5085044421408945,11.0,0.5238095238095238,0.5245028275823267,0.5085044421408945,-0.015998385441432172,0.9380110574063257,0.6480699838885644,보통
1900,B07P4MVBVS,2016-10,0.48270447916272363,12.0,0.5454545454545454,0.502179718313465,0.48270447916272363,-0.01947523915074134,0.9250560426993931,0.6593349946279997,보통
1795,B00I0WOAI8,2016-10,0.46098828609207104,14.0,0.5833333333333334,0.48160537343109233,0.46098828609207104,-0.02061708733902129,0.9208405825929593,0.6845855081112211,보통
1932,B0BTSQRXNZ,2016-10,0.4396707330050013,15.0,0.6,0.4593573332914099,0.4396707330050013,-0.019686600286408562,0.9242742896274291,0.6972822868882287,보통
1913,B092T5Y46X,2016-10,0.4363005590866578,23.0,0.696969696969697,0.4452910425119346,0.4363005590866578,-0.008990483425276752,0.9646770144677705,0.777281892219119,높음
1915,B09MQLYPRR,2016-10,0.4292818420664697,30.0,0.75,0.41404780350374665,0.4292818420664697,0.01523403856272304,0.9408833092581015,0.8072649927774304,높음
1792,B00GPXASXK,2016-10,0.42490910410945776,12.0,0.5454545454545454,0.43468661063228503,0.42490910410945776,-0.009777506522827273,0.9616448972961645,0.670311651007031,보통
1793,B00GPXTA0C,2016-10,0.42116377005904365,13.0,0.5652173913043478,0.42924317033615494,0.42116377005904365,-0.008079400277111293,0.9681990321568761,0.6861118835601062,보통
1824,B00W0US03W,2016-10,0.4119346843045441,18.0,0.6428571428571429,0.42580262086459425,0.4119346843045441,-0.013867936560050143,0.9460387524445112,0.7338116257333533,보통
1944,B0C5BHXVH1,2016-10,0.4104356159937853,21.0,0.6774193548387096,0.41932242214964965,0.4104356159937853,-0.008886806155864346,0.9650771577484608,0.7637166957116349,높음
1766,B001TH7GZU,2016-10,0.38255274128175804,12.0,0.5454545454545454,0.39863311495773607,0.38255274128175804,-0.016080373675978032,0.9377034843614993,0.6631292271266316,보통
1755,B0000CF3HB,2016-10,0.36492470512716213,20.0,0.6666666666666666,0.3711624449185735,0.36492470512716213,-0.006237739791411345,0.9753577432130038,0.7592739896305678,높음
1825,B00W0WXHCO,2016-10,0.3615468160236446,21.0,0.6774193548387096,0.37324003451063714,0.3615468160236446,-0.011693218486992563,0.9543041203050328,0.7604847844786065,높음
1757,B000DLB2FI,2016-10,0.35819729410133666,51.0,0.8360655737704918,0.34784709961908916,0.35819729410133666,0.010350194482247499,0.9594445286919095,0.8730792602469171,높음
1933,B0BTV3G59T,2016-10,0.3299109335910718,16.0,0.6153846153846154,0.3459964898808896,0.3299109335910718,-0.016085556289817782,0.9376840455427653,0.7120744444320604,보통
1904,B07RZ4MGXR,2016-10,0.3277739521056058,18.0,0.6428571428571429,0.34522329792336687,0.3277739521056058,-0.017449345817761086,0.9325827576321617,0.7297748272896485,보통
1855,B01ALBMIEI,2016-10,0.2505549859194647,48.0,0.8275862068965517,0.23151177523467434,0.2505549859194647,0.01904321068479034,0.9266560269508813,0.8573071529128505,높음
1935,B0BVZ6NRP6,2016-10,0.2376808796787024,26.0,0.7222222222222222,0.25064863565988726,0.2376808796787024,-0.012967755981184853,0.9494513154505673,0.7903909501907257,높음
1738,B0C2DQMJGQ,2016-09,0.7897911790601511,9.0,0.47368421052631576,0.7705145288506645,0.7897911790601511,0.019276650209486546,0.9257911582328533,0.609316294838277,보통
1672,B01DTJ2NQC,2016-09,0.7604397174298738,13.0,0.5652173913043478,0.7662504204648298,0.7604397174298738,-0.005810703034956011,0.9770252213846822,0.688759740328448,보통
1704,B08RS7H7KY,2016-09,0.7205722707418337,14.0,0.5833333333333334,0.7211146816977784,0.7205722707418337,-0.0005424109559446499,0.9978327081520916,0.7076831457789607,보통
1683,B07BWGY9VG,2016-09,0.7003747352404616,8.0,0.4444444444444444,0.7210859431764878,0.7003747352404616,-0.02071120793602621,0.9204939675827567,0.5872593013859381,보통
1654,B01AYKYBAA,2016-09,0.6982986183476341,11.0,0.5238095238095238,0.6697935102619784,0.6982986183476341,0.02850510808565565,0.8922397251483949,0.634338584211185,보통
1713,B09TWWTX37,2016-09,0.6974450892283695,10.0,0.5,0.6964100437508989,0.6974450892283695,0.0010350454774705753,0.9958683768275904,0.6487605130482771,보통
1699,B07RZ4MGXR,2016-09,0.6830848637974126,15.0,0.6,0.701316695153951,0.6830848637974126,-0.018231831356538386,0.9296683908249086,0.6989005172474725,보통
1741,B0C5BHXVH1,2016-09,0.6607433303890974,19.0,0.6551724137931034,0.6830905782570676,0.6607433303890974,-0.022347247867970266,0.9144897756539082,0.7329676223513448,보통
1574,B009K2BBQG,2016-09,0.5785857490299811,8.0,0.4444444444444444,0.5809902889601577,0.5785857490299811,-0.0024045399301766412,0.990427946839011,0.6082394951628143,보통
1609,B00NMLFRXY,2016-09,0.5754919512544898,9.0,0.47368421052631576,0.5758597768474725,0.5754919512544898,-0.00036782559298265127,0.9985297794627706,0.6311378812072521,보통
1740,B0C53QDKH7,2016-09,0.5712930375203534,14.0,0.5833333333333334,0.5877734235625152,0.5712930375203534,-0.016480386042161732,0.9362043120979988,0.6891946269627329,보통
1648,B0190U4T1Q,2016-09,0.5545649455970053,29.0,0.7435897435897436,0.5487750380563232,0.5545649455970053,0.005789907540682093,0.9771064956544997,0.8136447692091704,높음
1747,B0C7CC35KH,2016-09,0.553833529385711,31.0,0.7560975609756098,0.5630400550737739,0.553833529385711,-0.009206525688062905,0.9638437305484611,0.8184214118474651,높음
1623,B00W0WXHCO,2016-09,0.5471261486817024,13.0,0.5652173913043478,0.557810008814427,0.5471261486817024,-0.010683860132724599,0.9581648481217191,0.6831016283495591,보통
1585,B00GPXASXK,2016-09,0.5443035817073617,9.0,0.47368421052631576,0.5477570452596962,0.5443035817073617,-0.003453463552334446,0.9862811192552348,0.6274632831449914,보통
1570,B00545ANEY,2016-09,0.5228030300450848,12.0,0.5454545454545454,0.5252763933436735,0.5228030300450848,-0.0024733632985887155,0.9901553260162158,0.6788647796230465,보통
1709,B092T5Y46X,2016-09,0.5157434941423054,16.0,0.6153846153846154,0.531240980576706,0.5157434941423054,-0.015497486434400631,0.9398923366677613,0.7127369317695591,보통
1598,B00KY5V4M4,2016-09,0.5101630979022542,18.0,0.6428571428571429,0.4807938800508745,0.5101630979022542,0.029369217851379747,0.8891610765545975,0.7167483229663792,보통
1622,B00W0US03W,2016-09,0.49755505221048074,12.0,0.5454545454545454,0.5021248400325332,0.49755505221048074,-0.0045697878220524735,0.9818868991049939,0.67638425154968,보통
1694,B07P4MVBVS,2016-09,0.4875768969379432,10.0,0.5,0.49290462061343293,0.4875768969379432,-0.005327723675489726,0.9789145778998705,0.643674373369961,보통
1552,B001TH7GZU,2016-09,0.4818905289212338,10.0,0.5,0.4972677068903526,0.4818905289212338,-0.015377177969118805,0.940344753536407,0.6321034260609221,보통
1586,B00GPXTA0C,2016-09,0.4816001381626329,13.0,0.5652173913043478,0.49637676351344484,0.4816001381626329,-0.014776625350811923,0.9426063749094924,0.6784340863858911,보통
1639,B014LOFZTQ,2016-09,0.4690003636787368,29.0,0.7435897435897436,0.4722193385199881,0.4690003636787368,-0.0032189748412512764,0.9872066403895768,0.8166748126296937,높음
1692,B07NL9T1GL,2016-09,0.4256354548640579,13.0,0.5652173913043478,0.42949513754786894,0.4256354548640579,-0.0038596826838110387,0.9846798355131064,0.6910561245669753,보통
1730,B0BTV3G59T,2016-09,0.4229670499896579,17.0,0.6296296296296297,0.4329828134520438,0.4229670499896579,-0.010015763462385918,0.9607288595894912,0.7289593986175881,보통
1544,B000DLB2FI,2016-09,0.4154679241374527,43.0,0.8113207547169812,0.4168255455854394,0.4154679241374527,-0.0013576214479866788,0.9945842326412216,0.8662997980942533,높음
1617,B00UVUZRHU,2016-09,0.3989759631211008,22.0,0.6875,0.4007521574111684,0.3989759631211008,-0.0017761942900675898,0.9929204021026721,0.7791261206308016,높음
1589,B00I0WOAI8,2016-09,0.398927567277915,12.0,0.5454545454545454,0.4083629735074729,0.398927567277915,-0.009435406229557908,0.9629617140630321,0.6707066960370913,보통
1653,B01ALBMIEI,2016-09,0.3549851057430532,43.0,0.8113207547169812,0.3308643315116451,0.3549851057430532,0.02412077423140807,0.9080252458882918,0.8403321020683743,높음
1729,B0BTSQRXNZ,2016-09,0.2963179624690135,13.0,0.5652173913043478,0.30748409947341165,0.2963179624690135,-0.011166137004398169,0.9563182268778301,0.6825476419763925,보통
1732,B0BVZ6NRP6,2016-09,0.26607017871038646,19.0,0.6551724137931034,0.2776799858946189,0.26607017871038646,-0.011609807184232435,0.9546225724267073,0.7450074613831845,보통
1711,B09MQLYPRR,2016-09,0.2502235059343766,47.0,0.8245614035087719,0.2430141865923535,0.2502235059343766,0.007209319342023096,0.9715745487719795,0.8686653470877341,높음
1541,B0000CF3HB,2016-09,0.23201467196740272,28.0,0.7368421052631579,0.24121061407117014,0.23201467196740272,-0.009195942103767424,0.9638845350976515,0.8049548342135059,높음
1473,B07BWGY9VG,2016-08,0.8383130873502642,11.0,0.5238095238095238,0.8438397742015541,0.8383130873502642,-0.005526686851289875,0.9781358160178253,0.6601074114720142,보통
1449,B01AYKYBAA,2016-08,0.7933620443683148,10.0,0.5,0.7889325876167281,0.7933620443683148,0.00442945675158668,0.9824382107813444,0.6447314632344032,보통
1439,B017RWTJN2,2016-08,0.7640259191845331,7.0,0.4117647058823529,0.776956650273022,0.7640259191845331,-0.012930731088488856,0.9495919391957669,0.573112875876377,보통
1525,B0C2DQMJGQ,2016-08,0.7530661943251102,16.0,0.6153846153846154,0.7273369813099613,0.7530661943251102,0.025729213015148966,0.9022019865989922,0.7014298267489285,보통
1533,B0C7CC35KH,2016-08,0.6988634109840867,18.0,0.6428571428571429,0.7011406676749409,0.6988634109840867,-0.0022772566908542125,0.9909323347379234,0.747279700421377,보통
1502,B09TWWTX37,2016-08,0.6897924076358668,15.0,0.6,0.6840968145415214,0.6897924076358668,0.005695593094345419,0.97747518622842,0.713242555868526,보통
1429,B012TIU1IG,2016-08,0.6897559165516964,12.0,0.5454545454545454,0.6796531100410781,0.6897559165516964,0.010102806510618345,0.9603944187405175,0.669936507440337,보통
1428,B0121CFQ4E,2016-08,0.683927878847903,7.0,0.4117647058823529,0.6908746529760329,0.683927878847903,-0.00694677412812994,0.9725954137154471,0.5800139182322812,보통
1482,B07P4MVBVS,2016-08,0.6796492293228589,8.0,0.4444444444444444,0.6982087725620102,0.6796492293228589,-0.01855954323915132,0.9284505356962395,0.5896462718199829,보통
1339,B001TH7GZU,2016-08,0.6088624803763307,15.0,0.6,0.6246655956045983,0.6088624803763307,-0.015803115228267606,0.938744006091676,0.7016232018275028,보통
1432,B014LOFZTQ,2016-08,0.5808981744524512,25.0,0.7142857142857143,0.5839340063035624,0.5808981744524512,-0.003035831851111226,0.9879301052562883,0.7963790315768865,높음
1498,B092T5Y46X,2016-08,0.5744058693391799,11.0,0.5238095238095238,0.5940467441146827,0.5744058693391799,-0.019640874775502803,0.9244433567447595,0.6439996736900945,보통
1377,B00GPXTA0C,2016-08,0.5548603175145937,15.0,0.6,0.5553877249909431,0.5548603175145937,-0.0005274074763493841,0.9978925937997648,0.7193677781399295,보통
1442,B0190U4T1Q,2016-08,0.5230877355413598,29.0,0.7435897435897436,0.5190057416646435,0.5230877355413598,0.004081993876716261,0.983804603323155,0.815654201509767,높음
1528,B0C5BHXVH1,2016-08,0.49330424701091474,33.0,0.7674418604651163,0.5001499116976194,0.49330424701091474,-0.006845664686704611,0.9729888475858964,0.8291059566013503,높음
1399,B00NMLFRXY,2016-08,0.481187249990796,15.0,0.6,0.49385460474202914,0.481187249990796,-0.01266735475123315,0.9505928665316745,0.7051778599595023,보통
1519,B0BTSQRXNZ,2016-08,0.4750905013519736,8.0,0.4444444444444444,0.49309501724116517,0.4750905013519736,-0.018004515889191552,0.930514087265358,0.5902653372907185,보통
1465,B01DTJ2NQC,2016-08,0.4727411568415221,28.0,0.7368421052631579,0.4818670778176968,0.4727411568415221,-0.00912592097617465,0.9641545420363341,0.8050358362951107,높음
1365,B009K2BBQG,2016-08,0.47242444760395025,12.0,0.5454545454545454,0.48329138856316967,0.47242444760395025,-0.010866940959219418,0.9574634185404323,0.6690572073803114,보통
1417,B00W0WXHCO,2016-08,0.46416274208705227,19.0,0.6551724137931034,0.4687519519007145,0.46416274208705227,-0.004589209813662232,0.9818106212715025,0.7531638760366232,높음
1388,B00KY5V4M4,2016-08,0.4273595747016947,20.0,0.6666666666666666,0.40343178410955355,0.4273595747016947,0.023927790592141174,0.9087264525622947,0.739284602435355,보통
1364,B008I42AUS,2016-08,0.42510083461106735,10.0,0.5,0.44249781627719265,0.42510083461106735,-0.0173969816661253,0.9327781137104924,0.6298334341131477,보통
1360,B00545ANEY,2016-08,0.42186376798722397,19.0,0.6551724137931034,0.42867774306348,0.42186376798722397,-0.006813975076256029,0.9731121899532776,0.7505543466411557,높음
1376,B00GPXASXK,2016-08,0.4173905483812636,11.0,0.5238095238095238,0.43659356175250674,0.4173905483812636,-0.01920301337124314,0.9260638877318214,0.6444858329862131,보통
1327,B0000CF3HB,2016-08,0.4171741632933763,12.0,0.5454545454545454,0.42516032222819705,0.4171741632933763,-0.007986158934820742,0.9685602042144752,0.6723862430825243,보통
1487,B07RZ4MGXR,2016-08,0.3904304784214126,27.0,0.7297297297297297,0.4045881340072046,0.3904304784214126,-0.014157655585792017,0.9449430457585964,0.7942937245383898,높음
1409,B00UVUZRHU,2016-08,0.3838621801476376,18.0,0.6428571428571429,0.38927628576840034,0.3838621801476376,-0.005414105620762721,0.9785763941471955,0.7435729182441586,보통
1416,B00W0US03W,2016-08,0.3805209720994298,21.0,0.6774193548387096,0.388617047071637,0.3805209720994298,-0.008096074972207212,0.9681344566158414,0.7646338853718491,높음
1520,B0BTV3G59T,2016-08,0.3234253399968966,18.0,0.6428571428571429,0.3312737478215773,0.3234253399968966,-0.007848407824680714,0.9690940322452488,0.7407282096735747,보통
1330,B000DLB2FI,2016-08,0.24338864601909452,56.0,0.8484848484848485,0.24524312799205888,0.24338864601909452,-0.001854481972964367,0.9926095170318301,0.8917222490489429,높음
1527,B0C53QDKH7,2016-08,0.241616112116409,16.0,0.6153846153846154,0.24370959963199282,0.241616112116409,-0.0020934875155838306,0.9916610137942249,0.7282675349074983,보통
1448,B01ALBMIEI,2016-08,0.18613721743459252,72.0,0.8780487804878049,0.16965897884427636,0.18613721743459252,0.016478238590316163,0.9362123539472491,0.8954978525256381,높음
1500,B09MQLYPRR,2016-08,0.17277254139943726,62.0,0.8611111111111112,0.170817443746833,0.17277254139943726,0.001955097652604265,0.9922101090859324,0.9004408105035575,높음
1227,B014LOFZTQ,2016-07,0.8137674758767707,15.0,0.6,0.8147796719359465,0.8137674758767707,-0.0010121960591757961,0.9959594010396624,0.7187878203118987,보통
1235,B016YYQL58,2016-07,0.7970201982095403,9.0,0.47368421052631576,0.8112044884716295,0.7970201982095403,-0.014184290262089227,0.9448423781126196,0.6150316608022068,보통
1173,B00I0WOAI8,2016-07,0.7421390809394249,11.0,0.5238095238095238,0.7567095220245351,0.7421390809394249,-0.014570441085110186,0.9433840979869583,0.6496818960627542,보통
1296,B09TWWTX37,2016-07,0.7095466511486163,15.0,0.6,0.7123122624051832,0.7095466511486163,-0.0027656112565669355,0.9889985188086017,0.7166995556425805,보통
1208,B00W0US03W,2016-07,0.6134457724424806,11.0,0.5238095238095238,0.6197846073390133,0.6134457724424806,-0.006338834896532752,0.9749634073748991,0.6591556888791363,보통
1133,B001TH7GZU,2016-07,0.6113831326761728,13.0,0.5652173913043478,0.6361401410313339,0.6113831326761728,-0.024757008355161036,0.905717317313115,0.6673673691069779,보통
1265,B07B9N9S1C,2016-07,0.6044227968551732,6.0,0.375,0.6238356633068302,0.6044227968551732,-0.019412866451656963,0.9252868644608983,0.5400860593382695,보통
1214,B00WA6TGDE,2016-07,0.5804850747658876,12.0,0.5454545454545454,0.5948505467989812,0.5804850747658876,-0.014365472033093574,0.9441578733206152,0.6650655438143663,보통
1169,B00GPXASXK,2016-07,0.5524259474981799,12.0,0.5454545454545454,0.5503458188774087,0.5524259474981799,0.0020801286207711156,0.9917140051907178,0.6793323833753971,보통
1221,B0121CFQ4E,2016-07,0.5477221318875175,13.0,0.5652173913043478,0.5523389307131678,0.5477221318875175,-0.004616798825650248,0.9817022785097511,0.6901628574659687,보통
1209,B00W0WXHCO,2016-07,0.5359623134685252,17.0,0.6296296296296297,0.5441603995092157,0.5359623134685252,-0.0081980860406905,0.9677394954807169,0.7310625893849558,보통
1320,B0C7CC35KH,2016-07,0.5212310519806648,23.0,0.696969696969697,0.5427326467701928,0.5212310519806648,-0.021501594789528067,0.9175883777601372,0.7631553012068291,높음
1239,B0190U4T1Q,2016-07,0.5074731046167746,23.0,0.696969696969697,0.5021848674001433,0.5074731046167746,0.005288237216631297,0.9790692055917736,0.7815995495563199,높음
1192,B00NMLFRXY,2016-07,0.5043144000065631,14.0,0.5833333333333334,0.5248156191866898,0.5043144000065631,-0.020501219180126706,0.9212674659214504,0.6847135731097684,보통
1316,B0C5BHXVH1,2016-07,0.49185374568777634,38.0,0.7916666666666666,0.49882200657772124,0.49185374568777634,-0.0069682608899448994,0.972511825603587,0.8459202143477427,높음
1287,B08MZTRS5G,2016-07,0.4295776249907872,11.0,0.5238095238095238,0.40450114079989696,0.4295776249907872,0.025076484190890258,0.9045606373455899,0.6380348578703436,보통
1158,B008I42AUS,2016-07,0.4040303384766071,13.0,0.5652173913043478,0.41294290305971,0.4040303384766071,-0.008912564583102911,0.9649777273918981,0.6851454921306128,보통
1159,B009K2BBQG,2016-07,0.39615761939849004,13.0,0.5652173913043478,0.40004551772443236,0.39615761939849004,-0.0038878983259423294,0.9845687082888654,0.691022786399703,보통
1123,B000DLB2FI,2016-07,0.38113813611891023,58.0,0.8529411764705882,0.38018051434708566,0.38113813611891023,0.0009576217718245683,0.9961768398701073,0.8959118754904439,높음
1314,B0C2DQMJGQ,2016-07,0.3775494666843185,18.0,0.6428571428571429,0.3434281363991228,0.3775494666843185,0.034121330285195706,0.872419126283166,0.7117257378849497,보통
1182,B00KY5V4M4,2016-07,0.3561828812581808,19.0,0.6551724137931034,0.3371793755963386,0.3561828812581808,0.019003505661842224,0.9268032102336635,0.7366616527252714,보통
1309,B0BTV3G59T,2016-07,0.34766831463167347,20.0,0.6666666666666666,0.35958073551798586,0.34766831463167347,-0.011912420886312391,0.9534677440185871,0.7527069898722427,높음
1278,B07RZ4MGXR,2016-07,0.34749668586409427,37.0,0.7872340425531915,0.3686804242712533,0.34749668586409427,-0.021183738407159036,0.9187557650148923,0.8266905592917018,높음
1119,B0000CF3HB,2016-07,0.32423768781228485,21.0,0.6774193548387096,0.33901127524418007,0.32423768781228485,-0.014773587431895219,0.9426178292260362,0.7569788971549076,높음
1308,B0BTSQRXNZ,2016-07,0.31528496685376467,12.0,0.5454545454545454,0.33073091713683517,0.31528496685376467,-0.015445950283070498,0.9400861103745635,0.6638440149305508,보통
1170,B00GPXTA0C,2016-07,0.2944754179927466,21.0,0.6774193548387096,0.2959219569111859,0.2944754179927466,-0.0014465389184392663,0.9942305518852724,0.7724627139526784,높음
1273,B07P4MVBVS,2016-07,0.2743606358761562,22.0,0.6875,0.2832815578078634,0.2743606358761562,-0.008920921931707182,0.9649454693100326,0.7707336407930097,높음
1201,B00UVUZRHU,2016-07,0.2379601514346949,17.0,0.6296296296296297,0.23471422981867335,0.2379601514346949,0.003245921616021552,0.9871002379841219,0.7368708121359773,보통
1257,B01DTJ2NQC,2016-07,0.23285092452842393,33.0,0.7674418604651163,0.2333098322827389,0.23285092452842393,-0.00045890775431498,0.9981660527229563,0.8366591181424683,높음
1294,B09MQLYPRR,2016-07,0.21802369203923735,53.0,0.8412698412698413,0.2125147800175872,0.21802369203923735,0.005508912021650159,0.9782053632801544,0.8823504978729353,높음
1245,B01ALBMIEI,2016-07,0.20058696037468232,54.0,0.84375,0.1894397642721056,0.20058696037468232,0.011147196102576723,0.9563906837411734,0.877542205122352,높음
1043,B016YYQL58,2016-06,0.7503577300817739,17.0,0.6296296296296297,0.7542288029092328,0.7503577300817739,-0.00387107282745891,0.9846349739559788,0.7361312329275344,보통
1031,B012TIU1IG,2016-06,0.7477042282816021,15.0,0.6,0.7435260108549756,0.7477042282816021,0.004178217426626496,0.9834260155005581,0.7150278046501675,보통
975,B009K2BBQG,2016-06,0.7090079266343415,7.0,0.4117647058823529,0.7249369766140517,0.7090079266343415,-0.01592904997971012,0.9382712432039254,0.5697166670788246,보통
1036,B014LOFZTQ,2016-06,0.6517463198368115,20.0,0.6666666666666666,0.65524212604877,0.6517463198368115,-0.003495806211958441,0.9861140863379652,0.7625008925680561,높음
1098,B0BR5V399Y,2016-06,0.6207922159845994,12.0,0.5454545454545454,0.6172024660450508,0.6207922159845994,0.0035897499395486365,0.985743599019845,0.6775412615241352,보통
1014,B00UVUZRHU,2016-06,0.5959505553341735,11.0,0.5238095238095238,0.5966396985767157,0.5959505553341735,-0.0006891432425422117,0.9972472228884462,0.6658408335332004,보통
994,B00KY5V4M4,2016-06,0.543822079167493,12.0,0.5454545454545454,0.5299644860087622,0.543822079167493,0.013857593158730808,0.9460778942881459,0.6656415501046256,보통
983,B00GPXASXK,2016-06,0.5117566413120501,12.0,0.5454545454545454,0.5127342423784267,0.5117566413120501,-0.0009776010663765655,0.9960972314091529,0.6806473512409277,보통
1047,B0190U4T1Q,2016-06,0.48340982184946946,24.0,0.7058823529411765,0.4854084995604092,0.48340982184946946,-0.0019986777109397558,0.9920371618627304,0.7917287956176426,높음
1021,B00W0US03W,2016-06,0.46456038236734326,15.0,0.6,0.47656474320839676,0.46456038236734326,-0.012004360841053496,0.9531171613627167,0.705935148408815,보통
1067,B07P4MVBVS,2016-06,0.4597566991766975,18.0,0.6428571428571429,0.48429841071924096,0.4597566991766975,-0.024541711542543476,0.9064976454754203,0.7219492936426262,보통
974,B008I42AUS,2016-06,0.44920110969311317,12.0,0.5454545454545454,0.4640893887465542,0.44920110969311317,-0.014888279053441034,0.9421854869363678,0.664473827899092,보통
941,B0000CF3HB,2016-06,0.4458961241213636,17.0,0.6296296296296297,0.4502010479407169,0.4458961241213636,-0.0043049238193533235,0.9829277163348531,0.7356190556411966,보통
1005,B00NMLFRXY,2016-06,0.3857074842537633,19.0,0.6551724137931034,0.39619859534602625,0.3857074842537633,-0.010491111092262972,0.95890387439864,0.7462918519747643,보통
954,B001TH7GZU,2016-06,0.36939551705685264,22.0,0.6875,0.3933826402138776,0.36939551705685264,-0.023987123157024948,0.9085108098677422,0.7538032429603226,높음
1109,B0C2DQMJGQ,2016-06,0.35746884499264975,19.0,0.6551724137931034,0.32902412422958827,0.35746884499264975,0.028444720763061482,0.8924552710522824,0.7263572709708571,보통
984,B00GPXTA0C,2016-06,0.34943229535950354,13.0,0.5652173913043478,0.34736445852037257,0.34943229535950354,0.0020678368391309765,0.9917627661174305,0.6931810037482726,보통
1072,B07RZ4MGXR,2016-06,0.3223492906522458,40.0,0.8,0.3447658028151169,0.3223492906522458,-0.02241651216287105,0.9142364447910774,0.8342709334373231,높음
1022,B00W0WXHCO,2016-06,0.31876702689955827,24.0,0.7058823529411765,0.3237389365447502,0.31876702689955827,-0.004971909645191952,0.9803088160085969,0.7882102918614027,높음
1104,B0BTV3G59T,2016-06,0.3103012309222388,22.0,0.6875,0.3267303821265219,0.3103012309222388,-0.016429151204283066,0.9363961968643035,0.762168859059291,높음
1087,B09TWWTX37,2016-06,0.30092974058923566,25.0,0.7142857142857143,0.2946924661815698,0.30092974058923566,0.00623727440766586,0.9753595588772528,0.7926078676631758,높음
1103,B0BTSQRXNZ,2016-06,0.29958367774844386,12.0,0.5454545454545454,0.3102188402577109,0.29958367774844386,-0.010635162509267049,0.9583515077048214,0.6693236341296283,보통
1086,B09MQLYPRR,2016-06,0.2873966539284501,36.0,0.782608695652174,0.288449757951911,0.2873966539284501,-0.0010531040234609268,0.9957964436861044,0.846565020062353,높음
1111,B0C5BHXVH1,2016-06,0.2605297682056781,26.0,0.7222222222222222,0.2728396449496958,0.2605297682056781,-0.012309876744017734,0.9519531029835435,0.7911414864506185,높음
944,B000DLB2FI,2016-06,0.22992318355165658,85.0,0.8947368421052632,0.22542457809925642,0.22992318355165658,0.004498605452400162,0.9821665110548227,0.920965742790131,높음
1051,B01ALBMIEI,2016-06,0.20372882025102962,42.0,0.8076923076923077,0.18952451283953145,0.20372882025102962,0.014204307411498168,0.9447667289370194,0.8488146340657212,높음
861,B016YYQL58,2016-05,0.8387910829488798,10.0,0.5,0.8430735651191873,0.8387910829488798,-0.004282482170307467,0.9830159543705976,0.6449047863111792,보통
850,B012TIU1IG,2016-05,0.8326859004921184,9.0,0.47368421052631576,0.8299807629855761,0.8326859004921184,0.002705137506542332,0.989237781542469,0.6283502818311617,보통
919,B0BR5V399Y,2016-05,0.796632324545367,8.0,0.4444444444444444,0.803110187219469,0.796632324545367,-0.006477862674101997,0.9744213701223827,0.6034375221478259,보통
924,B0BTSQRXNZ,2016-05,0.7924022938524247,14.0,0.5833333333333334,0.8036446440275795,0.7924022938524247,-0.011242350175154847,0.9560267351338166,0.6951413538734783,보통
869,B01BJ6GE5I,2016-05,0.7811387429797765,15.0,0.6,0.787219150284244,0.7811387429797765,-0.006080407304467572,0.975971758239359,0.7127915274718077,보통
765,B001WAJYE0,2016-05,0.7484722884762615,7.0,0.4117647058823529,0.7650651928037131,0.7484722884762615,-0.01659290432745164,0.9357830464897646,0.5689702080645764,보통
856,B014LOFZTQ,2016-05,0.7303746311227332,17.0,0.6296296296296297,0.7286999956053636,0.7303746311227332,0.0016746355173695715,0.9933238431527771,0.7387378936865738,보통
905,B09GPXGW3M,2016-05,0.7045206275715028,6.0,0.375,0.7202377043107996,0.7045206275715028,-0.015717076739296787,0.9390671341546454,0.5442201402463935,보통
764,B001TH7GZU,2016-05,0.679025583510458,13.0,0.5652173913043478,0.702560355943735,0.679025583510458,-0.02353477243327695,0.9101561600590502,0.6686990219307585,보통
769,B002YPC2NM,2016-05,0.6671540613374449,8.0,0.4444444444444444,0.6742572964403112,0.6671540613374449,-0.007103235102866257,0.9719869112432725,0.6027071844840928,보통
930,B0C2DQMJGQ,2016-05,0.6364627075856565,11.0,0.5238095238095238,0.606028964747685,0.6364627075856565,0.03043374283797151,0.8853829892673504,0.6322815634468717,보통
787,B005E0L4EW,2016-05,0.5220060597265607,16.0,0.6153846153846154,0.528924008925898,0.5220060597265607,-0.006917949199337303,0.9727075601547266,0.7225814988156487,보통
822,B00NMLFRXY,2016-05,0.4853286941902222,10.0,0.5,0.49068627013853033,0.4853286941902222,-0.0053575759483081575,0.978797693578353,0.6436393080735059,보통
891,B07RZ4MGXR,2016-05,0.4566159103596237,30.0,0.75,0.4701322881232452,0.4566159103596237,-0.013516377763621523,0.9473700412584494,0.8092110123775347,높음
788,B008I42AUS,2016-05,0.42695418407583896,11.0,0.5238095238095238,0.44141459329660954,0.42695418407583896,-0.014460409220770576,0.9437993986172188,0.6498064862518322,보통
800,B00GPXTA0C,2016-05,0.42323565880276887,17.0,0.6296296296296297,0.42893849643339726,0.42323565880276887,-0.005702837630628399,0.9774468612210158,0.7339747991070454,보통
839,B00W0US03W,2016-05,0.4081755194440743,17.0,0.6296296296296297,0.41033455915415434,0.4081755194440743,-0.002159039710080024,0.991401025658698,0.7381610484383501,보통
790,B009K2BBQG,2016-05,0.40169191934981896,17.0,0.6296296296296297,0.4071784630211772,0.40169191934981896,-0.005486543671358257,0.9782928905566706,0.7342286079077418,보통
810,B00KY5V4M4,2016-05,0.39418706493325434,14.0,0.5833333333333334,0.36688136738549715,0.39418706493325434,0.02730569754775719,0.8965306570103846,0.6772925304364488,보통
748,B0000CF3HB,2016-05,0.3435142461588812,17.0,0.6296296296296297,0.3571503331308105,0.3435142461588812,-0.013636086971929307,0.9469165141793958,0.7248156949945594,보통
840,B00W0WXHCO,2016-05,0.3392082383554259,19.0,0.6551724137931034,0.34013374682836256,0.3392082383554259,-0.0009255084729366536,0.9963048101874453,0.757512132711406,높음
932,B0C5BHXVH1,2016-05,0.3271329741146495,28.0,0.7368421052631579,0.3308112000808373,0.3271329741146495,-0.0036782259661878314,0.9853948020361228,0.8114079142950473,높음
925,B0BTV3G59T,2016-05,0.32666795516962444,22.0,0.6875,0.33606331635796044,0.32666795516962444,-0.009395361188336004,0.9631159737835151,0.7701847921350544,높음
751,B000DLB2FI,2016-05,0.2566782036591341,82.0,0.8913043478260869,0.24973078057847828,0.2566782036591341,0.006947423080655796,0.9725928890457224,0.9156909101919775,높음
865,B01ALBMIEI,2016-05,0.20428733983709213,37.0,0.7872340425531915,0.19109220496934481,0.20428733983709213,0.013195134867747316,0.9485881673015887,0.8356402799777106,높음
907,B09MQLYPRR,2016-05,0.18083550956896027,58.0,0.8529411764705882,0.18456033196267302,0.18083550956896027,-0.0037248223937127456,0.9852111556412803,0.8926221702217958,높음
670,B016YYQL58,2016-04,0.872024532417116,11.0,0.5238095238095238,0.8794279009689674,0.872024532417116,-0.007403368551851419,0.9708207082802169,0.6579128791507317,보통
713,B09GPXGW3M,2016-04,0.8603431722019608,9.0,0.47368421052631576,0.8619743050004687,0.8603431722019608,-0.001631132798507906,0.9934967073440146,0.6296279595716254,보통
732,B0BTSQRXNZ,2016-04,0.7876905410438599,18.0,0.6428571428571429,0.787406541053133,0.7876905410438599,0.00028399999072692417,0.9988646450407856,0.7496593935122358,보통
598,B00GN92KQ4,2016-04,0.7834650000032755,7.0,0.4117647058823529,0.7697215058171535,0.7834650000032755,0.013743494186121974,0.9465097788988148,0.5721882277872914,보통
589,B009K2BBQG,2016-04,0.7800534584065187,8.0,0.4444444444444444,0.7879947659563615,0.7800534584065187,-0.007941307549842791,0.9687339848689893,0.6017313065718078,보통
674,B01ALBMIEI,2016-04,0.7345066863606302,7.0,0.4117647058823529,0.714649161788051,0.7345066863606302,0.019857524572579166,0.9236425819076968,0.565328068689956,보통
600,B00GPXTA0C,2016-04,0.7314342210329208,8.0,0.4444444444444444,0.7369130392568674,0.7314342210329208,-0.00547881822394658,0.9783231220248882,0.6046080477185776,보통
657,B012TIU1IG,2016-04,0.7157270166959117,12.0,0.5454545454545454,0.7111118332771864,0.7157270166959117,0.004615183418725244,0.9817086219248815,0.6763307683956462,보통
663,B014LOFZTQ,2016-04,0.7093034166321308,17.0,0.6296296296296297,0.7109853368018695,0.7093034166321308,-0.001681920169738671,0.9932948994989189,0.7387292105904164,보통
727,B0BR5V399Y,2016-04,0.6890622469770835,11.0,0.5238095238095238,0.6960861615545929,0.6890622469770835,-0.007023914577509394,0.9722953542221625,0.6583552729333153,보통
698,B07RZ4MGXR,2016-04,0.6873960946797281,26.0,0.7222222222222222,0.7008108571595867,0.6873960946797281,-0.013414762479858622,0.9477551886291493,0.7898821121443003,높음
564,B001TH7GZU,2016-04,0.6809145326934559,12.0,0.5454545454545454,0.6953273353270928,0.6809145326934559,-0.014412802633636868,0.9439791400036517,0.6650119238192773,보통
681,B076MK9R6F,2016-04,0.6466590772046116,6.0,0.375,0.6482177607496465,0.6466590772046116,-0.0015586835450349668,0.9937846614452183,0.5606353984335655,보통
623,B00NMLFRXY,2016-04,0.6370397461379415,10.0,0.5,0.6467859700789156,0.6370397461379415,-0.00974622394097413,0.9617652357658568,0.638529570729757,보통
642,B00W0US03W,2016-04,0.6355717936554743,11.0,0.5238095238095238,0.6451552732053889,0.6355717936554743,-0.009583479549914564,0.962391527185119,0.6553841248222023,보통
565,B001WAJYE0,2016-04,0.6177859332769874,10.0,0.5,0.6222137790320384,0.6177859332769874,-0.004427845755051063,0.9824445416199584,0.6447333624859874,보통
737,B0C2DQMJGQ,2016-04,0.5695429792819029,12.0,0.5454545454545454,0.549668298605129,0.5695429792819029,0.019874680676773893,0.9235791996490114,0.6588919417128851,보통
587,B008I42AUS,2016-04,0.5596135283886087,7.0,0.4117647058823529,0.5742850527156776,0.5596135283886087,-0.014671524327068974,0.9430027337990633,0.571136114257366,보통
643,B00W0WXHCO,2016-04,0.5164723422752835,24.0,0.7058823529411765,0.5297516976469426,0.5164723422752835,-0.01327935537165914,0.9482686588291198,0.7785982447075595,높음
739,B0C5BHXVH1,2016-04,0.509791357717422,18.0,0.6428571428571429,0.5177088600614117,0.509791357717422,-0.00791750234398969,0.9688262329085936,0.740647869872578,보통
609,B00KY5V4M4,2016-04,0.4351554926183062,10.0,0.5,0.41680830797259916,0.4351554926183062,0.01834718464570706,0.9292395285469949,0.6287718585640985,보통
570,B002YPC2NM,2016-04,0.4343197435694957,10.0,0.5,0.4445786317846819,0.4343197435694957,-0.010258888215186168,0.9597950058830108,0.6379385017649032,보통
599,B00GPXASXK,2016-04,0.38675939334167475,13.0,0.5652173913043478,0.39002242707063367,0.38675939334167475,-0.0032630337289589195,0.987032674813434,0.6917619763570736,보통
548,B0000CF3HB,2016-04,0.3673700743094141,14.0,0.5833333333333334,0.3752733239863807,0.3673700743094141,-0.007903249676966595,0.9688814679138745,0.6989977737074957,보통
733,B0BTV3G59T,2016-04,0.33470214381731295,19.0,0.6551724137931034,0.3368938905064151,0.33470214381731295,-0.0021917466891021586,0.9912713312125151,0.756002089018927,높음
715,B09MQLYPRR,2016-04,0.27350312145194416,45.0,0.8181818181818182,0.2806874096143775,0.27350312145194416,-0.007184288162433328,0.9716718322702003,0.8642288224083328,높음
551,B000DLB2FI,2016-04,0.20690225888796343,87.0,0.8969072164948454,0.20195759158115728,0.20690225888796343,0.00494466730680615,0.9804156454470117,0.9219597451804953,높음
428,B00U1KA12G,2016-03,0.890600750275377,5.0,0.3333333333333333,0.8893998564953076,0.890600750275377,0.0012008937800693786,0.9952079435956376,0.5318957164120246,보통
449,B00WVTXVMC,2016-03,0.7890005612156163,7.0,0.4117647058823529,0.774891849810558,0.7890005612156163,0.014108711405058316,0.9451280617217737,0.5717737126341791,보통
472,B016YYQL58,2016-03,0.7527259463421478,20.0,0.6666666666666666,0.7643755814888058,0.7527259463421478,-0.011649635146657955,0.9544705018525705,0.7530078172224377,높음
396,B00GPXASXK,2016-03,0.7511696025444431,6.0,0.375,0.769579804769046,0.7511696025444431,-0.01841020222460288,0.9290053243649827,0.5412015973094948,보통
395,B00GN92KQ4,2016-03,0.7465480317463679,12.0,0.5454545454545454,0.7326283412231346,0.7465480317463679,0.013919690523233275,0.9458429276955689,0.6655710601268524,보통
458,B012TIU1IG,2016-03,0.7165849893565929,17.0,0.6296296296296297,0.7107303782760692,0.7165849893565929,0.005854611080523653,0.9768536393810189,0.7337968325550464,보통
531,B0BR5V399Y,2016-03,0.7154616950343238,13.0,0.5652173913043478,0.7244444111081458,0.7154616950343238,-0.008982716073822061,0.9647069868750271,0.6850642699755516,보통
418,B00NMLFRXY,2016-03,0.6790233786538283,11.0,0.5238095238095238,0.6873150989415765,0.6790233786538283,-0.008291720287748161,0.9673771091124734,0.6568797994004086,보통
397,B00GPXTA0C,2016-03,0.6653446986205389,12.0,0.5454545454545454,0.6736175209180609,0.6653446986205389,-0.00827282229752202,0.9674502378090214,0.6720532531608883,보통
464,B014LOFZTQ,2016-03,0.6631201572383427,33.0,0.7674418604651163,0.6620914422225465,0.6631201572383427,0.0010287150157962666,0.9958935943732351,0.8359773806375519,높음
441,B00W0US03W,2016-03,0.6429193965123524,14.0,0.5833333333333334,0.6485254846773219,0.6429193965123524,-0.005606088164969436,0.9778252042714024,0.701680894614754,보통
386,B009K2BBQG,2016-03,0.62858269925168,13.0,0.5652173913043478,0.6339292285614757,0.62858269925168,-0.005346529309795733,0.9788409442310856,0.6893044571823691,보통
442,B00W0WXHCO,2016-03,0.5702171742604132,24.0,0.7058823529411765,0.5743781808987818,0.5702171742604132,-0.004161006638368603,0.9834937199787066,0.7891657630524356,높음
517,B09GPXGW3M,2016-03,0.5572341644423554,19.0,0.6551724137931034,0.5675803804039442,0.5572341644423554,-0.0103462159615888,0.9594597974929168,0.7464586289030475,보통
364,B002YPC2NM,2016-03,0.5340859897500239,12.0,0.5454545454545454,0.5453058711709133,0.5340859897500239,-0.011219881420889477,0.9561126619142256,0.6686519803924494,보통
500,B07RZ4MGXR,2016-03,0.4742312354780841,41.0,0.803921568627451,0.4756158543421955,0.4742312354780841,-0.0013846188641113977,0.9944768336227192,0.8610881481260315,높음
482,B076MK9R6F,2016-03,0.46565495525446166,13.0,0.5652173913043478,0.4769095629854333,0.46565495525446166,-0.011254607730971644,0.9559798620786512,0.6824461325366388,보통
359,B001WAJYE0,2016-03,0.40387783137233735,15.0,0.6,0.40873744674757095,0.40387783137233735,-0.004859615375233606,0.9807492471682925,0.7142247741504877,보통
535,B0BTSQRXNZ,2016-03,0.3440880673051327,41.0,0.803921568627451,0.35261052616675304,0.3440880673051327,-0.008522458861620341,0.9664846761550275,0.852690500885724,높음
342,B0000CF3HB,2016-03,0.34304107685323326,16.0,0.6153846153846154,0.34875882462212165,0.34304107685323326,-0.005717747768888393,0.9773885674879979,0.7239858010156301,보통
476,B01ALBMIEI,2016-03,0.3294242835330472,16.0,0.6153846153846154,0.3133155212372462,0.3294242835330472,0.016108762295800994,0.9375970099760386,0.7120483337620424,보통
538,B0C2DQMJGQ,2016-03,0.30670545056626386,20.0,0.6666666666666666,0.2760209914345131,0.30670545056626386,0.030684459131750774,0.8844955145838806,0.7320153210418308,보통
358,B001TH7GZU,2016-03,0.2967232290212395,25.0,0.7142857142857143,0.31605531403707915,0.2967232290212395,-0.019332085015839662,0.9255858967766322,0.7776757690329896,높음
519,B09MQLYPRR,2016-03,0.29449199814121085,52.0,0.8387096774193549,0.29919829774013584,0.29449199814121085,-0.00470629959892499,0.9813508889605681,0.8815020408817187,높음
384,B008I42AUS,2016-03,0.2527434650936892,17.0,0.6296296296296297,0.25431220535329513,0.2527434650936892,-0.0015687402596059052,0.9937446854145382,0.7388641463651022,보통
406,B00KY5V4M4,2016-03,0.24154885351877006,19.0,0.6551724137931034,0.2290376124844001,0.24154885351877006,0.012511241034369958,0.9511866542516668,0.7439766859306725,보통
515,B092T5Y46X,2016-03,0.21497272069353168,12.0,0.5454545454545454,0.22016656011120408,0.21497272069353168,-0.005193839417672402,0.9794389633081547,0.6756498708106282,보통
536,B0BTV3G59T,2016-03,0.20145235364353348,30.0,0.75,0.20584212263221197,0.20145235364353348,-0.0043897689886784885,0.9825941862607783,0.8197782558782334,높음
345,B000DLB2FI,2016-03,0.17180890721287392,107.0,0.9145299145299145,0.1691116397070742,0.17180890721287392,0.002697267505799711,0.9892689232409383,0.9369516171432216,높음
266,B012TIU1IG,2016-02,0.8127128432820783,10.0,0.5,0.8100500162043176,0.8127128432820783,0.0026628270777606655,0.9894052160093338,0.6468215648028002,보통
241,B00U1KA12G,2016-02,0.8035226561800899,12.0,0.5454545454545454,0.800557302846518,0.8035226561800899,0.0029653533335718407,0.9882086559151224,0.6782807785927185,보통
212,B00GN92KQ4,2016-02,0.7216157341895064,13.0,0.5652173913043478,0.7022072771685842,0.7216157341895064,0.0194084570209222,0.9253031845581771,0.6732431292804966,보통
180,B001TH7GZU,2016-02,0.7005002436689973,13.0,0.5652173913043478,0.7209623961908943,0.7005002436689973,-0.02046215252189698,0.9214114405352887,0.6720756060736299,보통
203,B009K2BBQG,2016-02,0.6797148458589909,17.0,0.6296296296296297,0.6841679698517672,0.6797148458589909,-0.004453123992776309,0.9823452087752619,0.7354443033733193,보통
253,B00W0US03W,2016-02,0.6764095877307452,15.0,0.6,0.6907801848655436,0.6764095877307452,-0.01437059713479838,0.9441385178985082,0.7032415553695525,보통
272,B014LOFZTQ,2016-02,0.6461781216839841,50.0,0.8333333333333334,0.654760891087919,0.6461781216839841,-0.008582769403934876,0.966251547416569,0.873208797558304,높음
243,B00US4HUZG,2016-02,0.631287478072831,10.0,0.5,0.6508211974450583,0.631287478072831,-0.019533719372227254,0.924839678077426,0.6274519034232278,보통
285,B07B9N9S1C,2016-02,0.6206327021125753,7.0,0.4117647058823529,0.6378229348686539,0.6206327021125753,-0.01719023275607867,0.9335498362053786,0.5683002449792606,보통
254,B00W0WXHCO,2016-02,0.5926573674157583,27.0,0.7297297297297297,0.5987321129383464,0.5926573674157583,-0.006074745522588132,0.9759938614465077,0.8036089692447631,높음
166,B0000CF3HB,2016-02,0.5520659444429726,8.0,0.4444444444444444,0.56598937849048,0.5520659444429726,-0.0139234340475074,0.9458287646577712,0.5948597405084424,보통
233,B00NMLFRXY,2016-02,0.5149145780625503,16.0,0.6153846153846154,0.5326302753481363,0.5149145780625503,-0.017715697285586085,0.931589707581318,0.7102461430436262,보통
330,B0BTSQRXNZ,2016-02,0.4981797553803196,30.0,0.75,0.4998254360264433,0.4981797553803196,-0.0016456806461236928,0.9934388960712692,0.8230316688213807,높음
213,B00GPXASXK,2016-02,0.4972925072029042,12.0,0.5454545454545454,0.5056387341275271,0.4972925072029042,-0.008346226924622946,0.9671662182119868,0.6719680472817777,보통
278,B016YYQL58,2016-02,0.49583062876977746,36.0,0.782608695652174,0.49599870151779546,0.49583062876977746,-0.00016807274801799998,0.9993279349448824,0.8476244674399864,높음
184,B002YPC2NM,2016-02,0.48402073399499757,14.0,0.5833333333333334,0.49443205470349444,0.48402073399499757,-0.010411320708496874,0.9592099684753017,0.6960963238759239,보통
301,B07RZ4MGXR,2016-02,0.46083512977065155,42.0,0.8076923076923077,0.4737419635263867,0.46083512977065155,-0.012906833755735148,0.9496827143924728,0.8502894297023572,높음
260,B00WVTXVMC,2016-02,0.4154969563391168,15.0,0.6,0.3994394090785316,0.4154969563391168,0.016057547260585225,0.937789105907303,0.7013367317721908,보통
333,B0C2DQMJGQ,2016-02,0.3945077221323049,14.0,0.5833333333333334,0.3590561325870939,0.3945077221323049,0.03545158954521099,0.8677892805120724,0.668670117486955,보통
214,B00GPXTA0C,2016-02,0.3757240276681158,19.0,0.6551724137931034,0.3781502125499959,0.3757240276681158,-0.0024261848818801224,0.9903421994907586,0.7557233495023999,높음
317,B09MQLYPRR,2016-02,0.2738241388113803,35.0,0.7777777777777778,0.27528011253616175,0.2738241388113803,-0.0014559737247814564,0.9941930311024134,0.8427023537751683,높음
331,B0BTV3G59T,2016-02,0.2392796833186459,27.0,0.7297297297297297,0.24984653577506882,0.2392796833186459,-0.010566852456422915,0.9586134036519822,0.7983948319064055,높음
169,B000DLB2FI,2016-02,0.20576704242974383,84.0,0.8936170212765957,0.2064311463775683,0.20576704242974383,-0.000664103947824457,0.9973471093590178,0.9247360477013222,높음
98,B012TIU1IG,2016-01,0.7094724075155666,11.0,0.5238095238095238,0.7075211431754977,0.7094724075155666,0.00195126434006887,0.9922253230083672,0.6643342635691768,보통
87,B00W0US03W,2016-01,0.688628287699683,15.0,0.6,0.684870700468513,0.688628287699683,0.0037575872311700342,0.9850820429686737,0.7155246128906021,보통
70,B00NMLFRXY,2016-01,0.6094643932685863,16.0,0.6153846153846154,0.6146877846358093,0.6094643932685863,-0.005223391367223051,0.9793231928274498,0.7245661886174657,보통
48,B00GN92KQ4,2016-01,0.566129845778805,21.0,0.6774193548387096,0.538275881005367,0.566129845778805,0.027853964773437934,0.8945666578860224,0.7425635457529034,보통
154,B0BTSQRXNZ,2016-01,0.5362921317073182,28.0,0.7368421052631579,0.5420834680410469,0.5362921317073182,-0.005791336333728747,0.97710091133859,0.8089197470857874,높음
157,B0C2DQMJGQ,2016-01,0.5314812325549694,11.0,0.5238095238095238,0.5050315308127428,0.5314812325549694,0.026449701742226606,0.899605624252073,0.6365483539422885,보통
50,B00GPXTA0C,2016-01,0.509222891032913,13.0,0.5652173913043478,0.5136631579394172,0.509222891032913,-0.004440266906504231,0.9823957304627668,0.6903708930518735,보통
19,B002YPC2NM,2016-01,0.5050614249806405,14.0,0.5833333333333334,0.518210639333627,0.5050614249806405,-0.013149214352986438,0.9487624219325778,0.6929620599131067,보통
49,B00GPXASXK,2016-01,0.49204025048268735,16.0,0.6153846153846154,0.5058775927660405,0.49204025048268735,-0.013837342283353149,0.9461545330142458,0.7146155906735046,보통
0,B0000CF3HB,2016-01,0.4878593815703091,11.0,0.5238095238095238,0.5060481055406926,0.4878593815703091,-0.018188723970383458,0.9298287069434062,0.6456152787496885,보통
127,B07RZ4MGXR,2016-01,0.4841359988026455,33.0,0.7674418604651163,0.49992382221351467,0.4841359988026455,-0.01578782341086915,0.9388014282555368,0.8188497308022424,높음
88,B00W0WXHCO,2016-01,0.39872152864581684,35.0,0.7777777777777778,0.39931186310759165,0.39872152864581684,-0.0005903344617748107,0.9976414479179726,0.8437368788198362,높음
79,B00U1KA12G,2016-01,0.38919821608245175,34.0,0.7727272727272727,0.38102191499493404,0.38919821608245175,0.008176301087517712,0.9678238277933845,0.8312562392471062,높음
113,B07B9N9S1C,2016-01,0.38057825090993086,15.0,0.6,0.3943203599777485,0.38057825090993086,-0.013742109067817643,0.9465150230254221,0.7039545069076266,보통
102,B014LOFZTQ,2016-01,0.3584257526321344,79.0,0.8876404494382022,0.35933470530821104,0.3584257526321344,-0.0009089526760766575,0.9963707908523386,0.920259551862443,높음
107,B016YYQL58,2016-01,0.3329776533855891,36.0,0.782608695652174,0.33443690610039284,0.3329776533855891,-0.0014592527148037382,0.9941799913918109,0.846080084374065,높음
37,B009K2BBQG,2016-01,0.32069146351414013,31.0,0.7560975609756098,0.32920791465169635,0.32069146351414013,-0.008516451137556225,0.9665079019270806,0.8192206632610509,높음
141,B09MQLYPRR,2016-01,0.30781948690749467,32.0,0.7619047619047619,0.3085149682061997,0.30781948690749467,-0.0006954812987050585,0.997221940773299,0.8324999155653229,높음
155,B0BTV3G59T,2016-01,0.2528730552921165,20.0,0.6666666666666666,0.26225811352031086,0.2528730552921165,-0.009385058228194354,0.9631556663833707,0.7556133665816778,높음
3,B000DLB2FI,2016-01,0.17491502631160832,103.0,0.911504424778761,0.16973733980710354,0.17491502631160832,0.005177686504504786,0.979502248522723,0.9319037719019496,높음
